umap_x,umap_y,domain,sample_idx,protected,method
-1.3614678,-1.7257923,BRFSS,168486,,DANN_NHANES
5.8377757,3.156097,BRFSS,328124,,DANN_NHANES
5.6206837,-3.7745562,BRFSS,214465,,DANN_NHANES
-9.7392845,3.9459841,BRFSS,378342,,DANN_NHANES
-2.531656,11.56834,BRFSS,53639,,DANN_NHANES
-1.9597824,-0.7840224,BRFSS,247532,,DANN_NHANES
3.999483,-0.9283958,BRFSS,213098,,DANN_NHANES
-2.3979142,6.381962,BRFSS,297674,,DANN_NHANES
-4.3688264,12.666918,BRFSS,377118,,DANN_NHANES
13.416022,12.889659,BRFSS,420633,,DANN_NHANES
0.28620175,-1.4754301,BRFSS,142239,,DANN_NHANES
-2.093116,-21.139769,BRFSS,273356,,DANN_NHANES
-12.968299,0.01344308,BRFSS,394369,,DANN_NHANES
-1.8039062,7.492599,BRFSS,259428,,DANN_NHANES
-12.835889,-0.2244519,BRFSS,317965,,DANN_NHANES
-0.5856579,-18.570097,BRFSS,173173,,DANN_NHANES
4.3172593,4.0540385,BRFSS,361479,,DANN_NHANES
-9.539916,3.1018314,BRFSS,299716,,DANN_NHANES
6.6535325,-0.68118554,BRFSS,374333,,DANN_NHANES
0.8525853,7.884214,BRFSS,392293,,DANN_NHANES
-2.8059013,12.988435,BRFSS,220389,,DANN_NHANES
-10.778843,3.0813284,BRFSS,26420,,DANN_NHANES
1.0417659,8.010185,BRFSS,19262,,DANN_NHANES
-4.1315312,-20.57001,BRFSS,425104,,DANN_NHANES
4.563758,0.1541719,BRFSS,444858,,DANN_NHANES
-2.1726494,1.2539219,BRFSS,92852,,DANN_NHANES
12.249585,-3.7383306,BRFSS,171659,,DANN_NHANES
-3.0395606,6.195773,BRFSS,197859,,DANN_NHANES
-10.9095125,1.4396775,BRFSS,274255,,DANN_NHANES
-5.2891397,3.7736263,BRFSS,313256,,DANN_NHANES
0.93649226,10.199671,BRFSS,403239,,DANN_NHANES
-0.58962476,-19.306053,BRFSS,221788,,DANN_NHANES
-11.091739,16.31858,NHANES,5585,Non-Hispanic Black,DANN_NHANES
3.5088332,-1.7915616,BRFSS,302244,,DANN_NHANES
4.5685606,-3.1171186,BRFSS,148657,,DANN_NHANES
-12.810256,0.6481976,BRFSS,348442,,DANN_NHANES
-9.666335,3.3661432,BRFSS,182768,,DANN_NHANES
4.747399,-2.275381,BRFSS,57064,,DANN_NHANES
-1.7529632,1.1116354,BRFSS,303471,,DANN_NHANES
0.42590165,-1.6072297,BRFSS,195751,,DANN_NHANES
-0.7725295,8.682602,BRFSS,300378,,DANN_NHANES
13.688169,13.091566,BRFSS,306563,,DANN_NHANES
5.0828843,5.0289884,BRFSS,229153,,DANN_NHANES
-5.261877,3.8740249,BRFSS,224788,,DANN_NHANES
-0.87835336,8.660771,BRFSS,278017,,DANN_NHANES
-0.5275055,11.942792,BRFSS,149508,,DANN_NHANES
6.0160823,1.4577318,BRFSS,333107,,DANN_NHANES
-5.004209,4.9644246,BRFSS,84591,,DANN_NHANES
5.706187,-2.5504768,BRFSS,237839,,DANN_NHANES
0.33322066,8.788702,BRFSS,304737,,DANN_NHANES
-4.3224006,8.459761,BRFSS,133453,,DANN_NHANES
4.92403,-3.558558,BRFSS,85433,,DANN_NHANES
5.842881,5.148306,BRFSS,73963,,DANN_NHANES
-1.1365749,7.143761,BRFSS,354097,,DANN_NHANES
-2.7335384,12.295957,BRFSS,412714,,DANN_NHANES
4.77939,-2.5161905,BRFSS,262237,,DANN_NHANES
-11.188274,1.2047772,BRFSS,93643,,DANN_NHANES
-6.7163157,-15.871443,BRFSS,369805,,DANN_NHANES
9.104546,2.508373,BRFSS,205502,,DANN_NHANES
5.1578455,2.8843746,BRFSS,416075,,DANN_NHANES
-1.2342693,-20.311455,BRFSS,234670,,DANN_NHANES
6.738506,0.07061506,BRFSS,101734,,DANN_NHANES
-9.016316,3.7147567,BRFSS,409784,,DANN_NHANES
-12.209477,1.3098353,BRFSS,420277,,DANN_NHANES
-0.7083978,10.422872,BRFSS,260683,,DANN_NHANES
12.235074,-3.718439,BRFSS,221622,,DANN_NHANES
-0.38631853,12.087026,BRFSS,300521,,DANN_NHANES
-2.6151564,2.4139392,BRFSS,91649,,DANN_NHANES
4.931095,-3.570345,BRFSS,236607,,DANN_NHANES
22.02573,-2.6972444,BRFSS,227154,,DANN_NHANES
-4.9632525,2.9509227,BRFSS,152841,,DANN_NHANES
0.79372233,1.1032684,BRFSS,31376,,DANN_NHANES
5.8788877,0.9212138,BRFSS,188639,,DANN_NHANES
4.173704,-3.5114295,BRFSS,203609,,DANN_NHANES
-3.164424,9.086625,BRFSS,132886,,DANN_NHANES
22.029802,-2.7013562,BRFSS,378781,,DANN_NHANES
-12.700676,0.56227666,BRFSS,212407,,DANN_NHANES
-1.96647,3.2089837,BRFSS,311151,,DANN_NHANES
-12.1271,1.2811753,BRFSS,250636,,DANN_NHANES
4.3793297,-3.3799436,BRFSS,295704,,DANN_NHANES
-10.888902,16.520412,NHANES,1053,Other Race,DANN_NHANES
4.603315,3.2008657,BRFSS,383028,,DANN_NHANES
-2.3876655,-21.320318,BRFSS,182600,,DANN_NHANES
-2.3321688,2.0886838,BRFSS,196438,,DANN_NHANES
-4.820327,4.55053,BRFSS,150708,,DANN_NHANES
-3.2251306,9.545033,BRFSS,114350,,DANN_NHANES
-2.7588677,4.421296,BRFSS,122358,,DANN_NHANES
4.9218397,1.5323932,BRFSS,45052,,DANN_NHANES
-4.2169614,-20.497425,BRFSS,177843,,DANN_NHANES
-4.6544046,3.0859497,BRFSS,358135,,DANN_NHANES
1.072481,14.21834,BRFSS,254764,,DANN_NHANES
1.3702581,2.9465473,BRFSS,68931,,DANN_NHANES
5.4111857,2.1060727,BRFSS,436231,,DANN_NHANES
-9.014732,3.7243643,BRFSS,359617,,DANN_NHANES
4.4063993,0.6667917,BRFSS,333835,,DANN_NHANES
1.2202921,9.798065,BRFSS,103087,,DANN_NHANES
-12.358724,0.43241462,BRFSS,39655,,DANN_NHANES
8.91415,1.2339408,BRFSS,44817,,DANN_NHANES
-3.4751372,2.7738748,BRFSS,262050,,DANN_NHANES
-12.795703,0.628651,BRFSS,70732,,DANN_NHANES
0.7013833,1.0579123,BRFSS,144858,,DANN_NHANES
5.238835,-0.32426336,BRFSS,122748,,DANN_NHANES
4.8719788,-3.3095028,BRFSS,240281,,DANN_NHANES
-9.042509,3.7546759,BRFSS,237865,,DANN_NHANES
-3.6275485,1.4881791,BRFSS,265554,,DANN_NHANES
-1.3694582,7.4733744,BRFSS,135558,,DANN_NHANES
2.1347005,8.786056,BRFSS,109141,,DANN_NHANES
22.447174,-3.1124601,BRFSS,32149,,DANN_NHANES
-2.3006644,8.200349,BRFSS,19169,,DANN_NHANES
-4.6189117,6.1134744,BRFSS,162600,,DANN_NHANES
8.163778,-0.18827562,BRFSS,30340,,DANN_NHANES
6.013344,4.9890256,BRFSS,27473,,DANN_NHANES
4.888375,-0.061891142,BRFSS,171758,,DANN_NHANES
-6.719395,-15.86747,BRFSS,39261,,DANN_NHANES
-0.21817496,2.0535986,BRFSS,339973,,DANN_NHANES
-2.474756,6.747764,BRFSS,92825,,DANN_NHANES
7.304277,-0.19076914,BRFSS,253867,,DANN_NHANES
0.69830436,0.6673411,BRFSS,27543,,DANN_NHANES
-1.4329911,10.4493885,BRFSS,216605,,DANN_NHANES
5.565894,-1.88856,BRFSS,115239,,DANN_NHANES
3.9953241,4.9460692,BRFSS,368573,,DANN_NHANES
-12.220763,0.33750278,BRFSS,109454,,DANN_NHANES
-4.4217687,8.322592,BRFSS,415569,,DANN_NHANES
1.1914395,7.6067705,BRFSS,187674,,DANN_NHANES
-2.0390475,0.43023673,BRFSS,29640,,DANN_NHANES
-2.121335,-21.165932,BRFSS,239144,,DANN_NHANES
1.3002855,-1.0152256,BRFSS,265170,,DANN_NHANES
-9.857731,3.6474602,BRFSS,222886,,DANN_NHANES
4.0060797,-0.6602098,NHANES,7080,Non-Hispanic Black,DANN_NHANES
-9.224728,2.2972367,BRFSS,439040,,DANN_NHANES
-4.889888,4.8756742,BRFSS,347156,,DANN_NHANES
-1.3016288,-0.111410126,NHANES,3439,Mexican American,DANN_NHANES
-4.9521856,12.5900955,BRFSS,233462,,DANN_NHANES
3.862228,-3.155743,BRFSS,53315,,DANN_NHANES
-8.995136,1.6054978,BRFSS,142929,,DANN_NHANES
4.3128347,4.5929475,BRFSS,156871,,DANN_NHANES
12.888343,-5.104685,BRFSS,328349,,DANN_NHANES
3.0834334,-1.5748084,BRFSS,391137,,DANN_NHANES
-1.8923618,0.63408715,BRFSS,75952,,DANN_NHANES
-0.67460126,9.807268,BRFSS,132319,,DANN_NHANES
5.0592694,2.4422622,BRFSS,325316,,DANN_NHANES
5.8423586,0.67572033,BRFSS,289871,,DANN_NHANES
12.376226,-3.9375978,BRFSS,22253,,DANN_NHANES
-1.8536366,-20.959509,BRFSS,410307,,DANN_NHANES
-4.204431,1.7881317,BRFSS,117835,,DANN_NHANES
-1.1303902,5.954994,BRFSS,148670,,DANN_NHANES
-1.6550512,1.542302,BRFSS,424474,,DANN_NHANES
-9.518907,1.4553416,BRFSS,335918,,DANN_NHANES
0.5114324,-0.6984887,BRFSS,422375,,DANN_NHANES
-0.7650722,1.4156363,BRFSS,322097,,DANN_NHANES
3.9826329,0.597243,BRFSS,285446,,DANN_NHANES
-2.6840215,2.4233656,BRFSS,271155,,DANN_NHANES
0.5083099,8.330712,BRFSS,278610,,DANN_NHANES
-10.674435,1.3656532,BRFSS,292596,,DANN_NHANES
1.1963013,1.782035,BRFSS,369600,,DANN_NHANES
0.9748043,14.146027,BRFSS,234423,,DANN_NHANES
-11.212174,2.2736855,BRFSS,89236,,DANN_NHANES
-11.275897,2.1311493,BRFSS,442591,,DANN_NHANES
4.1624947,-0.26480526,BRFSS,407109,,DANN_NHANES
-1.9632947,0.2055167,BRFSS,75075,,DANN_NHANES
-0.026136622,-1.8523633,BRFSS,208910,,DANN_NHANES
-4.302537,-20.400145,BRFSS,43588,,DANN_NHANES
-1.2186468,6.821719,BRFSS,174726,,DANN_NHANES
21.969397,-2.6413076,BRFSS,279558,,DANN_NHANES
6.032694,5.033413,BRFSS,314965,,DANN_NHANES
2.254348,9.272979,BRFSS,338299,,DANN_NHANES
-1.2032256,6.005717,BRFSS,272230,,DANN_NHANES
-3.4988403,2.7603118,BRFSS,156646,,DANN_NHANES
-4.185879,13.909733,BRFSS,107832,,DANN_NHANES
6.249986,0.68341255,BRFSS,437141,,DANN_NHANES
4.7257967,-2.2903123,BRFSS,144221,,DANN_NHANES
-12.621226,0.22327608,BRFSS,190478,,DANN_NHANES
-2.974239,6.2542524,BRFSS,10307,,DANN_NHANES
0.024879346,3.2837427,BRFSS,291025,,DANN_NHANES
-5.0824537,3.1948822,BRFSS,419899,,DANN_NHANES
-11.750115,1.396541,BRFSS,211359,,DANN_NHANES
4.80661,3.5816267,BRFSS,290406,,DANN_NHANES
6.13988,-0.06537822,BRFSS,64493,,DANN_NHANES
-5.0200176,3.0478687,BRFSS,357517,,DANN_NHANES
1.451005,-1.1411629,BRFSS,152941,,DANN_NHANES
-12.573687,0.4495819,BRFSS,383049,,DANN_NHANES
5.3928504,-1.547201,BRFSS,388507,,DANN_NHANES
-0.83726436,5.795939,BRFSS,369280,,DANN_NHANES
-1.1699802,11.43793,BRFSS,232509,,DANN_NHANES
3.1061075,4.7138395,BRFSS,447597,,DANN_NHANES
9.090076,2.5223534,BRFSS,439197,,DANN_NHANES
12.58449,-4.327633,BRFSS,304896,,DANN_NHANES
0.75497615,3.1571114,BRFSS,262290,,DANN_NHANES
13.481899,11.673286,BRFSS,198387,,DANN_NHANES
-2.4362612,4.1841493,BRFSS,153251,,DANN_NHANES
1.8522013,-1.7481229,BRFSS,224149,,DANN_NHANES
1.2693763,8.78659,BRFSS,135895,,DANN_NHANES
-12.357572,1.1011525,BRFSS,89818,,DANN_NHANES
7.6994486,-0.53494984,BRFSS,133345,,DANN_NHANES
-12.137918,1.075452,BRFSS,38643,,DANN_NHANES
0.15639095,1.4892193,BRFSS,242199,,DANN_NHANES
5.451766,-3.9825494,BRFSS,25931,,DANN_NHANES
4.6470265,0.16590698,BRFSS,353563,,DANN_NHANES
-5.389368,3.7437496,BRFSS,179059,,DANN_NHANES
-1.819198,9.15331,BRFSS,12398,,DANN_NHANES
-5.3983536,12.801254,BRFSS,232966,,DANN_NHANES
-12.982497,0.03450171,BRFSS,192053,,DANN_NHANES
0.9810061,10.033751,BRFSS,376292,,DANN_NHANES
-9.037737,2.347244,BRFSS,330509,,DANN_NHANES
-2.4093869,0.124953225,BRFSS,14597,,DANN_NHANES
-0.015683,-1.897981,BRFSS,398344,,DANN_NHANES
-12.233151,0.29256848,BRFSS,118999,,DANN_NHANES
0.084857866,9.0543785,BRFSS,77868,,DANN_NHANES
5.4670944,-3.9776862,BRFSS,270035,,DANN_NHANES
-9.244779,2.233025,BRFSS,324266,,DANN_NHANES
0.041478336,7.686027,BRFSS,370793,,DANN_NHANES
12.2217655,-3.7112854,BRFSS,401428,,DANN_NHANES
-9.574912,1.4276869,BRFSS,325427,,DANN_NHANES
-2.4055128,7.322531,BRFSS,434809,,DANN_NHANES
-0.62637,-19.387278,BRFSS,119934,,DANN_NHANES
-1.6863636,-1.4896599,BRFSS,98046,,DANN_NHANES
-5.9910746,13.033198,BRFSS,181520,,DANN_NHANES
-0.19536002,-1.6714445,BRFSS,222708,,DANN_NHANES
-4.1168704,6.0347815,BRFSS,417423,,DANN_NHANES
6.366144,4.9732604,BRFSS,328293,,DANN_NHANES
-0.11989257,3.1749647,BRFSS,174999,,DANN_NHANES
3.5816166,4.617615,BRFSS,79532,,DANN_NHANES
-9.612766,3.043605,BRFSS,20891,,DANN_NHANES
-9.29524,1.921206,BRFSS,197900,,DANN_NHANES
-2.194488,0.45710263,BRFSS,146407,,DANN_NHANES
-3.0519712,11.833924,BRFSS,45457,,DANN_NHANES
-1.839473,9.541651,BRFSS,323127,,DANN_NHANES
-0.6213145,11.888622,BRFSS,291635,,DANN_NHANES
0.5932417,10.65264,BRFSS,429149,,DANN_NHANES
5.3839245,-2.4506419,BRFSS,209469,,DANN_NHANES
-2.5334945,1.7757374,NHANES,8658,Non-Hispanic Black,DANN_NHANES
-0.3420573,-1.5233691,BRFSS,38514,,DANN_NHANES
-0.45872837,-0.75072813,BRFSS,381551,,DANN_NHANES
0.00837903,11.187699,BRFSS,52947,,DANN_NHANES
6.1796346,-1.9666729,BRFSS,126312,,DANN_NHANES
4.5387,3.6154394,BRFSS,270865,,DANN_NHANES
-2.2095995,6.3052225,BRFSS,370781,,DANN_NHANES
9.398049,2.0654106,BRFSS,416840,,DANN_NHANES
-3.5624464,14.08336,BRFSS,128867,,DANN_NHANES
-4.1761527,13.918489,BRFSS,209664,,DANN_NHANES
5.0149217,2.4182289,BRFSS,14696,,DANN_NHANES
-4.4233203,8.308811,BRFSS,242265,,DANN_NHANES
4.807502,3.8142233,BRFSS,193195,,DANN_NHANES
-0.7011357,-19.521267,BRFSS,119810,,DANN_NHANES
5.3919125,3.8993325,BRFSS,34169,,DANN_NHANES
8.885183,1.6606373,BRFSS,175101,,DANN_NHANES
-1.747867,3.1377747,BRFSS,293896,,DANN_NHANES
-12.8854065,0.5360138,BRFSS,138246,,DANN_NHANES
6.2839227,0.42062992,BRFSS,358237,,DANN_NHANES
3.3385603,-2.6500037,BRFSS,176831,,DANN_NHANES
5.9405336,1.5081682,BRFSS,255717,,DANN_NHANES
-0.2971234,12.160896,BRFSS,227871,,DANN_NHANES
5.2773647,5.0072904,BRFSS,19777,,DANN_NHANES
-9.000852,3.6868374,BRFSS,68582,,DANN_NHANES
-0.28643355,8.044379,BRFSS,280729,,DANN_NHANES
3.489065,-2.3461497,BRFSS,168559,,DANN_NHANES
-9.533498,3.116022,BRFSS,368246,,DANN_NHANES
1.343982,1.8423094,BRFSS,72419,,DANN_NHANES
-4.115139,8.751556,BRFSS,419454,,DANN_NHANES
-12.851104,0.51581824,BRFSS,156918,,DANN_NHANES
-3.0052896,9.01779,BRFSS,314094,,DANN_NHANES
-2.7609107,4.2796283,BRFSS,209200,,DANN_NHANES
-0.609393,9.84361,BRFSS,402826,,DANN_NHANES
-0.5452403,2.187371,BRFSS,438940,,DANN_NHANES
-1.5938076,1.4473383,BRFSS,226752,,DANN_NHANES
-0.72308886,2.1818762,BRFSS,442874,,DANN_NHANES
-1.0674391,11.066586,BRFSS,67689,,DANN_NHANES
0.26704043,13.268973,BRFSS,367720,,DANN_NHANES
-4.7073517,5.6886706,BRFSS,180201,,DANN_NHANES
4.0319653,-0.073602304,BRFSS,35493,,DANN_NHANES
-10.3242,1.1346471,BRFSS,97654,,DANN_NHANES
0.86370915,1.1149348,BRFSS,104860,,DANN_NHANES
8.905968,1.1876642,BRFSS,324919,,DANN_NHANES
-0.39301884,9.341967,BRFSS,268187,,DANN_NHANES
5.230773,-2.1913857,BRFSS,411863,,DANN_NHANES
5.200891,3.112248,BRFSS,325845,,DANN_NHANES
-10.181143,1.8813862,BRFSS,283755,,DANN_NHANES
-4.046826,8.779086,BRFSS,30461,,DANN_NHANES
1.4060031,-1.9064894,BRFSS,202216,,DANN_NHANES
-0.49786907,5.18893,BRFSS,238540,,DANN_NHANES
-5.3877563,3.7434425,BRFSS,61454,,DANN_NHANES
-4.3949437,8.28778,BRFSS,206467,,DANN_NHANES
-1.9313788,-21.0305,BRFSS,75636,,DANN_NHANES
6.3385143,0.44997627,BRFSS,332840,,DANN_NHANES
-2.2914448,8.202321,BRFSS,366144,,DANN_NHANES
0.1506377,13.10304,BRFSS,205240,,DANN_NHANES
4.424919,3.4484377,BRFSS,242873,,DANN_NHANES
-2.002828,1.5049653,BRFSS,130081,,DANN_NHANES
-4.9821577,5.0714593,BRFSS,21675,,DANN_NHANES
6.377513,1.1274642,BRFSS,187276,,DANN_NHANES
7.6769958,-0.56572944,BRFSS,351112,,DANN_NHANES
-0.8903738,8.664721,BRFSS,262729,,DANN_NHANES
3.5559769,-1.4554619,BRFSS,359946,,DANN_NHANES
-0.51339245,5.1221333,BRFSS,66023,,DANN_NHANES
-11.180078,2.1560278,BRFSS,436132,,DANN_NHANES
6.450036,0.50769806,BRFSS,353538,,DANN_NHANES
-12.693165,-0.13023262,NHANES,1339,Non-Hispanic Black,DANN_NHANES
4.3778057,3.4800725,BRFSS,36061,,DANN_NHANES
5.2607775,-4.1936197,BRFSS,219862,,DANN_NHANES
1.2232608,1.8348243,BRFSS,389023,,DANN_NHANES
-3.4057777,6.7562246,BRFSS,421223,,DANN_NHANES
-12.226266,1.3570286,BRFSS,155380,,DANN_NHANES
-10.834922,2.9767957,BRFSS,16935,,DANN_NHANES
5.019365,2.1953845,BRFSS,440884,,DANN_NHANES
2.2809722,9.275452,BRFSS,346412,,DANN_NHANES
22.458246,-3.1234457,BRFSS,36122,,DANN_NHANES
3.6514373,3.4600496,BRFSS,137770,,DANN_NHANES
-1.1999129,9.487232,BRFSS,440023,,DANN_NHANES
0.83997416,8.486596,BRFSS,203191,,DANN_NHANES
6.5304174,0.5576001,BRFSS,131652,,DANN_NHANES
1.7741911,9.355644,BRFSS,217043,,DANN_NHANES
6.749767,0.06543552,BRFSS,273691,,DANN_NHANES
0.38364777,10.808845,BRFSS,76457,,DANN_NHANES
-3.7999437,3.4634087,BRFSS,231179,,DANN_NHANES
0.72113913,9.849906,BRFSS,95919,,DANN_NHANES
-4.59608,12.577733,BRFSS,277593,,DANN_NHANES
5.9641237,3.3309395,BRFSS,253999,,DANN_NHANES
-0.044022076,11.202382,BRFSS,400483,,DANN_NHANES
4.723342,-0.10471624,BRFSS,326282,,DANN_NHANES
-0.7544071,5.733775,BRFSS,234693,,DANN_NHANES
0.20375393,0.31935802,BRFSS,216232,,DANN_NHANES
6.416396,4.9220004,BRFSS,88743,,DANN_NHANES
-6.712541,-15.875852,BRFSS,346104,,DANN_NHANES
5.8790283,3.2685432,BRFSS,278028,,DANN_NHANES
4.700923,-3.164421,BRFSS,359667,,DANN_NHANES
-3.1411564,6.3390436,BRFSS,160245,,DANN_NHANES
-0.4527138,0.79418886,BRFSS,313962,,DANN_NHANES
3.6991289,3.4356909,BRFSS,203115,,DANN_NHANES
9.058883,0.8479706,BRFSS,440921,,DANN_NHANES
4.4484744,-2.7039149,BRFSS,428023,,DANN_NHANES
8.870225,0.48777592,BRFSS,206126,,DANN_NHANES
-6.7142534,-15.874062,BRFSS,305930,,DANN_NHANES
4.9453416,1.7324483,BRFSS,71045,,DANN_NHANES
-4.2534223,-20.460146,BRFSS,96466,,DANN_NHANES
-9.017389,3.461492,BRFSS,197726,,DANN_NHANES
5.95378,4.509929,BRFSS,273419,,DANN_NHANES
4.8019853,3.583901,BRFSS,244048,,DANN_NHANES
6.4897747,-1.6009771,BRFSS,407521,,DANN_NHANES
-1.5710118,6.4990025,BRFSS,84951,,DANN_NHANES
8.665689,-0.11995737,BRFSS,76038,,DANN_NHANES
13.691428,13.0330305,BRFSS,264613,,DANN_NHANES
0.6144543,8.372589,BRFSS,254254,,DANN_NHANES
7.709478,-0.41578066,BRFSS,361426,,DANN_NHANES
-2.2014763,8.291665,BRFSS,327071,,DANN_NHANES
4.850272,3.0800369,BRFSS,194370,,DANN_NHANES
12.373628,-3.933356,BRFSS,195045,,DANN_NHANES
-1.3115333,-20.40536,BRFSS,47185,,DANN_NHANES
0.9452027,-0.69459355,BRFSS,421569,,DANN_NHANES
1.0804825,-1.9254055,BRFSS,306784,,DANN_NHANES
-2.4930348,0.049511388,BRFSS,75143,,DANN_NHANES
3.457728,4.418999,BRFSS,423016,,DANN_NHANES
-4.8407164,4.7388625,BRFSS,435608,,DANN_NHANES
-1.5125812,7.2920704,BRFSS,31880,,DANN_NHANES
3.3839023,3.7150855,BRFSS,394605,,DANN_NHANES
-4.5585303,-19.966152,BRFSS,223977,,DANN_NHANES
5.56058,-3.8085089,BRFSS,230351,,DANN_NHANES
0.7883301,-0.5990993,BRFSS,192031,,DANN_NHANES
-4.662181,-19.787636,BRFSS,386544,,DANN_NHANES
-3.3004642,6.9304824,BRFSS,273284,,DANN_NHANES
-1.2949014,7.575294,BRFSS,10852,,DANN_NHANES
-9.672195,3.1860414,BRFSS,343729,,DANN_NHANES
-3.4378114,14.042319,BRFSS,386243,,DANN_NHANES
-9.458279,2.7792823,BRFSS,46562,,DANN_NHANES
-12.127455,1.2889781,BRFSS,449928,,DANN_NHANES
-1.6881001,-20.794178,BRFSS,71853,,DANN_NHANES
3.8836775,4.630809,BRFSS,52660,,DANN_NHANES
-3.5728505,3.689331,BRFSS,409113,,DANN_NHANES
12.542491,-4.2515645,BRFSS,318157,,DANN_NHANES
-0.5295684,5.102925,BRFSS,173511,,DANN_NHANES
0.93571424,7.5543885,BRFSS,125209,,DANN_NHANES
-6.697924,-15.890781,BRFSS,49655,,DANN_NHANES
4.5216384,4.323841,BRFSS,409733,,DANN_NHANES
1.5238774,-1.7578617,BRFSS,320334,,DANN_NHANES
-11.090127,1.6642716,BRFSS,93432,,DANN_NHANES
13.581611,13.015899,BRFSS,144415,,DANN_NHANES
0.13828811,-1.7546093,BRFSS,291912,,DANN_NHANES
4.2717633,-0.90396136,BRFSS,410342,,DANN_NHANES
-0.55949014,1.1260674,BRFSS,422394,,DANN_NHANES
13.704708,13.110722,BRFSS,39310,,DANN_NHANES
-2.2593355,8.7907,BRFSS,312760,,DANN_NHANES
-0.21943381,9.446432,BRFSS,287960,,DANN_NHANES
12.763998,-4.817661,BRFSS,21271,,DANN_NHANES
-12.833171,-0.23994829,BRFSS,76895,,DANN_NHANES
4.632795,0.39014894,BRFSS,297773,,DANN_NHANES
6.1986732,-0.62545615,BRFSS,62317,,DANN_NHANES
-2.433158,6.377149,BRFSS,11106,,DANN_NHANES
5.1788707,4.990083,BRFSS,265038,,DANN_NHANES
0.22549242,-0.7120519,BRFSS,373172,,DANN_NHANES
1.4108254,8.674862,BRFSS,285945,,DANN_NHANES
-0.13344821,3.1439025,BRFSS,248465,,DANN_NHANES
-2.7924428,12.856126,BRFSS,412353,,DANN_NHANES
-0.08684177,7.632793,BRFSS,98100,,DANN_NHANES
0.43898717,-1.4919515,BRFSS,359418,,DANN_NHANES
-3.1331656,9.122413,BRFSS,201856,,DANN_NHANES
5.1212373,1.345476,BRFSS,62788,,DANN_NHANES
-1.0616059,-20.079918,BRFSS,23313,,DANN_NHANES
-4.515236,3.1192296,BRFSS,171756,,DANN_NHANES
-12.480638,1.2421423,BRFSS,393168,,DANN_NHANES
6.029311,-1.280828,BRFSS,115669,,DANN_NHANES
-0.94425654,-19.920895,BRFSS,129330,,DANN_NHANES
1.1575564,9.812291,BRFSS,446252,,DANN_NHANES
-4.1069975,8.7301445,BRFSS,313327,,DANN_NHANES
9.41575,2.0191963,BRFSS,265705,,DANN_NHANES
-1.8519392,-20.957745,BRFSS,177555,,DANN_NHANES
3.3892748,-2.6284118,BRFSS,28085,,DANN_NHANES
1.3787729,2.9601977,BRFSS,364732,,DANN_NHANES
1.442227,-1.868171,BRFSS,108225,,DANN_NHANES
5.953777,-2.0686119,BRFSS,62631,,DANN_NHANES
3.5183997,3.627062,BRFSS,210903,,DANN_NHANES
1.2354256,8.770749,BRFSS,76687,,DANN_NHANES
4.9969716,2.200128,BRFSS,202192,,DANN_NHANES
0.481445,1.6697879,BRFSS,297983,,DANN_NHANES
8.908037,0.39327186,BRFSS,415628,,DANN_NHANES
-1.0070504,-19.998,BRFSS,236902,,DANN_NHANES
-0.04551769,7.681112,NHANES,1534,Non-Hispanic Asian,DANN_NHANES
0.92613995,14.099652,BRFSS,152797,,DANN_NHANES
0.8283419,1.0940565,BRFSS,264952,,DANN_NHANES
3.9521613,0.4094102,BRFSS,269980,,DANN_NHANES
0.5385414,-0.8441707,BRFSS,201637,,DANN_NHANES
2.4702446,9.24293,BRFSS,225129,,DANN_NHANES
-2.3867083,8.083531,BRFSS,389158,,DANN_NHANES
6.1860476,-0.2814493,BRFSS,382695,,DANN_NHANES
4.0659995,0.25415275,BRFSS,372901,,DANN_NHANES
-9.989726,3.6305914,BRFSS,422678,,DANN_NHANES
5.1981974,-1.2942573,BRFSS,396789,,DANN_NHANES
9.154526,2.4191177,BRFSS,129498,,DANN_NHANES
-0.39109302,0.17609201,BRFSS,432109,,DANN_NHANES
4.3704743,4.546341,NHANES,6365,Other Hispanic,DANN_NHANES
-1.9028221,0.653627,BRFSS,124641,,DANN_NHANES
-1.3423924,-20.438728,BRFSS,261248,,DANN_NHANES
-0.47384396,-18.948553,BRFSS,74360,,DANN_NHANES
-0.36431584,-1.5881237,BRFSS,283160,,DANN_NHANES
7.5360646,-0.53905606,BRFSS,419122,,DANN_NHANES
-12.736965,-0.0022855913,BRFSS,276474,,DANN_NHANES
1.4903545,3.7800262,BRFSS,79945,,DANN_NHANES
0.2814707,0.0305706,BRFSS,114485,,DANN_NHANES
-4.237812,1.8268414,BRFSS,247716,,DANN_NHANES
-0.61938006,-19.381306,BRFSS,62058,,DANN_NHANES
-1.1369529,7.1504736,BRFSS,274606,,DANN_NHANES
-4.037863,1.7260116,BRFSS,321152,,DANN_NHANES
-10.327856,1.1369882,BRFSS,341471,,DANN_NHANES
-3.2210686,9.545307,BRFSS,232696,,DANN_NHANES
-2.3354301,3.803755,BRFSS,178611,,DANN_NHANES
-1.2839006,7.5722494,BRFSS,18341,,DANN_NHANES
-1.6455258,-0.028636606,BRFSS,433399,,DANN_NHANES
4.5349693,1.4643054,BRFSS,276710,,DANN_NHANES
-2.3834329,-21.315342,BRFSS,46015,,DANN_NHANES
5.4114394,-2.462464,BRFSS,377946,,DANN_NHANES
6.1254687,-0.31355527,BRFSS,198906,,DANN_NHANES
5.557588,-3.6482792,BRFSS,350516,,DANN_NHANES
-1.9090301,9.5116625,BRFSS,193055,,DANN_NHANES
-5.2621727,3.7332368,BRFSS,329886,,DANN_NHANES
6.35691,1.14462,BRFSS,397512,,DANN_NHANES
-4.2519207,1.8771392,BRFSS,182933,,DANN_NHANES
5.5417814,1.9150707,BRFSS,350037,,DANN_NHANES
3.6921482,-1.4184322,BRFSS,418971,,DANN_NHANES
22.448853,-3.1141086,BRFSS,446681,,DANN_NHANES
8.908379,1.5179589,BRFSS,165279,,DANN_NHANES
4.408916,-1.4066222,BRFSS,115454,,DANN_NHANES
3.6048994,4.7745495,BRFSS,339418,,DANN_NHANES
-1.287936,9.916218,BRFSS,403199,,DANN_NHANES
-1.0790883,-20.098982,BRFSS,265075,,DANN_NHANES
-11.078953,16.331186,NHANES,1524,Non-Hispanic Black,DANN_NHANES
-12.084667,1.3436285,BRFSS,70283,,DANN_NHANES
4.7415357,2.0602598,BRFSS,170543,,DANN_NHANES
-12.867823,-0.18762782,BRFSS,251463,,DANN_NHANES
-4.3042464,5.460085,BRFSS,352669,,DANN_NHANES
-4.1833844,13.912283,BRFSS,416251,,DANN_NHANES
-1.9935064,6.6863365,BRFSS,37504,,DANN_NHANES
9.381323,2.102729,BRFSS,358609,,DANN_NHANES
4.267982,4.3644714,BRFSS,65859,,DANN_NHANES
-1.6049806,1.1400986,BRFSS,41744,,DANN_NHANES
-3.9790518,13.986447,BRFSS,423405,,DANN_NHANES
4.182605,5.0151634,BRFSS,214296,,DANN_NHANES
-1.5781482,0.23085721,BRFSS,80153,,DANN_NHANES
-4.223504,1.7954681,BRFSS,141445,,DANN_NHANES
21.97287,-2.6447475,BRFSS,107216,,DANN_NHANES
0.89059246,9.972135,BRFSS,235695,,DANN_NHANES
-0.5341348,5.120944,BRFSS,62994,,DANN_NHANES
1.4543871,-1.8701315,BRFSS,77239,,DANN_NHANES
4.1833043,-3.3430765,BRFSS,385608,,DANN_NHANES
-9.659828,1.6849389,BRFSS,47734,,DANN_NHANES
-2.4347053,0.201502,BRFSS,132368,,DANN_NHANES
4.6702323,-1.7320989,BRFSS,9688,,DANN_NHANES
-3.0708327,8.976014,BRFSS,29350,,DANN_NHANES
-12.590727,0.6517663,BRFSS,231699,,DANN_NHANES
-5.2867484,3.7707746,BRFSS,119104,,DANN_NHANES
-2.2626393,3.619766,BRFSS,225748,,DANN_NHANES
1.8735629,9.359874,BRFSS,26566,,DANN_NHANES
-0.5510983,1.1227102,BRFSS,300506,,DANN_NHANES
12.440971,-4.0368423,BRFSS,133395,,DANN_NHANES
5.8816113,3.257764,BRFSS,96625,,DANN_NHANES
9.2227545,2.1879888,BRFSS,326876,,DANN_NHANES
-0.058067236,3.881984,BRFSS,205141,,DANN_NHANES
5.022358,-1.6623996,BRFSS,69220,,DANN_NHANES
-11.308857,2.2076898,BRFSS,140176,,DANN_NHANES
0.43672797,0.2774727,BRFSS,89929,,DANN_NHANES
-5.382748,3.8521783,BRFSS,379979,,DANN_NHANES
4.4996037,-2.6307614,NHANES,7606,Non-Hispanic White,DANN_NHANES
-3.141949,9.0672865,BRFSS,89615,,DANN_NHANES
9.045802,0.7950334,BRFSS,85651,,DANN_NHANES
1.0275558,14.192132,BRFSS,83575,,DANN_NHANES
-10.085411,2.0433865,BRFSS,100740,,DANN_NHANES
-2.5941966,3.4153566,BRFSS,313415,,DANN_NHANES
-0.6489121,11.552499,BRFSS,402522,,DANN_NHANES
8.4633045,-0.34825274,BRFSS,416227,,DANN_NHANES
6.322127,-1.4498689,BRFSS,301262,,DANN_NHANES
-4.9488115,5.163612,BRFSS,428194,,DANN_NHANES
5.5629025,-3.7932239,BRFSS,385333,,DANN_NHANES
-9.536339,1.5425304,BRFSS,407069,,DANN_NHANES
6.3979335,0.03563173,BRFSS,269285,,DANN_NHANES
-3.127703,9.326735,BRFSS,177773,,DANN_NHANES
-4.3568964,12.695988,BRFSS,384231,,DANN_NHANES
6.430292,-1.9667348,BRFSS,208311,,DANN_NHANES
4.2369785,4.3616257,BRFSS,407245,,DANN_NHANES
3.6608367,3.4634647,BRFSS,27341,,DANN_NHANES
-10.930233,16.479177,NHANES,6019,Non-Hispanic Black,DANN_NHANES
-6.721941,-15.864973,BRFSS,18005,,DANN_NHANES
1.8853928,9.338909,BRFSS,414548,,DANN_NHANES
-0.3329722,9.369098,BRFSS,332139,,DANN_NHANES
-12.983861,0.041560516,BRFSS,307551,,DANN_NHANES
0.8407506,9.20113,BRFSS,229253,,DANN_NHANES
-4.3560925,12.670706,BRFSS,375151,,DANN_NHANES
-10.152736,1.2476382,BRFSS,372541,,DANN_NHANES
4.810322,2.0438154,BRFSS,252330,,DANN_NHANES
0.81726,2.8222327,BRFSS,313435,,DANN_NHANES
5.8446846,4.4840436,BRFSS,324603,,DANN_NHANES
-4.2823997,5.468426,BRFSS,173674,,DANN_NHANES
-4.5731273,-19.950775,BRFSS,302059,,DANN_NHANES
0.08010796,12.968176,BRFSS,196285,,DANN_NHANES
-3.3072944,2.5347726,BRFSS,379427,,DANN_NHANES
4.044866,-0.70146775,BRFSS,36816,,DANN_NHANES
-0.63213116,-19.399641,BRFSS,188956,,DANN_NHANES
0.3701919,-1.8200691,BRFSS,351745,,DANN_NHANES
0.86026925,-1.8475239,BRFSS,44709,,DANN_NHANES
-10.889908,2.6845536,BRFSS,430342,,DANN_NHANES
4.5976973,-0.66251564,BRFSS,212090,,DANN_NHANES
4.1690764,-3.5373857,BRFSS,126828,,DANN_NHANES
-9.482158,3.8696742,BRFSS,253778,,DANN_NHANES
4.807899,2.040177,BRFSS,61714,,DANN_NHANES
-12.602762,1.0362086,BRFSS,252676,,DANN_NHANES
-3.711257,3.368764,BRFSS,424545,,DANN_NHANES
-4.4916167,3.3210504,BRFSS,140839,,DANN_NHANES
8.080629,-0.25896418,BRFSS,35940,,DANN_NHANES
-0.8494016,2.1858335,BRFSS,407074,,DANN_NHANES
-0.51535285,5.11089,BRFSS,78060,,DANN_NHANES
-11.480811,0.5077419,BRFSS,360210,,DANN_NHANES
-1.7316327,10.297976,BRFSS,328756,,DANN_NHANES
3.533325,3.6696377,BRFSS,352824,,DANN_NHANES
5.355598,-3.9148083,BRFSS,287273,,DANN_NHANES
0.88478637,2.3921041,BRFSS,108730,,DANN_NHANES
5.837944,5.140072,BRFSS,168663,,DANN_NHANES
-1.650693,6.6216683,BRFSS,264216,,DANN_NHANES
1.1774256,2.3530247,BRFSS,321153,,DANN_NHANES
-4.857235,4.701486,BRFSS,324237,,DANN_NHANES
0.4239713,2.9635215,BRFSS,54203,,DANN_NHANES
-2.6535912,8.891534,BRFSS,143336,,DANN_NHANES
5.886588,5.1490645,BRFSS,70148,,DANN_NHANES
6.247806,-0.6673102,BRFSS,158278,,DANN_NHANES
4.2067847,5.0738163,BRFSS,390392,,DANN_NHANES
-4.5543666,3.1454365,BRFSS,295470,,DANN_NHANES
1.2217369,8.761438,BRFSS,176656,,DANN_NHANES
-0.01818256,-1.8533412,BRFSS,206493,,DANN_NHANES
1.1237893,-1.9211822,BRFSS,361087,,DANN_NHANES
-1.194995,5.9949036,BRFSS,80510,,DANN_NHANES
-0.662764,5.6525955,BRFSS,278052,,DANN_NHANES
2.1862526,8.857308,BRFSS,297739,,DANN_NHANES
-12.312265,1.3697485,BRFSS,169559,,DANN_NHANES
-12.638468,-0.09616044,BRFSS,94625,,DANN_NHANES
13.673951,13.084467,BRFSS,157765,,DANN_NHANES
-0.111704834,7.2534876,BRFSS,393951,,DANN_NHANES
5.306852,3.4049692,BRFSS,405627,,DANN_NHANES
4.6905527,-0.61798054,BRFSS,15557,,DANN_NHANES
6.280825,-0.6834561,BRFSS,268818,,DANN_NHANES
3.3107831,-1.9153916,BRFSS,19348,,DANN_NHANES
3.312265,-2.5509644,BRFSS,107853,,DANN_NHANES
-10.430229,2.277469,BRFSS,229535,,DANN_NHANES
5.912909,-2.4186149,BRFSS,125795,,DANN_NHANES
-2.9618185,9.600485,BRFSS,32259,,DANN_NHANES
6.5619698,0.63628864,BRFSS,226980,,DANN_NHANES
-4.1756167,13.919736,BRFSS,309430,,DANN_NHANES
-6.705032,-15.886969,BRFSS,389718,,DANN_NHANES
4.5732236,-3.0951245,BRFSS,267220,,DANN_NHANES
-0.11612249,-0.20213883,BRFSS,324262,,DANN_NHANES
-10.117472,3.6470068,BRFSS,213517,,DANN_NHANES
-9.482383,2.7977564,BRFSS,62324,,DANN_NHANES
12.844677,-5.0256476,BRFSS,109848,,DANN_NHANES
-1.2300236,-20.30689,BRFSS,131760,,DANN_NHANES
-3.178176,12.146652,BRFSS,115770,,DANN_NHANES
0.18630378,13.157709,BRFSS,232620,,DANN_NHANES
4.912327,1.716881,BRFSS,79546,,DANN_NHANES
-0.1617683,3.1238198,BRFSS,247809,,DANN_NHANES
-0.9342674,-19.911573,BRFSS,177729,,DANN_NHANES
-11.442066,0.42701343,NHANES,8407,Non-Hispanic Black,DANN_NHANES
4.468946,-2.6615214,BRFSS,236007,,DANN_NHANES
1.2690333,2.9000192,BRFSS,101990,,DANN_NHANES
0.779248,3.176029,BRFSS,217403,,DANN_NHANES
4.864418,3.339118,BRFSS,434387,,DANN_NHANES
3.4118943,4.432494,BRFSS,105470,,DANN_NHANES
-9.810008,3.881438,BRFSS,251514,,DANN_NHANES
-0.010437439,0.65788096,BRFSS,193192,,DANN_NHANES
0.111723945,2.1428921,BRFSS,351282,,DANN_NHANES
4.6259933,-2.3020442,BRFSS,189720,,DANN_NHANES
13.441106,11.802821,BRFSS,55628,,DANN_NHANES
-2.8642287,13.208327,BRFSS,83891,,DANN_NHANES
1.3907285,3.9821455,BRFSS,356426,,DANN_NHANES
-4.0903316,8.820679,BRFSS,48120,,DANN_NHANES
-4.831793,12.549634,BRFSS,177204,,DANN_NHANES
-1.7605811,1.1316439,BRFSS,26601,,DANN_NHANES
3.9978592,0.2901097,BRFSS,118135,,DANN_NHANES
-1.9157441,11.336395,BRFSS,47926,,DANN_NHANES
-9.217469,1.7376705,BRFSS,183568,,DANN_NHANES
-1.89264,-20.991344,BRFSS,338133,,DANN_NHANES
8.800091,0.29042733,BRFSS,234209,,DANN_NHANES
-2.5737107,3.5060995,BRFSS,438598,,DANN_NHANES
8.619544,-0.16290867,BRFSS,205469,,DANN_NHANES
3.4784455,-2.3236415,BRFSS,274894,,DANN_NHANES
-0.39818177,-1.6451488,BRFSS,371835,,DANN_NHANES
8.869984,1.7407347,BRFSS,417405,,DANN_NHANES
3.960399,4.3934216,NHANES,5511,Non-Hispanic Asian,DANN_NHANES
-0.526312,2.3822162,BRFSS,202835,,DANN_NHANES
4.210174,4.758227,BRFSS,136648,,DANN_NHANES
5.590768,-0.29899752,BRFSS,445973,,DANN_NHANES
-0.014704853,3.8959994,BRFSS,303069,,DANN_NHANES
-1.963982,6.4440646,BRFSS,70978,,DANN_NHANES
-10.170438,2.405483,BRFSS,302565,,DANN_NHANES
1.0006884,14.168419,BRFSS,285669,,DANN_NHANES
8.89338,0.6665525,BRFSS,293878,,DANN_NHANES
-1.9015069,9.534914,BRFSS,32037,,DANN_NHANES
-0.507145,5.165665,BRFSS,241833,,DANN_NHANES
12.443952,-4.0523376,BRFSS,288496,,DANN_NHANES
-1.3989007,1.4954801,BRFSS,314445,,DANN_NHANES
-4.387626,8.288274,BRFSS,410477,,DANN_NHANES
6.247541,0.99080306,BRFSS,298527,,DANN_NHANES
4.5412064,4.3027906,BRFSS,338418,,DANN_NHANES
9.1736145,2.3773267,BRFSS,399584,,DANN_NHANES
3.1589065,4.4770927,BRFSS,231583,,DANN_NHANES
6.0314217,-1.239341,BRFSS,406196,,DANN_NHANES
-12.880482,0.022306832,BRFSS,56879,,DANN_NHANES
0.96030664,10.188471,BRFSS,264682,,DANN_NHANES
5.9691653,3.3461351,BRFSS,238893,,DANN_NHANES
4.6388226,1.7380824,BRFSS,178309,,DANN_NHANES
-4.7183676,2.666825,BRFSS,312582,,DANN_NHANES
-0.5404211,9.889285,BRFSS,164004,,DANN_NHANES
3.119513,4.6647215,BRFSS,413215,,DANN_NHANES
0.0050879815,11.007553,BRFSS,316108,,DANN_NHANES
-1.463905,0.068552986,BRFSS,438149,,DANN_NHANES
2.9540129,-1.4245148,BRFSS,10502,,DANN_NHANES
6.3939586,-0.54448056,BRFSS,359109,,DANN_NHANES
-1.3871142,2.2006881,BRFSS,326699,,DANN_NHANES
1.0243989,14.194,BRFSS,96477,,DANN_NHANES
-0.5642573,-0.64130837,BRFSS,297230,,DANN_NHANES
-6.716483,-15.87147,BRFSS,86968,,DANN_NHANES
-0.8732001,8.622452,BRFSS,68694,,DANN_NHANES
-10.872869,3.0269337,BRFSS,349702,,DANN_NHANES
22.450897,-3.1161213,BRFSS,219114,,DANN_NHANES
-12.403099,0.021178598,BRFSS,389203,,DANN_NHANES
-0.056499224,11.001318,BRFSS,311706,,DANN_NHANES
-0.5033161,8.8244505,BRFSS,340784,,DANN_NHANES
-0.7059414,0.7785976,BRFSS,228163,,DANN_NHANES
-0.0016412484,2.1073112,BRFSS,75703,,DANN_NHANES
1.1503788,-1.9328166,BRFSS,387242,,DANN_NHANES
4.653382,1.7179139,BRFSS,277095,,DANN_NHANES
-2.950985,6.2279773,BRFSS,415415,,DANN_NHANES
3.367773,-1.856206,BRFSS,427409,,DANN_NHANES
8.56535,-0.19217616,BRFSS,144344,,DANN_NHANES
22.447914,-3.1131718,BRFSS,14520,,DANN_NHANES
6.2839093,0.09808584,BRFSS,366370,,DANN_NHANES
-1.0783587,-20.100487,BRFSS,58564,,DANN_NHANES
-5.332271,3.9422646,BRFSS,151224,,DANN_NHANES
0.79958546,8.469256,BRFSS,50284,,DANN_NHANES
-0.78127754,10.360565,BRFSS,162439,,DANN_NHANES
6.6422086,-1.3970096,BRFSS,382773,,DANN_NHANES
-0.31709343,-1.775145,BRFSS,100679,,DANN_NHANES
-5.409736,12.810627,BRFSS,32870,,DANN_NHANES
0.67412394,3.848014,BRFSS,132335,,DANN_NHANES
6.3492374,-1.4403853,BRFSS,263106,,DANN_NHANES
-4.4551578,-20.164524,BRFSS,351245,,DANN_NHANES
0.011373487,7.716957,BRFSS,189862,,DANN_NHANES
-4.443142,-20.178726,BRFSS,348430,,DANN_NHANES
0.22851859,13.212419,BRFSS,266344,,DANN_NHANES
-1.4033922,1.2785683,BRFSS,349378,,DANN_NHANES
5.2851458,-2.1881356,BRFSS,374687,,DANN_NHANES
4.088719,4.6366835,BRFSS,317641,,DANN_NHANES
6.080279,1.2372993,BRFSS,434379,,DANN_NHANES
-3.6623106,3.416272,BRFSS,436061,,DANN_NHANES
4.782584,0.2583225,BRFSS,433866,,DANN_NHANES
-2.7520056,2.3351138,BRFSS,367131,,DANN_NHANES
-3.5313187,14.065875,BRFSS,392968,,DANN_NHANES
-1.6092713,8.120798,BRFSS,167869,,DANN_NHANES
-4.366503,12.665681,BRFSS,9992,,DANN_NHANES
1.0186708,1.4454495,BRFSS,239082,,DANN_NHANES
-9.258643,3.815296,BRFSS,400245,,DANN_NHANES
13.701039,13.107504,BRFSS,57310,,DANN_NHANES
-1.9039781,6.7625337,BRFSS,254641,,DANN_NHANES
-1.8341571,-1.1283869,BRFSS,248303,,DANN_NHANES
-9.240971,2.02302,BRFSS,55037,,DANN_NHANES
6.3155723,1.1286126,BRFSS,433029,,DANN_NHANES
-2.8619545,13.204682,BRFSS,95489,,DANN_NHANES
5.033088,5.0542865,BRFSS,361584,,DANN_NHANES
-1.4337724,-0.06963405,BRFSS,27175,,DANN_NHANES
-1.4974998,-1.6180667,BRFSS,381570,,DANN_NHANES
0.7841256,8.483473,BRFSS,246022,,DANN_NHANES
13.704329,13.113325,BRFSS,224586,,DANN_NHANES
-9.46251,2.7971385,BRFSS,143724,,DANN_NHANES
12.846753,-5.0275764,BRFSS,201940,,DANN_NHANES
9.263297,2.072573,BRFSS,314900,,DANN_NHANES
-4.342469,12.668301,NHANES,5003,Non-Hispanic Black,DANN_NHANES
-11.089522,16.320782,NHANES,1912,Non-Hispanic Black,DANN_NHANES
-1.3825996,-1.705337,BRFSS,359842,,DANN_NHANES
5.533479,4.039722,BRFSS,62410,,DANN_NHANES
-10.815158,3.0845163,BRFSS,444185,,DANN_NHANES
3.4632077,4.313594,BRFSS,387315,,DANN_NHANES
-1.8429673,9.549739,BRFSS,245871,,DANN_NHANES
-2.4833014,6.698656,BRFSS,268599,,DANN_NHANES
-2.8567672,13.190903,BRFSS,282919,,DANN_NHANES
5.2630696,-4.210449,BRFSS,350880,,DANN_NHANES
-10.634656,2.365701,BRFSS,28718,,DANN_NHANES
12.704173,-4.663306,BRFSS,232482,,DANN_NHANES
13.483854,11.667824,BRFSS,41645,,DANN_NHANES
-0.99852556,-19.993559,BRFSS,235526,,DANN_NHANES
5.8218064,4.468801,BRFSS,379145,,DANN_NHANES
-1.1971009,6.000825,BRFSS,280452,,DANN_NHANES
-0.8987349,6.899123,BRFSS,114601,,DANN_NHANES
-1.6989155,6.5815477,BRFSS,304166,,DANN_NHANES
8.660587,0.1366488,NHANES,5099,Non-Hispanic White,DANN_NHANES
4.8445725,3.3923707,BRFSS,271103,,DANN_NHANES
-1.2769411,-20.370203,BRFSS,259597,,DANN_NHANES
-0.69337523,9.781391,BRFSS,356568,,DANN_NHANES
5.4120793,-3.6205664,BRFSS,244217,,DANN_NHANES
-9.021568,2.5800338,BRFSS,259412,,DANN_NHANES
-4.1415625,8.75678,BRFSS,411255,,DANN_NHANES
12.452547,-4.0623403,BRFSS,20418,,DANN_NHANES
-2.4898884,0.21813355,BRFSS,169198,,DANN_NHANES
0.3217227,3.7532978,BRFSS,207187,,DANN_NHANES
3.3687432,3.7342043,BRFSS,48554,,DANN_NHANES
-1.8699731,3.1719527,BRFSS,248065,,DANN_NHANES
5.218325,-0.3324735,BRFSS,317619,,DANN_NHANES
-1.9154048,-21.014143,BRFSS,235976,,DANN_NHANES
0.9530829,10.029914,BRFSS,83217,,DANN_NHANES
-0.14343466,3.1532807,BRFSS,170393,,DANN_NHANES
5.025492,2.4408739,BRFSS,368768,,DANN_NHANES
-1.2031399,7.111277,BRFSS,394483,,DANN_NHANES
-1.9417806,-0.80226564,BRFSS,382296,,DANN_NHANES
5.5448937,-2.3392465,BRFSS,270221,,DANN_NHANES
-5.7396994,12.949197,BRFSS,271352,,DANN_NHANES
0.31048417,3.7665746,BRFSS,103377,,DANN_NHANES
12.904759,-5.1236205,BRFSS,205876,,DANN_NHANES
5.082285,-3.9143164,BRFSS,331181,,DANN_NHANES
-9.702912,3.0733135,BRFSS,217238,,DANN_NHANES
-3.0317,6.510743,BRFSS,286502,,DANN_NHANES
-9.986066,3.7536721,BRFSS,213288,,DANN_NHANES
-2.654858,4.275758,BRFSS,302440,,DANN_NHANES
12.342699,-3.8798046,BRFSS,131165,,DANN_NHANES
-4.2233562,1.7190619,BRFSS,141644,,DANN_NHANES
-1.4909099,8.839938,BRFSS,326827,,DANN_NHANES
-3.6214516,14.050655,BRFSS,227762,,DANN_NHANES
8.346113,-0.17965409,BRFSS,71215,,DANN_NHANES
-12.683689,0.88192487,BRFSS,70912,,DANN_NHANES
-12.801247,-0.1310575,BRFSS,264798,,DANN_NHANES
-4.0866823,3.0626185,BRFSS,386865,,DANN_NHANES
13.689994,13.100388,BRFSS,367190,,DANN_NHANES
-3.9245715,1.8491797,BRFSS,171345,,DANN_NHANES
-0.7238804,1.716627,BRFSS,219552,,DANN_NHANES
-4.8900757,5.2378407,BRFSS,431663,,DANN_NHANES
2.314221,-1.4654297,BRFSS,426113,,DANN_NHANES
-1.7196498,10.313048,BRFSS,314697,,DANN_NHANES
-6.6991463,-15.889922,BRFSS,94004,,DANN_NHANES
-1.9983923,-0.7977461,BRFSS,246705,,DANN_NHANES
-0.046665598,3.9028766,BRFSS,396340,,DANN_NHANES
-4.173161,13.925762,BRFSS,427525,,DANN_NHANES
-1.8824265,-20.984533,BRFSS,223750,,DANN_NHANES
5.2434783,3.1414082,BRFSS,390600,,DANN_NHANES
3.497488,4.4316864,BRFSS,449764,,DANN_NHANES
-3.2272022,9.548721,BRFSS,181631,,DANN_NHANES
1.2424979,2.398875,BRFSS,95475,,DANN_NHANES
-3.6158948,3.337602,BRFSS,219038,,DANN_NHANES
3.9521036,-0.96253294,BRFSS,61457,,DANN_NHANES
-4.027107,8.943888,BRFSS,410560,,DANN_NHANES
1.8376777,-1.3050168,BRFSS,240494,,DANN_NHANES
1.1185178,7.5703454,BRFSS,259991,,DANN_NHANES
9.164831,2.4035273,BRFSS,444243,,DANN_NHANES
0.7885788,13.954071,BRFSS,261335,,DANN_NHANES
7.6907454,-0.5460512,BRFSS,438548,,DANN_NHANES
-1.2795993,7.035608,BRFSS,420255,,DANN_NHANES
-5.9672356,13.025712,BRFSS,128599,,DANN_NHANES
0.77698666,9.926827,BRFSS,328559,,DANN_NHANES
0.8965171,3.6080317,BRFSS,66132,,DANN_NHANES
3.8361437,4.4407496,BRFSS,211080,,DANN_NHANES
3.374251,4.325927,BRFSS,155267,,DANN_NHANES
-11.076898,16.333385,NHANES,4454,Non-Hispanic Black,DANN_NHANES
-8.939601,2.335405,BRFSS,292179,,DANN_NHANES
-3.2252192,9.544927,BRFSS,318385,,DANN_NHANES
0.11121446,3.8006861,BRFSS,340835,,DANN_NHANES
-4.0890307,1.8496567,BRFSS,18024,,DANN_NHANES
6.2573953,-0.14936285,BRFSS,96691,,DANN_NHANES
-0.6307621,-19.397507,BRFSS,121540,,DANN_NHANES
-10.984703,2.6730607,BRFSS,153794,,DANN_NHANES
3.6618366,3.4636607,BRFSS,275546,,DANN_NHANES
2.4869804,9.232675,BRFSS,69528,,DANN_NHANES
2.5016253,9.227315,BRFSS,123523,,DANN_NHANES
-1.6117777,2.8192825,BRFSS,119995,,DANN_NHANES
-2.6993976,12.264222,BRFSS,193647,,DANN_NHANES
4.424394,-0.7006411,NHANES,4325,Non-Hispanic White,DANN_NHANES
-9.759054,3.9217415,BRFSS,166299,,DANN_NHANES
-0.60272944,1.1313744,BRFSS,420041,,DANN_NHANES
-4.9952507,4.8637595,BRFSS,327718,,DANN_NHANES
-3.6658454,1.6455295,BRFSS,207759,,DANN_NHANES
-0.40173063,-0.8214007,BRFSS,359388,,DANN_NHANES
-0.14865938,9.451052,BRFSS,385173,,DANN_NHANES
-4.97088,2.9213269,BRFSS,363015,,DANN_NHANES
-2.6107097,2.411062,BRFSS,73781,,DANN_NHANES
3.4523933,-2.3382494,BRFSS,203108,,DANN_NHANES
-0.45264885,1.3640777,BRFSS,89503,,DANN_NHANES
8.923545,1.4460045,BRFSS,164765,,DANN_NHANES
-8.959442,3.6715577,BRFSS,93217,,DANN_NHANES
0.016903477,12.869556,BRFSS,79032,,DANN_NHANES
-5.7844534,12.966252,BRFSS,437825,,DANN_NHANES
5.257612,-0.3120565,BRFSS,338623,,DANN_NHANES
5.7562904,-0.24080217,BRFSS,37562,,DANN_NHANES
-1.7444893,3.1431851,BRFSS,138284,,DANN_NHANES
1.3692042,1.8569303,BRFSS,156956,,DANN_NHANES
-5.303515,3.7405443,BRFSS,31134,,DANN_NHANES
5.0996385,1.3187344,BRFSS,112250,,DANN_NHANES
-0.25788388,2.9799066,BRFSS,138944,,DANN_NHANES
4.2326245,-3.3780258,BRFSS,231975,,DANN_NHANES
-9.09768,3.4963613,BRFSS,89026,,DANN_NHANES
3.9267619,3.677206,BRFSS,178462,,DANN_NHANES
0.60231405,1.4099227,BRFSS,111619,,DANN_NHANES
0.27399412,1.6897098,BRFSS,297936,,DANN_NHANES
-1.8191825,-20.930883,BRFSS,305155,,DANN_NHANES
-0.46842036,-18.933556,BRFSS,261658,,DANN_NHANES
0.87516755,9.2878275,BRFSS,427922,,DANN_NHANES
9.24866,2.3111227,BRFSS,234869,,DANN_NHANES
-0.7331857,-19.560102,BRFSS,419388,,DANN_NHANES
-10.074704,3.6622343,BRFSS,299566,,DANN_NHANES
0.36404392,2.7251422,BRFSS,404023,,DANN_NHANES
0.7978333,-0.5865071,BRFSS,294880,,DANN_NHANES
-4.990295,5.0499563,BRFSS,106168,,DANN_NHANES
-5.2811418,3.7676647,BRFSS,331713,,DANN_NHANES
-11.43601,0.5255083,BRFSS,305333,,DANN_NHANES
-2.5024621,2.3613777,BRFSS,158640,,DANN_NHANES
-0.31917188,8.313138,BRFSS,277928,,DANN_NHANES
-0.5375011,-18.648823,BRFSS,127513,,DANN_NHANES
-10.622593,2.089696,BRFSS,384956,,DANN_NHANES
-10.317509,2.1450007,BRFSS,216971,,DANN_NHANES
5.125387,4.327255,BRFSS,168564,,DANN_NHANES
9.038655,1.6844738,NHANES,6317,Non-Hispanic White,DANN_NHANES
-2.5378516,0.18631205,BRFSS,30151,,DANN_NHANES
-12.267614,0.89001834,BRFSS,409867,,DANN_NHANES
5.8751187,3.2518628,BRFSS,33988,,DANN_NHANES
6.2675543,-0.6759686,BRFSS,50663,,DANN_NHANES
3.3630526,-1.835472,BRFSS,182024,,DANN_NHANES
-3.447321,2.6272194,BRFSS,70619,,DANN_NHANES
3.6091998,-1.4161264,BRFSS,404130,,DANN_NHANES
6.5550876,-1.494964,BRFSS,252548,,DANN_NHANES
4.531096,3.219567,BRFSS,94613,,DANN_NHANES
-11.112371,1.3730686,BRFSS,223142,,DANN_NHANES
22.44808,-3.1133397,BRFSS,362707,,DANN_NHANES
-3.1124961,11.82121,BRFSS,369609,,DANN_NHANES
8.493585,-0.18207556,BRFSS,276848,,DANN_NHANES
-9.029439,3.5444648,BRFSS,89254,,DANN_NHANES
4.4343143,-0.68881196,BRFSS,248429,,DANN_NHANES
1.6142646,-1.2109591,BRFSS,448688,,DANN_NHANES
0.064139485,7.7513323,BRFSS,415379,,DANN_NHANES
5.7219996,4.018692,BRFSS,400353,,DANN_NHANES
0.7284097,13.882957,BRFSS,441600,,DANN_NHANES
6.362127,1.1779779,BRFSS,99667,,DANN_NHANES
0.07008479,9.062937,BRFSS,132143,,DANN_NHANES
-0.2951174,2.0789092,BRFSS,95234,,DANN_NHANES
-0.25043803,2.943423,BRFSS,33260,,DANN_NHANES
-2.8473415,9.071171,BRFSS,365791,,DANN_NHANES
4.9679956,2.3961692,BRFSS,382634,,DANN_NHANES
-8.973023,1.5912758,BRFSS,57660,,DANN_NHANES
-3.6088536,1.4600344,BRFSS,292967,,DANN_NHANES
-4.164269,13.922296,BRFSS,166114,,DANN_NHANES
1.4177325,3.9907718,BRFSS,258613,,DANN_NHANES
0.09499069,0.045676306,BRFSS,115584,,DANN_NHANES
-4.5243545,3.521076,BRFSS,255304,,DANN_NHANES
-4.5642533,6.0700626,BRFSS,315928,,DANN_NHANES
-0.6642894,10.419138,BRFSS,102069,,DANN_NHANES
4.950068,2.7347834,BRFSS,182734,,DANN_NHANES
0.10300745,0.026820112,BRFSS,382515,,DANN_NHANES
-9.665881,1.7266294,BRFSS,139763,,DANN_NHANES
22.449358,-3.1146023,BRFSS,198416,,DANN_NHANES
5.3328204,3.40474,BRFSS,235051,,DANN_NHANES
-1.371452,2.1773643,BRFSS,162348,,DANN_NHANES
-3.8749263,5.7720027,BRFSS,355807,,DANN_NHANES
-12.83743,0.534002,BRFSS,335702,,DANN_NHANES
1.1764754,9.756005,BRFSS,314921,,DANN_NHANES
-12.852985,-0.18272777,BRFSS,250954,,DANN_NHANES
6.339303,1.1122577,BRFSS,46815,,DANN_NHANES
-3.6726153,2.4107127,BRFSS,437192,,DANN_NHANES
0.90031266,9.290715,BRFSS,79091,,DANN_NHANES
4.6475277,3.1818058,BRFSS,279167,,DANN_NHANES
-9.6013365,3.628103,BRFSS,99156,,DANN_NHANES
0.20472977,0.5270307,BRFSS,201152,,DANN_NHANES
4.1009064,-0.01596911,BRFSS,175491,,DANN_NHANES
-0.24593396,-1.6191044,BRFSS,301874,,DANN_NHANES
-2.793451,12.860876,BRFSS,315741,,DANN_NHANES
-3.1645362,13.778216,BRFSS,74932,,DANN_NHANES
1.3187954,3.4359944,BRFSS,48670,,DANN_NHANES
5.973561,-1.3199829,BRFSS,331861,,DANN_NHANES
-4.238905,-20.478065,BRFSS,91896,,DANN_NHANES
5.1520452,2.2556448,BRFSS,64467,,DANN_NHANES
1.4658808,-1.843701,BRFSS,362467,,DANN_NHANES
-9.587698,2.7721114,BRFSS,216649,,DANN_NHANES
-0.81098443,11.5176,BRFSS,260281,,DANN_NHANES
5.6517434,-2.28105,BRFSS,302171,,DANN_NHANES
7.1152854,-0.1461931,BRFSS,17680,,DANN_NHANES
-9.079142,1.7575203,BRFSS,387073,,DANN_NHANES
-2.3875704,2.3383079,BRFSS,34289,,DANN_NHANES
-4.162448,-20.540648,BRFSS,117311,,DANN_NHANES
13.528194,12.980988,BRFSS,46547,,DANN_NHANES
3.1044476,4.5579705,NHANES,6405,Non-Hispanic White,DANN_NHANES
12.292371,-3.7982295,BRFSS,252372,,DANN_NHANES
6.3633223,1.0945922,BRFSS,449235,,DANN_NHANES
-0.2593956,1.8335766,BRFSS,103257,,DANN_NHANES
-0.56091416,5.0855246,BRFSS,249008,,DANN_NHANES
-1.304374,7.5307693,BRFSS,352802,,DANN_NHANES
-11.061669,16.348614,NHANES,7170,Non-Hispanic White,DANN_NHANES
-2.5689876,3.5202396,BRFSS,413948,,DANN_NHANES
-4.5477247,6.0803466,BRFSS,434918,,DANN_NHANES
6.126054,4.566776,BRFSS,169122,,DANN_NHANES
-3.5592692,1.4233708,BRFSS,265163,,DANN_NHANES
-12.350397,0.8547149,BRFSS,264137,,DANN_NHANES
-1.6180366,7.629145,BRFSS,394452,,DANN_NHANES
0.8994357,1.3904877,BRFSS,145941,,DANN_NHANES
0.60833824,-1.838087,BRFSS,371942,,DANN_NHANES
-1.1371392,11.0429945,BRFSS,22739,,DANN_NHANES
-11.440154,0.5007247,BRFSS,274898,,DANN_NHANES
-0.14891548,7.234527,BRFSS,93005,,DANN_NHANES
0.6516783,-1.9106028,BRFSS,367709,,DANN_NHANES
1.3387774,1.8460877,BRFSS,152969,,DANN_NHANES
0.41144997,10.585988,BRFSS,166467,,DANN_NHANES
-1.676004,3.3645704,BRFSS,10711,,DANN_NHANES
-10.12803,1.9086498,BRFSS,341902,,DANN_NHANES
0.11489161,2.1638265,BRFSS,51151,,DANN_NHANES
12.832918,-4.993256,BRFSS,126831,,DANN_NHANES
-10.127432,1.9573169,NHANES,1263,Other Hispanic,DANN_NHANES
5.3446527,3.3837368,BRFSS,361975,,DANN_NHANES
6.58521,-1.914597,BRFSS,192431,,DANN_NHANES
1.2512782,3.7391143,BRFSS,78536,,DANN_NHANES
-0.47455156,9.336144,BRFSS,285001,,DANN_NHANES
-2.6980672,2.4040532,BRFSS,302805,,DANN_NHANES
-2.445507,0.20610341,BRFSS,53992,,DANN_NHANES
-1.0871769,11.765784,BRFSS,83335,,DANN_NHANES
-2.6296735,8.9144,BRFSS,426347,,DANN_NHANES
-4.544554,3.2483222,BRFSS,381053,,DANN_NHANES
8.054941,-0.27324894,NHANES,8222,Non-Hispanic White,DANN_NHANES
1.1727377,9.773008,BRFSS,288809,,DANN_NHANES
-1.635709,1.4198041,BRFSS,408823,,DANN_NHANES
-1.5271271,6.5378723,BRFSS,429294,,DANN_NHANES
5.5947266,4.3897243,BRFSS,322449,,DANN_NHANES
-1.0346239,7.942195,BRFSS,222288,,DANN_NHANES
-10.060125,3.6888156,BRFSS,87889,,DANN_NHANES
-5.3859043,3.7431064,BRFSS,177451,,DANN_NHANES
-2.2965057,0.18403481,BRFSS,118743,,DANN_NHANES
5.339003,1.1062682,NHANES,3529,Non-Hispanic Black,DANN_NHANES
-10.737257,3.0419211,BRFSS,190148,,DANN_NHANES
8.393825,-0.38945776,BRFSS,431750,,DANN_NHANES
0.6509055,3.0577571,BRFSS,20957,,DANN_NHANES
4.5962386,-0.65536577,BRFSS,427615,,DANN_NHANES
-12.838755,0.6688679,BRFSS,430481,,DANN_NHANES
12.926576,-5.1669683,BRFSS,416330,,DANN_NHANES
6.4245515,4.9562917,BRFSS,231317,,DANN_NHANES
-0.49814877,-18.801682,BRFSS,84677,,DANN_NHANES
22.166668,-2.8366063,BRFSS,395595,,DANN_NHANES
-3.6802294,3.2624803,BRFSS,221463,,DANN_NHANES
3.1247113,4.745884,BRFSS,240777,,DANN_NHANES
1.2659755,1.5611961,BRFSS,310319,,DANN_NHANES
-1.8312467,6.3264494,BRFSS,121353,,DANN_NHANES
1.5357769,8.75562,BRFSS,174655,,DANN_NHANES
13.6110735,13.044624,BRFSS,392780,,DANN_NHANES
4.143571,-3.5527248,BRFSS,32160,,DANN_NHANES
-1.1529433,9.020607,BRFSS,54228,,DANN_NHANES
-2.117429,10.056296,BRFSS,100139,,DANN_NHANES
0.9772708,-1.7315035,BRFSS,164119,,DANN_NHANES
-10.948982,1.3664182,BRFSS,379719,,DANN_NHANES
0.0996025,9.05667,BRFSS,287733,,DANN_NHANES
5.496603,4.3939376,BRFSS,361566,,DANN_NHANES
-1.2363573,-20.316181,BRFSS,389603,,DANN_NHANES
2.3007324,9.277869,BRFSS,342019,,DANN_NHANES
-1.3086557,-20.403395,BRFSS,125950,,DANN_NHANES
-0.5511639,-18.624073,BRFSS,270314,,DANN_NHANES
-0.5661657,1.3761796,BRFSS,341211,,DANN_NHANES
-3.8560953,3.527006,BRFSS,408368,,DANN_NHANES
-1.0958011,11.69087,BRFSS,269536,,DANN_NHANES
-2.3629315,6.4208016,BRFSS,401493,,DANN_NHANES
4.0243254,0.23640336,BRFSS,443253,,DANN_NHANES
4.810641,1.68488,BRFSS,400177,,DANN_NHANES
-0.58439136,11.549929,BRFSS,383801,,DANN_NHANES
0.77663904,13.940286,BRFSS,128630,,DANN_NHANES
6.2195883,-2.182446,BRFSS,268667,,DANN_NHANES
-0.607418,-18.539463,BRFSS,150223,,DANN_NHANES
-4.215938,-20.501244,BRFSS,332169,,DANN_NHANES
12.78306,-4.8755207,BRFSS,396499,,DANN_NHANES
-0.043233253,3.9116259,BRFSS,417359,,DANN_NHANES
0.53325963,7.849909,BRFSS,110255,,DANN_NHANES
8.885176,1.6736139,BRFSS,405921,,DANN_NHANES
5.284836,4.8866076,BRFSS,148165,,DANN_NHANES
22.438831,-3.1040337,BRFSS,18876,,DANN_NHANES
-2.2051616,8.846033,BRFSS,405731,,DANN_NHANES
-4.2888985,5.468305,BRFSS,180837,,DANN_NHANES
5.833751,-0.07091225,BRFSS,196040,,DANN_NHANES
4.0586495,-3.4431531,BRFSS,216599,,DANN_NHANES
3.4437697,4.4367995,BRFSS,283498,,DANN_NHANES
0.9038593,-1.8217031,BRFSS,414169,,DANN_NHANES
-9.971748,1.9756199,BRFSS,274264,,DANN_NHANES
9.119738,2.473316,BRFSS,272455,,DANN_NHANES
-0.8509043,7.7993407,BRFSS,375671,,DANN_NHANES
-4.592912,6.0973663,BRFSS,298039,,DANN_NHANES
6.3726816,-0.84709793,BRFSS,68942,,DANN_NHANES
-1.1730398,10.642685,BRFSS,83764,,DANN_NHANES
8.290517,-0.55356157,BRFSS,442553,,DANN_NHANES
-4.3142743,-20.388374,BRFSS,90998,,DANN_NHANES
5.7094884,-1.7885779,BRFSS,402015,,DANN_NHANES
4.153823,-3.5136898,BRFSS,278192,,DANN_NHANES
0.8271751,3.5372915,BRFSS,344976,,DANN_NHANES
21.95479,-2.6268232,BRFSS,226008,,DANN_NHANES
-4.2082486,-20.507446,BRFSS,120949,,DANN_NHANES
5.7345414,0.95659876,BRFSS,224361,,DANN_NHANES
-2.7989469,4.2756767,BRFSS,35613,,DANN_NHANES
6.442284,0.5012323,BRFSS,42451,,DANN_NHANES
-3.85245,3.8526487,BRFSS,212474,,DANN_NHANES
-3.3227756,12.099743,BRFSS,425370,,DANN_NHANES
1.4147383,-1.8894309,BRFSS,211913,,DANN_NHANES
-8.999966,1.6063094,BRFSS,273660,,DANN_NHANES
8.979008,1.0094953,BRFSS,26162,,DANN_NHANES
5.4873557,-3.959214,BRFSS,322636,,DANN_NHANES
-11.164345,2.155029,BRFSS,421394,,DANN_NHANES
-1.0308797,11.084276,BRFSS,288766,,DANN_NHANES
6.368386,1.2625748,BRFSS,253515,,DANN_NHANES
1.8845997,-1.6304873,BRFSS,84428,,DANN_NHANES
-1.6780297,1.1010883,BRFSS,113980,,DANN_NHANES
5.296128,3.9482648,BRFSS,368762,,DANN_NHANES
3.6977847,3.4132469,BRFSS,78054,,DANN_NHANES
3.4734766,4.4244246,BRFSS,40585,,DANN_NHANES
4.6858397,4.278091,BRFSS,126227,,DANN_NHANES
-0.61374426,-18.5306,BRFSS,261407,,DANN_NHANES
0.3055598,1.6718148,BRFSS,171039,,DANN_NHANES
-2.3819032,-0.012160314,BRFSS,30653,,DANN_NHANES
6.6457634,-0.7237906,BRFSS,184018,,DANN_NHANES
1.0983472,7.5641065,BRFSS,200562,,DANN_NHANES
-1.0467845,11.781238,BRFSS,303548,,DANN_NHANES
-0.23615535,2.9252858,BRFSS,167056,,DANN_NHANES
-10.204555,2.37584,BRFSS,20470,,DANN_NHANES
-0.42441267,0.57785225,BRFSS,411916,,DANN_NHANES
-2.3013158,3.5895195,BRFSS,153550,,DANN_NHANES
-0.7062808,-19.531828,BRFSS,51060,,DANN_NHANES
-3.2694616,6.739801,BRFSS,317444,,DANN_NHANES
-3.7215781,2.9598145,BRFSS,262983,,DANN_NHANES
-2.1815374,3.572786,BRFSS,405360,,DANN_NHANES
-11.283509,2.2200568,BRFSS,214125,,DANN_NHANES
5.008639,0.6306735,BRFSS,410120,,DANN_NHANES
-12.382539,1.3422868,BRFSS,118301,,DANN_NHANES
-11.080997,16.329327,NHANES,3487,Non-Hispanic White,DANN_NHANES
-4.531034,3.1538851,BRFSS,260591,,DANN_NHANES
-4.09417,8.913657,BRFSS,22000,,DANN_NHANES
0.1414859,11.009286,BRFSS,434605,,DANN_NHANES
0.8175888,13.9852,BRFSS,173508,,DANN_NHANES
6.471454,5.002808,BRFSS,228376,,DANN_NHANES
-4.8564816,3.1355484,BRFSS,91678,,DANN_NHANES
5.9694004,-0.40104496,BRFSS,106890,,DANN_NHANES
-2.4666748,6.3277807,BRFSS,291119,,DANN_NHANES
-2.3996508,11.874381,BRFSS,49142,,DANN_NHANES
-12.947622,-0.019674595,BRFSS,72165,,DANN_NHANES
5.5502887,1.9130657,BRFSS,348958,,DANN_NHANES
-10.844852,16.56474,PIMA,720,Pima Indian,DANN_NHANES
0.95717937,2.4101906,BRFSS,311487,,DANN_NHANES
-4.075345,-20.591581,BRFSS,113941,,DANN_NHANES
-0.13791877,-1.6353976,BRFSS,168480,,DANN_NHANES
-1.9055074,0.3336306,BRFSS,394916,,DANN_NHANES
22.205318,-2.874628,BRFSS,132012,,DANN_NHANES
0.6186689,3.8267913,BRFSS,16620,,DANN_NHANES
0.26120758,13.265895,BRFSS,166092,,DANN_NHANES
6.3582067,1.1213764,BRFSS,419603,,DANN_NHANES
-2.125605,10.330982,BRFSS,219342,,DANN_NHANES
5.155792,2.7710261,BRFSS,350118,,DANN_NHANES
-3.9633222,1.959754,BRFSS,122911,,DANN_NHANES
5.6417646,1.1636752,BRFSS,295457,,DANN_NHANES
-1.3073446,6.7335367,BRFSS,109521,,DANN_NHANES
-6.721319,-15.867269,BRFSS,169629,,DANN_NHANES
-11.332493,0.51183665,BRFSS,60389,,DANN_NHANES
8.886291,1.4067312,BRFSS,358888,,DANN_NHANES
6.3687925,4.9080954,BRFSS,42361,,DANN_NHANES
5.952743,1.572471,BRFSS,156559,,DANN_NHANES
3.857845,4.1909237,BRFSS,263539,,DANN_NHANES
-11.752721,0.39081535,BRFSS,283735,,DANN_NHANES
8.878719,1.4743056,BRFSS,168102,,DANN_NHANES
-1.430647,9.820644,BRFSS,48359,,DANN_NHANES
0.110660546,-1.915451,BRFSS,401406,,DANN_NHANES
-4.216839,-20.49826,BRFSS,118306,,DANN_NHANES
-0.63245887,-19.398169,BRFSS,272070,,DANN_NHANES
-11.076243,2.5077052,BRFSS,236034,,DANN_NHANES
5.0879617,0.680051,BRFSS,391807,,DANN_NHANES
7.9326077,-0.40720034,BRFSS,275522,,DANN_NHANES
-0.48575798,7.041201,BRFSS,70646,,DANN_NHANES
2.1494443,8.825377,BRFSS,416669,,DANN_NHANES
5.8275166,3.1415708,BRFSS,58122,,DANN_NHANES
7.9031157,-0.41265792,BRFSS,274192,,DANN_NHANES
-0.087207645,3.19785,BRFSS,95360,,DANN_NHANES
-12.721591,0.77639866,BRFSS,69199,,DANN_NHANES
4.8291993,3.087161,BRFSS,390994,,DANN_NHANES
6.221509,-2.2332568,BRFSS,349335,,DANN_NHANES
-5.981406,13.031274,BRFSS,355880,,DANN_NHANES
-2.381809,-0.031951476,BRFSS,104054,,DANN_NHANES
-0.79874873,2.4005935,BRFSS,43709,,DANN_NHANES
0.007291425,8.150307,BRFSS,282514,,DANN_NHANES
8.516966,-0.2084304,BRFSS,48110,,DANN_NHANES
-0.37713325,9.35117,BRFSS,127833,,DANN_NHANES
5.9749784,1.4970074,BRFSS,392287,,DANN_NHANES
1.9521482,9.332562,BRFSS,320240,,DANN_NHANES
-1.6621276,3.3848076,BRFSS,320963,,DANN_NHANES
0.2620219,10.8343115,BRFSS,268185,,DANN_NHANES
-0.64018524,5.5949545,BRFSS,113095,,DANN_NHANES
6.091995,-2.2812822,BRFSS,361347,,DANN_NHANES
-6.734337,-15.853632,BRFSS,111119,,DANN_NHANES
5.000675,2.4173965,BRFSS,301978,,DANN_NHANES
-0.7635613,11.5363455,BRFSS,390207,,DANN_NHANES
1.3409094,8.837183,BRFSS,372832,,DANN_NHANES
1.1440223,-1.923165,BRFSS,44726,,DANN_NHANES
5.2545576,-4.194966,BRFSS,151365,,DANN_NHANES
0.21368854,1.4915228,BRFSS,236294,,DANN_NHANES
-1.9909512,1.7206904,BRFSS,372359,,DANN_NHANES
-0.6292107,11.766113,BRFSS,91787,,DANN_NHANES
-2.7811182,8.809363,BRFSS,67056,,DANN_NHANES
0.86719704,1.1038984,BRFSS,86460,,DANN_NHANES
-11.108277,16.302135,NHANES,7510,Non-Hispanic White,DANN_NHANES
-1.9629365,1.5016776,BRFSS,407417,,DANN_NHANES
3.197237,4.7128024,BRFSS,101804,,DANN_NHANES
2.452352,9.24855,BRFSS,444341,,DANN_NHANES
-0.47865176,-18.966818,BRFSS,276906,,DANN_NHANES
8.371968,-0.34293634,BRFSS,257098,,DANN_NHANES
12.489081,-4.1250625,BRFSS,30210,,DANN_NHANES
-3.0771132,8.985252,BRFSS,29242,,DANN_NHANES
-2.0899534,-1.0800993,BRFSS,103888,,DANN_NHANES
-4.195592,5.4652424,BRFSS,13234,,DANN_NHANES
-12.487924,0.6142363,BRFSS,382066,,DANN_NHANES
-2.0567405,-0.92096037,BRFSS,382791,,DANN_NHANES
-10.913507,16.495926,PIMA,390,Pima Indian,DANN_NHANES
-12.964323,0.044575516,BRFSS,124494,,DANN_NHANES
-10.867787,16.54153,PIMA,77,Pima Indian,DANN_NHANES
-0.94896245,-1.5341618,BRFSS,444576,,DANN_NHANES
4.264635,4.9407444,BRFSS,88919,,DANN_NHANES
-10.862605,16.546745,NHANES,2679,Non-Hispanic Asian,DANN_NHANES
0.6682198,3.1387155,BRFSS,321573,,DANN_NHANES
1.1665671,9.8012905,BRFSS,330133,,DANN_NHANES
-1.1164588,11.45467,BRFSS,111657,,DANN_NHANES
-2.6309054,8.361446,BRFSS,134245,,DANN_NHANES
0.7278389,10.335708,BRFSS,440540,,DANN_NHANES
-9.400249,3.168283,BRFSS,139220,,DANN_NHANES
-1.4555962,-1.6184175,BRFSS,448493,,DANN_NHANES
-0.48529628,-18.833748,BRFSS,371180,,DANN_NHANES
0.0017148606,3.8879223,BRFSS,99960,,DANN_NHANES
0.09520661,-1.122882,BRFSS,212638,,DANN_NHANES
-0.5867704,-18.567472,BRFSS,21064,,DANN_NHANES
1.1136506,3.693081,BRFSS,264271,,DANN_NHANES
0.43745592,0.49868962,BRFSS,20852,,DANN_NHANES
8.666904,0.10422791,BRFSS,344274,,DANN_NHANES
5.0415606,1.7369212,BRFSS,70433,,DANN_NHANES
-2.1005578,-21.149841,BRFSS,114164,,DANN_NHANES
5.6844516,0.97112507,BRFSS,10515,,DANN_NHANES
5.372716,2.1363728,BRFSS,319303,,DANN_NHANES
6.5299225,0.7265031,BRFSS,367108,,DANN_NHANES
3.8728242,0.356903,BRFSS,389042,,DANN_NHANES
-4.381259,-20.292023,BRFSS,188436,,DANN_NHANES
12.604781,-4.3834734,BRFSS,404217,,DANN_NHANES
5.571565,-3.801427,BRFSS,385504,,DANN_NHANES
-2.65573,8.889835,BRFSS,270588,,DANN_NHANES
6.3478794,-0.058503304,BRFSS,76529,,DANN_NHANES
4.7332582,-3.1345975,BRFSS,68516,,DANN_NHANES
-0.5641726,11.912973,BRFSS,128157,,DANN_NHANES
4.8545885,3.3382015,BRFSS,162321,,DANN_NHANES
-4.715148,5.692069,BRFSS,245344,,DANN_NHANES
-3.7156599,1.6600556,BRFSS,262922,,DANN_NHANES
-6.6838403,-15.904214,BRFSS,19006,,DANN_NHANES
-0.31095496,-1.5540521,BRFSS,318947,,DANN_NHANES
0.9661699,3.8518786,BRFSS,427901,,DANN_NHANES
-1.7522388,6.387812,BRFSS,420140,,DANN_NHANES
4.2882605,-0.8852109,BRFSS,282394,,DANN_NHANES
5.942423,-1.3042749,BRFSS,104925,,DANN_NHANES
-2.7471492,12.287228,BRFSS,26609,,DANN_NHANES
4.3926234,-3.5029528,BRFSS,66371,,DANN_NHANES
-9.926917,1.2783656,BRFSS,421335,,DANN_NHANES
-2.1915038,7.602009,BRFSS,165091,,DANN_NHANES
-0.50896317,0.5876306,BRFSS,181939,,DANN_NHANES
3.3593996,3.7236814,BRFSS,309343,,DANN_NHANES
4.7163353,-1.696895,BRFSS,93334,,DANN_NHANES
8.3505335,-0.16654302,BRFSS,71846,,DANN_NHANES
-4.9432607,5.1954803,BRFSS,236078,,DANN_NHANES
0.69818205,1.3866942,BRFSS,143863,,DANN_NHANES
-0.34461308,-0.67588395,BRFSS,15231,,DANN_NHANES
4.0210094,4.932265,BRFSS,444423,,DANN_NHANES
-1.8937981,4.134204,BRFSS,225784,,DANN_NHANES
13.530162,12.984375,BRFSS,187483,,DANN_NHANES
1.1879772,-1.936352,BRFSS,268947,,DANN_NHANES
-3.4564438,6.67164,BRFSS,329384,,DANN_NHANES
8.285372,-0.17251705,BRFSS,233688,,DANN_NHANES
-0.18711767,8.076814,NHANES,8032,Non-Hispanic Black,DANN_NHANES
4.4588966,4.3221526,BRFSS,58931,,DANN_NHANES
4.9672747,-1.2782314,BRFSS,435798,,DANN_NHANES
6.6724243,-0.694381,BRFSS,354243,,DANN_NHANES
5.991497,5.0892944,BRFSS,353778,,DANN_NHANES
-1.9676857,6.4158974,BRFSS,234449,,DANN_NHANES
-2.6006484,2.3348606,BRFSS,64656,,DANN_NHANES
-4.1883087,1.95165,BRFSS,251331,,DANN_NHANES
-9.300163,2.4420822,BRFSS,13727,,DANN_NHANES
-1.6737746,6.4062214,BRFSS,76590,,DANN_NHANES
-0.45137116,2.1369689,BRFSS,267681,,DANN_NHANES
-4.663362,6.05876,BRFSS,72452,,DANN_NHANES
-4.129753,8.773192,BRFSS,164115,,DANN_NHANES
13.44959,12.916674,BRFSS,248370,,DANN_NHANES
4.676278,2.9882624,BRFSS,406304,,DANN_NHANES
4.6656904,-1.7129164,BRFSS,275507,,DANN_NHANES
-0.8313501,5.7885427,BRFSS,257169,,DANN_NHANES
4.811239,-0.9351334,BRFSS,20943,,DANN_NHANES
-8.881118,2.8835964,BRFSS,444622,,DANN_NHANES
5.9086194,5.1192245,BRFSS,171467,,DANN_NHANES
3.5839741,4.453815,BRFSS,87494,,DANN_NHANES
-0.40718123,-0.8120394,BRFSS,359511,,DANN_NHANES
-1.9048302,3.1559954,BRFSS,140355,,DANN_NHANES
5.9891233,1.4840543,BRFSS,388263,,DANN_NHANES
-3.5087745,14.084572,BRFSS,244084,,DANN_NHANES
5.496975,4.1884294,BRFSS,342799,,DANN_NHANES
-2.0182283,-21.097147,BRFSS,52212,,DANN_NHANES
-2.0392947,10.149765,BRFSS,122473,,DANN_NHANES
-1.5566189,3.1240304,BRFSS,38956,,DANN_NHANES
-4.6336956,2.568887,BRFSS,242353,,DANN_NHANES
-0.362103,-0.77529657,BRFSS,358105,,DANN_NHANES
-0.6880406,10.408358,BRFSS,26680,,DANN_NHANES
-10.19807,2.383025,BRFSS,13063,,DANN_NHANES
-2.0192049,-1.019153,BRFSS,254302,,DANN_NHANES
-11.08941,16.321075,NHANES,4005,Non-Hispanic Black,DANN_NHANES
-2.0968554,-1.0325243,BRFSS,246830,,DANN_NHANES
-3.436723,6.778318,BRFSS,108473,,DANN_NHANES
5.345001,-3.8879097,BRFSS,403867,,DANN_NHANES
-8.937619,2.5051026,BRFSS,430680,,DANN_NHANES
4.66252,-1.7076784,BRFSS,248659,,DANN_NHANES
0.40440467,-0.7634156,BRFSS,251009,,DANN_NHANES
4.9389496,-1.3043249,BRFSS,21036,,DANN_NHANES
-2.8683345,13.214482,BRFSS,232202,,DANN_NHANES
3.573139,3.5656922,BRFSS,58882,,DANN_NHANES
-2.0686057,-1.0050097,BRFSS,111587,,DANN_NHANES
-0.27567032,8.068903,BRFSS,161300,,DANN_NHANES
0.45395693,10.064983,BRFSS,258965,,DANN_NHANES
-10.293215,2.2447152,BRFSS,304637,,DANN_NHANES
22.123768,-2.794381,BRFSS,10119,,DANN_NHANES
-3.4253025,6.753961,BRFSS,218249,,DANN_NHANES
-2.6062903,3.449672,BRFSS,362651,,DANN_NHANES
-0.4734311,-18.946732,BRFSS,303276,,DANN_NHANES
0.21408556,-1.7591038,BRFSS,154343,,DANN_NHANES
0.49927416,-1.7643392,BRFSS,403719,,DANN_NHANES
-3.4466383,2.6187668,BRFSS,110339,,DANN_NHANES
-9.642392,3.8961565,BRFSS,145160,,DANN_NHANES
-10.903338,1.6010668,BRFSS,80318,,DANN_NHANES
-4.1881423,5.1453276,BRFSS,374210,,DANN_NHANES
5.836166,3.1491148,BRFSS,442710,,DANN_NHANES
-0.57964694,-19.33291,BRFSS,235538,,DANN_NHANES
1.2461426,1.8116078,BRFSS,186738,,DANN_NHANES
4.2755795,4.9194617,BRFSS,209953,,DANN_NHANES
0.98841155,14.159986,BRFSS,260562,,DANN_NHANES
-8.917952,2.8843532,BRFSS,249640,,DANN_NHANES
5.7475114,-0.2313894,BRFSS,186383,,DANN_NHANES
1.3109058,8.818632,BRFSS,52445,,DANN_NHANES
-5.0270905,4.8107347,BRFSS,228852,,DANN_NHANES
13.688722,13.097878,BRFSS,436501,,DANN_NHANES
5.92101,-2.1230981,BRFSS,261509,,DANN_NHANES
1.2489874,3.3992155,BRFSS,313918,,DANN_NHANES
-5.0070753,3.0865839,BRFSS,397278,,DANN_NHANES
-4.1949105,-20.521645,BRFSS,269722,,DANN_NHANES
-2.8615491,13.172127,BRFSS,83484,,DANN_NHANES
1.9375831,-1.3771923,BRFSS,450155,,DANN_NHANES
6.3649487,1.173775,BRFSS,343674,,DANN_NHANES
5.972754,3.3549173,BRFSS,82437,,DANN_NHANES
6.2808523,0.97593737,BRFSS,369158,,DANN_NHANES
-0.16315682,9.432704,BRFSS,447587,,DANN_NHANES
-1.8742487,-1.1246915,NHANES,6112,Non-Hispanic Black,DANN_NHANES
-1.8969946,-1.3084816,BRFSS,408659,,DANN_NHANES
-11.222835,2.2575922,BRFSS,334980,,DANN_NHANES
0.3806815,0.50548154,BRFSS,362061,,DANN_NHANES
-1.5701141,6.4851017,BRFSS,438645,,DANN_NHANES
6.2484384,4.8138776,BRFSS,105464,,DANN_NHANES
-1.8578099,2.8349504,BRFSS,138632,,DANN_NHANES
-1.091337,11.701055,BRFSS,242966,,DANN_NHANES
5.156827,-1.2837476,BRFSS,38359,,DANN_NHANES
-3.6151152,2.4326372,BRFSS,326202,,DANN_NHANES
8.840821,0.5228369,BRFSS,408318,,DANN_NHANES
-1.406446,7.8151865,BRFSS,135289,,DANN_NHANES
1.1090074,7.579258,BRFSS,353845,,DANN_NHANES
3.4079595,4.303748,BRFSS,42668,,DANN_NHANES
-4.631453,-19.84949,BRFSS,279557,,DANN_NHANES
5.5931106,1.1680948,BRFSS,283324,,DANN_NHANES
0.7285139,2.8254526,BRFSS,199560,,DANN_NHANES
-2.403427,-21.338308,BRFSS,343668,,DANN_NHANES
-1.0470667,11.504227,BRFSS,113534,,DANN_NHANES
5.8701997,4.589615,BRFSS,225645,,DANN_NHANES
-1.4924318,3.0778356,BRFSS,120372,,DANN_NHANES
-0.32397708,9.362604,BRFSS,420310,,DANN_NHANES
4.8978357,1.5293323,BRFSS,265363,,DANN_NHANES
-2.3415787,3.7751436,BRFSS,82456,,DANN_NHANES
-11.265857,1.8749338,BRFSS,362446,,DANN_NHANES
8.838068,0.29293585,BRFSS,261272,,DANN_NHANES
0.77030694,1.0978906,BRFSS,416844,,DANN_NHANES
6.1243296,-1.592749,BRFSS,316345,,DANN_NHANES
-9.014167,3.3871863,BRFSS,390937,,DANN_NHANES
4.6720657,2.9961653,BRFSS,112874,,DANN_NHANES
-10.515921,1.259081,BRFSS,409896,,DANN_NHANES
-0.5029252,0.7513483,BRFSS,324047,,DANN_NHANES
-1.1363553,11.462073,BRFSS,233045,,DANN_NHANES
-10.185951,1.1984344,BRFSS,346969,,DANN_NHANES
-3.6708524,1.9706004,BRFSS,12145,,DANN_NHANES
5.240353,3.175935,BRFSS,435028,,DANN_NHANES
-2.3774793,-21.31432,BRFSS,344406,,DANN_NHANES
-10.912211,1.609043,BRFSS,326068,,DANN_NHANES
-0.18635625,7.2253294,BRFSS,244327,,DANN_NHANES
0.7121144,-1.9443034,BRFSS,360770,,DANN_NHANES
-0.08733519,11.010335,BRFSS,266840,,DANN_NHANES
-2.818309,13.076291,BRFSS,222613,,DANN_NHANES
-1.0512737,-0.24580805,BRFSS,427018,,DANN_NHANES
-1.8985959,1.4943476,BRFSS,123148,,DANN_NHANES
-12.222468,1.3588918,BRFSS,392528,,DANN_NHANES
-8.816199,2.8912811,BRFSS,107192,,DANN_NHANES
-2.2944496,-21.264229,BRFSS,367716,,DANN_NHANES
6.4202213,-2.0792127,BRFSS,445113,,DANN_NHANES
-3.9446113,5.7729235,BRFSS,130423,,DANN_NHANES
-1.6117305,-1.5458316,BRFSS,70191,,DANN_NHANES
-1.7878119,10.3029175,BRFSS,96980,,DANN_NHANES
0.47811195,-1.701078,BRFSS,185865,,DANN_NHANES
-1.6961974,3.362477,BRFSS,344180,,DANN_NHANES
-8.952975,3.311818,NHANES,7815,Non-Hispanic Asian,DANN_NHANES
-1.6548254,2.826405,BRFSS,323319,,DANN_NHANES
-1.0968827,0.94786775,BRFSS,132786,,DANN_NHANES
-11.142888,16.267622,NHANES,4126,Non-Hispanic White,DANN_NHANES
-0.94071937,11.515454,BRFSS,182884,,DANN_NHANES
6.2922616,0.4125155,BRFSS,202533,,DANN_NHANES
6.4075346,4.9382234,BRFSS,38586,,DANN_NHANES
-12.865785,0.0167938,BRFSS,169897,,DANN_NHANES
5.7342234,0.9504172,BRFSS,334655,,DANN_NHANES
-0.67549336,2.1769223,BRFSS,222209,,DANN_NHANES
-1.6176649,6.4456086,BRFSS,239974,,DANN_NHANES
1.9501134,-1.3805642,BRFSS,416472,,DANN_NHANES
3.9758687,0.4619759,BRFSS,255046,,DANN_NHANES
-1.535292,8.225821,BRFSS,154262,,DANN_NHANES
-9.380014,3.105838,BRFSS,254270,,DANN_NHANES
-4.393658,-20.269,BRFSS,186472,,DANN_NHANES
-4.303466,-20.399408,BRFSS,41661,,DANN_NHANES
12.713971,-4.689419,BRFSS,202945,,DANN_NHANES
5.894485,5.200312,BRFSS,222639,,DANN_NHANES
1.0403736,7.566845,BRFSS,330017,,DANN_NHANES
6.652205,-0.66936344,BRFSS,174335,,DANN_NHANES
4.836374,2.0165381,BRFSS,196929,,DANN_NHANES
4.1094813,0.49729478,BRFSS,165507,,DANN_NHANES
-3.3488643,12.120877,BRFSS,32911,,DANN_NHANES
-1.6380117,1.4195269,BRFSS,274979,,DANN_NHANES
0.9434815,7.9413543,BRFSS,225321,,DANN_NHANES
-9.343312,3.121398,BRFSS,101330,,DANN_NHANES
-0.94025034,-19.911676,BRFSS,32234,,DANN_NHANES
-3.019431,6.204649,BRFSS,314183,,DANN_NHANES
-4.300119,-20.406492,BRFSS,75961,,DANN_NHANES
4.0016556,4.8046594,BRFSS,276729,,DANN_NHANES
-9.680929,3.9796057,BRFSS,235763,,DANN_NHANES
4.9672623,-3.873826,BRFSS,261578,,DANN_NHANES
5.2298455,3.1320133,BRFSS,143790,,DANN_NHANES
-4.832439,4.7180095,BRFSS,93122,,DANN_NHANES
0.3886366,10.530619,BRFSS,90653,,DANN_NHANES
-0.58086413,11.806266,BRFSS,420733,,DANN_NHANES
4.425004,0.10918056,BRFSS,245236,,DANN_NHANES
-11.095147,16.315325,NHANES,8927,Non-Hispanic White,DANN_NHANES
1.4748323,3.791882,BRFSS,428353,,DANN_NHANES
-11.487072,0.4304126,BRFSS,381567,,DANN_NHANES
-4.57465,3.5069442,BRFSS,334791,,DANN_NHANES
0.7996309,1.0789083,BRFSS,341827,,DANN_NHANES
-4.828968,12.549566,BRFSS,126809,,DANN_NHANES
-1.8532287,-20.96357,BRFSS,87060,,DANN_NHANES
21.97988,-2.6517427,BRFSS,245454,,DANN_NHANES
-0.8706127,-19.808289,BRFSS,339573,,DANN_NHANES
0.987144,10.200134,BRFSS,88978,,DANN_NHANES
-3.269422,9.374481,BRFSS,323384,,DANN_NHANES
5.9026237,0.6549613,BRFSS,271191,,DANN_NHANES
-1.9774442,9.034725,BRFSS,236464,,DANN_NHANES
-3.908094,14.009211,BRFSS,30383,,DANN_NHANES
-1.5554712,6.504621,BRFSS,230709,,DANN_NHANES
4.3899183,4.5460505,BRFSS,236725,,DANN_NHANES
4.5442505,3.6241589,BRFSS,146048,,DANN_NHANES
-0.38979346,0.5683369,BRFSS,43391,,DANN_NHANES
-4.0955586,8.895794,BRFSS,152463,,DANN_NHANES
-12.835698,-0.22964826,BRFSS,360377,,DANN_NHANES
0.15096992,13.104085,BRFSS,220678,,DANN_NHANES
2.4588265,9.241112,BRFSS,315973,,DANN_NHANES
-9.727825,3.9361992,BRFSS,324235,,DANN_NHANES
9.032782,0.8069809,BRFSS,319290,,DANN_NHANES
1.2990546,1.8146838,BRFSS,423096,,DANN_NHANES
-1.3304894,7.8286877,BRFSS,354661,,DANN_NHANES
-11.04879,16.361504,NHANES,8507,Non-Hispanic White,DANN_NHANES
5.102162,3.8962212,NHANES,9189,Non-Hispanic Black,DANN_NHANES
-2.392368,11.883912,BRFSS,25254,,DANN_NHANES
-12.615289,-0.088320665,BRFSS,392571,,DANN_NHANES
0.053451337,12.928269,BRFSS,178559,,DANN_NHANES
3.192471,4.7533617,BRFSS,92643,,DANN_NHANES
-2.2973886,7.5080914,BRFSS,69692,,DANN_NHANES
-4.0986857,8.897526,BRFSS,394316,,DANN_NHANES
4.133375,-0.71879137,BRFSS,209727,,DANN_NHANES
-4.387606,-20.276367,BRFSS,408573,,DANN_NHANES
12.237623,-3.724762,BRFSS,326681,,DANN_NHANES
-4.232925,5.3922987,BRFSS,333615,,DANN_NHANES
6.0461698,-0.12480738,BRFSS,155396,,DANN_NHANES
5.8989882,5.1924424,BRFSS,382928,,DANN_NHANES
-9.316165,2.4044044,BRFSS,93346,,DANN_NHANES
5.297806,-3.8838263,BRFSS,21450,,DANN_NHANES
-9.245876,2.1963358,BRFSS,69476,,DANN_NHANES
-2.3481913,8.147169,BRFSS,50816,,DANN_NHANES
-0.49925998,-19.056288,BRFSS,74121,,DANN_NHANES
4.3861947,-2.6970127,BRFSS,12959,,DANN_NHANES
-11.121706,16.288662,NHANES,5944,Non-Hispanic Black,DANN_NHANES
-1.0753831,6.8771667,BRFSS,373487,,DANN_NHANES
-4.8943095,4.913161,BRFSS,209853,,DANN_NHANES
0.28013724,13.288151,BRFSS,288776,,DANN_NHANES
-6.7268677,-15.861144,BRFSS,43621,,DANN_NHANES
12.361673,-3.9183588,BRFSS,82239,,DANN_NHANES
1.3912649,2.9833374,BRFSS,64992,,DANN_NHANES
3.3445647,-2.6566885,BRFSS,264257,,DANN_NHANES
5.204192,5.0573916,BRFSS,250963,,DANN_NHANES
4.0488443,-0.046827324,BRFSS,236247,,DANN_NHANES
6.4152384,4.939984,BRFSS,148100,,DANN_NHANES
-9.085028,1.6343757,BRFSS,343635,,DANN_NHANES
8.80094,0.33826903,BRFSS,349252,,DANN_NHANES
-0.95374644,-19.920656,BRFSS,410761,,DANN_NHANES
1.3589511,1.8554566,BRFSS,210948,,DANN_NHANES
-4.426407,8.30359,BRFSS,445180,,DANN_NHANES
-1.2567502,7.545383,BRFSS,132246,,DANN_NHANES
4.0240536,3.6770284,BRFSS,191541,,DANN_NHANES
4.038408,4.1129365,BRFSS,38456,,DANN_NHANES
-1.176919,-1.5060434,BRFSS,16296,,DANN_NHANES
-1.1897088,5.909734,BRFSS,323106,,DANN_NHANES
-1.6249167,-1.5764945,BRFSS,23413,,DANN_NHANES
2.2381024,-1.4795545,BRFSS,348603,,DANN_NHANES
4.7626357,3.8660312,BRFSS,239612,,DANN_NHANES
0.21629407,0.29523337,BRFSS,343863,,DANN_NHANES
-11.084882,1.6533253,BRFSS,258292,,DANN_NHANES
-0.00034243186,-0.25359124,BRFSS,347001,,DANN_NHANES
-4.452817,-20.165071,BRFSS,422929,,DANN_NHANES
6.614786,-1.3942845,BRFSS,416247,,DANN_NHANES
-1.9219527,6.466433,BRFSS,249935,,DANN_NHANES
2.1083581,8.758826,BRFSS,333977,,DANN_NHANES
-1.7845134,10.296018,BRFSS,421471,,DANN_NHANES
-5.0234866,3.0287092,BRFSS,372831,,DANN_NHANES
6.954581,-0.003642487,NHANES,7677,Non-Hispanic White,DANN_NHANES
-9.413637,1.5190861,BRFSS,89742,,DANN_NHANES
5.3699913,-3.9230523,BRFSS,29593,,DANN_NHANES
4.2463083,-3.5214028,BRFSS,209108,,DANN_NHANES
-11.137615,16.272896,NHANES,9497,Non-Hispanic White,DANN_NHANES
-5.962267,13.015991,BRFSS,278579,,DANN_NHANES
-2.5676336,4.07787,BRFSS,102196,,DANN_NHANES
-11.65156,0.46955192,BRFSS,43519,,DANN_NHANES
-0.8678762,-19.802292,BRFSS,433811,,DANN_NHANES
5.705433,2.9980729,BRFSS,47910,,DANN_NHANES
-10.865208,2.6524796,BRFSS,417909,,DANN_NHANES
3.5030327,3.6446786,BRFSS,41708,,DANN_NHANES
-5.1457195,4.1087923,BRFSS,18436,,DANN_NHANES
-4.306878,5.454561,BRFSS,111628,,DANN_NHANES
13.452501,11.789284,BRFSS,118247,,DANN_NHANES
0.8022038,1.7485838,BRFSS,106190,,DANN_NHANES
-1.0035172,7.702381,BRFSS,272168,,DANN_NHANES
-2.8121192,13.008372,BRFSS,427310,,DANN_NHANES
-3.9359756,1.9242371,BRFSS,290361,,DANN_NHANES
0.5181601,10.145545,BRFSS,134454,,DANN_NHANES
1.5460418,-1.8406065,BRFSS,421193,,DANN_NHANES
-12.327035,1.4059349,BRFSS,215747,,DANN_NHANES
-2.3399508,8.138726,BRFSS,330102,,DANN_NHANES
6.408567,-1.4107854,BRFSS,136446,,DANN_NHANES
3.8131366,4.6161213,BRFSS,209938,,DANN_NHANES
5.5899925,2.883958,BRFSS,187301,,DANN_NHANES
8.708369,0.079084165,BRFSS,403966,,DANN_NHANES
-0.95216984,-19.92549,BRFSS,194360,,DANN_NHANES
-11.304273,1.3106855,BRFSS,295177,,DANN_NHANES
4.0454473,0.26330078,BRFSS,318491,,DANN_NHANES
-12.939033,-0.009873828,BRFSS,400453,,DANN_NHANES
21.951138,-2.6232307,BRFSS,46773,,DANN_NHANES
5.179123,-1.3045962,BRFSS,155477,,DANN_NHANES
-4.6321282,6.0870643,BRFSS,195930,,DANN_NHANES
-11.29103,1.8064344,BRFSS,20052,,DANN_NHANES
0.08430841,3.30226,BRFSS,416890,,DANN_NHANES
3.9172802,0.49167424,BRFSS,423738,,DANN_NHANES
4.6028976,-3.1093478,BRFSS,301431,,DANN_NHANES
5.1084795,-3.9183657,BRFSS,180293,,DANN_NHANES
5.958897,3.3321736,BRFSS,375717,,DANN_NHANES
0.15616891,8.214476,BRFSS,167310,,DANN_NHANES
-6.714398,-15.873658,BRFSS,140108,,DANN_NHANES
8.449592,-0.35590264,BRFSS,62672,,DANN_NHANES
1.2822852,2.359734,BRFSS,347984,,DANN_NHANES
2.948664,-1.4114753,BRFSS,437191,,DANN_NHANES
-1.0814373,10.743464,BRFSS,186432,,DANN_NHANES
-2.092736,0.8315992,BRFSS,146859,,DANN_NHANES
-2.107777,-21.154032,BRFSS,149635,,DANN_NHANES
-0.54778254,-18.644571,BRFSS,125418,,DANN_NHANES
-3.5480433,14.066257,BRFSS,322552,,DANN_NHANES
1.6102077,-1.2094048,BRFSS,367930,,DANN_NHANES
5.222483,5.0537357,BRFSS,206443,,DANN_NHANES
-10.7348,1.4247161,BRFSS,213018,,DANN_NHANES
-0.49618056,1.3582119,BRFSS,377850,,DANN_NHANES
-8.886748,3.269374,BRFSS,54712,,DANN_NHANES
-12.819892,0.6769852,BRFSS,146790,,DANN_NHANES
5.1729255,3.081775,BRFSS,390162,,DANN_NHANES
1.828175,8.894118,BRFSS,194137,,DANN_NHANES
-9.599749,2.9340746,BRFSS,391541,,DANN_NHANES
4.800954,2.0268595,BRFSS,201102,,DANN_NHANES
4.334135,-3.390063,BRFSS,15177,,DANN_NHANES
-2.1076474,10.074056,BRFSS,117905,,DANN_NHANES
-9.001697,2.6277113,BRFSS,230778,,DANN_NHANES
0.29845014,0.23016427,BRFSS,278975,,DANN_NHANES
1.1686627,-1.9357749,BRFSS,445845,,DANN_NHANES
-10.991024,16.418701,NHANES,8045,Non-Hispanic Black,DANN_NHANES
-1.3317192,9.861924,BRFSS,429264,,DANN_NHANES
-2.5629258,7.0446,BRFSS,84000,,DANN_NHANES
-1.389071,-1.7095321,BRFSS,80998,,DANN_NHANES
0.5949454,-0.87313783,BRFSS,37075,,DANN_NHANES
-11.145723,16.264849,NHANES,3006,Non-Hispanic White,DANN_NHANES
0.26074147,3.7741385,BRFSS,18339,,DANN_NHANES
-4.8765683,4.8019967,BRFSS,110225,,DANN_NHANES
9.2499695,2.1294818,BRFSS,402547,,DANN_NHANES
-0.1349745,9.028252,BRFSS,98901,,DANN_NHANES
-12.248844,0.8819299,BRFSS,272592,,DANN_NHANES
12.392219,-3.9662201,BRFSS,25711,,DANN_NHANES
5.240277,5.029734,BRFSS,447811,,DANN_NHANES
-4.6667757,6.0025463,BRFSS,187445,,DANN_NHANES
-0.6065324,0.6397972,BRFSS,441246,,DANN_NHANES
0.4591907,-0.64504534,BRFSS,251597,,DANN_NHANES
0.5298602,1.6479802,BRFSS,23200,,DANN_NHANES
5.030431,-1.6396329,BRFSS,220063,,DANN_NHANES
-3.0677526,11.840277,BRFSS,154323,,DANN_NHANES
5.069507,3.0988896,BRFSS,115048,,DANN_NHANES
0.9367808,-0.69642633,BRFSS,260052,,DANN_NHANES
8.559878,-0.19081348,BRFSS,358714,,DANN_NHANES
-9.78389,1.8295065,BRFSS,72233,,DANN_NHANES
-2.28473,8.219464,BRFSS,137925,,DANN_NHANES
0.5965115,10.645186,BRFSS,278643,,DANN_NHANES
0.30723947,-1.525306,BRFSS,113115,,DANN_NHANES
-0.038463768,11.325804,BRFSS,440939,,DANN_NHANES
-0.28764004,8.045257,BRFSS,158647,,DANN_NHANES
-0.1976268,2.9422312,BRFSS,418430,,DANN_NHANES
0.98528814,2.3711433,BRFSS,57105,,DANN_NHANES
-10.292691,1.1715466,BRFSS,389907,,DANN_NHANES
-11.071451,2.8988209,BRFSS,352375,,DANN_NHANES
5.250808,-2.2059867,BRFSS,57272,,DANN_NHANES
-4.337528,8.452274,BRFSS,82934,,DANN_NHANES
0.31080785,2.8795586,BRFSS,247128,,DANN_NHANES
-12.780088,-0.24788979,BRFSS,409269,,DANN_NHANES
1.6022556,3.8427696,BRFSS,377949,,DANN_NHANES
-10.547373,1.2363089,BRFSS,403449,,DANN_NHANES
-4.084965,8.712854,BRFSS,253882,,DANN_NHANES
-0.19015129,2.9416306,BRFSS,65454,,DANN_NHANES
0.57368356,10.654363,BRFSS,427816,,DANN_NHANES
12.3675585,-3.9103909,BRFSS,397160,,DANN_NHANES
1.1308489,7.60234,BRFSS,194744,,DANN_NHANES
-1.1946318,5.9882107,BRFSS,410074,,DANN_NHANES
5.288642,-3.9063385,BRFSS,218023,,DANN_NHANES
6.523228,0.19310755,BRFSS,432059,,DANN_NHANES
-5.3986607,12.809441,BRFSS,402900,,DANN_NHANES
-11.307402,2.057991,BRFSS,275514,,DANN_NHANES
-0.52227825,9.982186,BRFSS,328918,,DANN_NHANES
5.9063616,5.216787,BRFSS,336766,,DANN_NHANES
0.7287687,13.88375,BRFSS,416011,,DANN_NHANES
4.871473,1.7194779,BRFSS,147790,,DANN_NHANES
5.785313,-1.7232323,BRFSS,312662,,DANN_NHANES
13.690957,13.0974455,BRFSS,147406,,DANN_NHANES
-2.9104736,4.233524,BRFSS,218070,,DANN_NHANES
4.1795344,-2.6251469,BRFSS,117919,,DANN_NHANES
8.326606,-0.30722737,BRFSS,88899,,DANN_NHANES
4.772159,-1.712198,BRFSS,71007,,DANN_NHANES
5.825515,-0.20650686,BRFSS,262113,,DANN_NHANES
-3.4397523,2.622021,NHANES,3076,Non-Hispanic Black,DANN_NHANES
-5.401068,12.807014,BRFSS,240320,,DANN_NHANES
-0.8751396,10.188702,BRFSS,55762,,DANN_NHANES
-10.253903,1.1886553,BRFSS,107183,,DANN_NHANES
1.2876785,3.7330308,BRFSS,378019,,DANN_NHANES
0.5667764,2.8015618,BRFSS,442987,,DANN_NHANES
-2.4103632,0.91517365,BRFSS,213721,,DANN_NHANES
12.698042,-4.646967,BRFSS,133046,,DANN_NHANES
0.065547906,10.985262,BRFSS,49995,,DANN_NHANES
-3.9624114,5.7399335,BRFSS,192095,,DANN_NHANES
3.3969817,-2.770136,BRFSS,96044,,DANN_NHANES
-1.8892536,9.560519,BRFSS,32044,,DANN_NHANES
9.193069,2.377978,BRFSS,99537,,DANN_NHANES
-4.475727,2.8709116,BRFSS,226184,,DANN_NHANES
-9.020926,3.7223804,BRFSS,83305,,DANN_NHANES
-3.8858743,5.909279,BRFSS,155372,,DANN_NHANES
8.839816,0.4729234,BRFSS,340591,,DANN_NHANES
5.165246,-3.157882,BRFSS,105145,,DANN_NHANES
22.446594,-3.1118538,BRFSS,369144,,DANN_NHANES
-0.045225088,-0.038122736,BRFSS,243268,,DANN_NHANES
3.1603968,4.6138678,BRFSS,151888,,DANN_NHANES
-12.652057,0.86396843,BRFSS,381906,,DANN_NHANES
6.259198,-0.23128888,BRFSS,269197,,DANN_NHANES
6.347791,-1.418617,BRFSS,389613,,DANN_NHANES
-2.2367282,3.6083922,BRFSS,348517,,DANN_NHANES
-9.999667,1.9179164,BRFSS,394264,,DANN_NHANES
-0.2845118,0.13556795,BRFSS,255201,,DANN_NHANES
8.76193,0.3844484,BRFSS,81235,,DANN_NHANES
-0.5171863,-0.68739855,BRFSS,346780,,DANN_NHANES
-1.025037,10.763999,BRFSS,266158,,DANN_NHANES
-4.788329,5.3011856,BRFSS,394446,,DANN_NHANES
1.3745141,1.8720149,BRFSS,237526,,DANN_NHANES
12.472454,-4.0762687,BRFSS,439986,,DANN_NHANES
-3.81294,3.2063153,BRFSS,80505,,DANN_NHANES
-2.137812,11.211674,BRFSS,35333,,DANN_NHANES
-1.8636155,0.65758854,BRFSS,359773,,DANN_NHANES
2.4126413,9.235591,BRFSS,132316,,DANN_NHANES
6.450109,4.956796,BRFSS,307496,,DANN_NHANES
-1.5351518,7.2808943,BRFSS,380032,,DANN_NHANES
-0.18633683,-0.98640347,BRFSS,220034,,DANN_NHANES
3.9714293,3.6779513,BRFSS,103051,,DANN_NHANES
0.418754,3.3910599,BRFSS,262617,,DANN_NHANES
-0.835166,5.792651,BRFSS,338985,,DANN_NHANES
0.007804465,12.866009,BRFSS,53148,,DANN_NHANES
-5.381966,12.80037,BRFSS,238183,,DANN_NHANES
-0.9850675,-19.981178,BRFSS,185153,,DANN_NHANES
-0.5399141,11.295157,BRFSS,391633,,DANN_NHANES
-1.3602813,-20.457546,BRFSS,327032,,DANN_NHANES
-1.3012401,2.1318014,BRFSS,152333,,DANN_NHANES
1.762847,9.365414,BRFSS,313265,,DANN_NHANES
5.7405295,3.0369918,BRFSS,126350,,DANN_NHANES
-3.5064924,14.067897,BRFSS,135290,,DANN_NHANES
-2.859795,13.190939,BRFSS,61280,,DANN_NHANES
-12.257895,1.0339384,BRFSS,55173,,DANN_NHANES
1.5645764,-1.8436385,BRFSS,107913,,DANN_NHANES
8.840639,1.700487,BRFSS,201259,,DANN_NHANES
-1.1990087,9.000499,BRFSS,449983,,DANN_NHANES
-1.8442938,10.575724,BRFSS,68458,,DANN_NHANES
-2.491359,6.7076116,BRFSS,304201,,DANN_NHANES
22.221786,-2.8910272,BRFSS,259369,,DANN_NHANES
-10.943366,2.9347908,BRFSS,76607,,DANN_NHANES
6.8775325,0.08027074,BRFSS,137721,,DANN_NHANES
4.3033266,0.27279773,BRFSS,268019,,DANN_NHANES
-0.5475072,-18.64154,BRFSS,36939,,DANN_NHANES
4.398477,0.07771889,BRFSS,164646,,DANN_NHANES
-4.301543,5.43603,BRFSS,441258,,DANN_NHANES
0.22357154,1.4998789,BRFSS,291470,,DANN_NHANES
-0.1519409,0.6801827,BRFSS,195122,,DANN_NHANES
-8.924095,3.3836696,BRFSS,441009,,DANN_NHANES
6.5100675,-1.5380572,BRFSS,43481,,DANN_NHANES
-4.627931,6.1022124,BRFSS,415955,,DANN_NHANES
6.0302863,-2.3383348,BRFSS,73157,,DANN_NHANES
13.477368,12.939945,BRFSS,14506,,DANN_NHANES
-0.4865671,-19.016228,BRFSS,84327,,DANN_NHANES
8.873457,1.7081461,BRFSS,23206,,DANN_NHANES
8.834528,0.43598524,BRFSS,370430,,DANN_NHANES
-2.6586242,4.262733,BRFSS,261735,,DANN_NHANES
-4.248633,1.9162138,BRFSS,56907,,DANN_NHANES
5.7010427,-2.556314,BRFSS,99118,,DANN_NHANES
3.3322136,-1.8443646,BRFSS,178150,,DANN_NHANES
0.117779866,9.059254,BRFSS,320445,,DANN_NHANES
3.510602,-2.2643228,BRFSS,271156,,DANN_NHANES
-1.3152175,1.7531569,BRFSS,123165,,DANN_NHANES
-2.270909,6.534035,BRFSS,434163,,DANN_NHANES
3.167737,4.590392,BRFSS,100777,,DANN_NHANES
0.5332534,3.0292795,BRFSS,329367,,DANN_NHANES
-0.45716414,-0.72036576,BRFSS,306677,,DANN_NHANES
4.699433,-3.3491051,BRFSS,440354,,DANN_NHANES
-0.116552316,11.015683,BRFSS,203192,,DANN_NHANES
-1.7871549,9.568511,BRFSS,402917,,DANN_NHANES
-4.5678897,-19.953568,BRFSS,399890,,DANN_NHANES
-2.8075473,12.2251215,BRFSS,321891,,DANN_NHANES
5.687375,-3.697552,BRFSS,169152,,DANN_NHANES
0.8903351,3.2591496,BRFSS,254747,,DANN_NHANES
-1.3082106,9.385079,BRFSS,386380,,DANN_NHANES
-1.8116772,9.158471,BRFSS,78844,,DANN_NHANES
5.3976464,4.6422286,BRFSS,55158,,DANN_NHANES
1.1292409,-1.9364078,BRFSS,343579,,DANN_NHANES
5.9610662,3.3223763,BRFSS,344728,,DANN_NHANES
2.1344733,8.778022,BRFSS,233322,,DANN_NHANES
-1.7065003,1.1544749,BRFSS,333314,,DANN_NHANES
-0.1434532,3.14073,BRFSS,246071,,DANN_NHANES
-2.7079,2.328461,BRFSS,148923,,DANN_NHANES
7.8553505,-0.4191981,BRFSS,56130,,DANN_NHANES
5.1196775,1.300335,BRFSS,444983,,DANN_NHANES
-1.1001699,11.072664,BRFSS,257481,,DANN_NHANES
4.737174,1.906936,BRFSS,37268,,DANN_NHANES
-0.48918417,5.1704283,BRFSS,113218,,DANN_NHANES
6.4816613,-1.3406466,BRFSS,371099,,DANN_NHANES
0.5005364,-1.1089046,BRFSS,435229,,DANN_NHANES
-1.671595,2.848801,BRFSS,33469,,DANN_NHANES
-3.1177363,13.702038,BRFSS,129375,,DANN_NHANES
4.9216247,4.4544005,BRFSS,332000,,DANN_NHANES
-0.8576998,-19.790445,BRFSS,415993,,DANN_NHANES
9.043891,2.2998185,NHANES,7427,Non-Hispanic Black,DANN_NHANES
-1.2583922,7.0496492,BRFSS,91532,,DANN_NHANES
-9.882673,1.6688334,BRFSS,352602,,DANN_NHANES
0.18789418,13.166229,BRFSS,52918,,DANN_NHANES
-0.18370657,10.164054,BRFSS,288441,,DANN_NHANES
5.411681,4.2281575,BRFSS,25395,,DANN_NHANES
0.85262233,7.8843646,BRFSS,346984,,DANN_NHANES
5.066563,4.9840584,BRFSS,69395,,DANN_NHANES
-2.2587109,0.6877484,BRFSS,416254,,DANN_NHANES
-3.1043835,6.408135,BRFSS,163624,,DANN_NHANES
-1.889152,1.3653815,BRFSS,298509,,DANN_NHANES
4.1854477,5.018975,BRFSS,75579,,DANN_NHANES
-1.634131,2.8360906,BRFSS,357845,,DANN_NHANES
0.70297426,-1.9000652,BRFSS,305561,,DANN_NHANES
-0.21266235,0.94078064,BRFSS,432083,,DANN_NHANES
4.5695443,3.2329657,BRFSS,160961,,DANN_NHANES
13.481139,11.676803,BRFSS,386586,,DANN_NHANES
0.17767173,0.32352698,BRFSS,65181,,DANN_NHANES
9.24204,2.1198173,BRFSS,37065,,DANN_NHANES
-2.7759316,8.813459,BRFSS,395720,,DANN_NHANES
9.211833,2.2170432,BRFSS,308293,,DANN_NHANES
-2.389592,-21.324223,BRFSS,311030,,DANN_NHANES
5.9122396,4.5770926,BRFSS,321185,,DANN_NHANES
13.652887,13.069879,BRFSS,105610,,DANN_NHANES
-4.8984637,5.2771783,BRFSS,332674,,DANN_NHANES
-4.590561,3.2495904,BRFSS,115468,,DANN_NHANES
4.860656,3.5918078,BRFSS,281886,,DANN_NHANES
-1.715804,9.183982,BRFSS,56709,,DANN_NHANES
5.522935,-1.4551969,BRFSS,372316,,DANN_NHANES
-12.202836,0.75651187,BRFSS,421467,,DANN_NHANES
5.953769,-0.17129226,BRFSS,12370,,DANN_NHANES
0.3413133,3.450556,BRFSS,211629,,DANN_NHANES
6.1985383,-2.2513525,BRFSS,245812,,DANN_NHANES
6.6214457,0.47369376,BRFSS,193740,,DANN_NHANES
-2.3851151,0.08918017,BRFSS,10589,,DANN_NHANES
-4.522544,2.3855634,BRFSS,219728,,DANN_NHANES
6.2537365,1.0090519,BRFSS,300628,,DANN_NHANES
-1.3693383,0.006131704,BRFSS,444665,,DANN_NHANES
-2.5148985,4.1105404,BRFSS,115546,,DANN_NHANES
-4.8820233,4.7018776,BRFSS,163744,,DANN_NHANES
13.450968,11.803836,BRFSS,353034,,DANN_NHANES
-4.6146874,3.819542,BRFSS,432567,,DANN_NHANES
-2.1277742,0.5384231,BRFSS,248564,,DANN_NHANES
-1.4296135,8.859419,BRFSS,96654,,DANN_NHANES
-1.3043774,-20.399364,BRFSS,196396,,DANN_NHANES
-4.3075643,-20.398005,BRFSS,284115,,DANN_NHANES
-2.7228248,8.832305,BRFSS,374888,,DANN_NHANES
4.6003118,-3.1001918,BRFSS,205104,,DANN_NHANES
6.2692513,-1.8709607,BRFSS,252436,,DANN_NHANES
-4.1896234,-20.525272,BRFSS,391235,,DANN_NHANES
-3.0708122,11.844653,BRFSS,240202,,DANN_NHANES
22.353142,-3.0195124,BRFSS,291356,,DANN_NHANES
0.43449864,10.601288,BRFSS,217545,,DANN_NHANES
2.3541925,9.177241,BRFSS,311328,,DANN_NHANES
-1.6452155,2.8246238,BRFSS,224432,,DANN_NHANES
-11.305468,2.3936632,BRFSS,80105,,DANN_NHANES
12.249604,-3.7396188,BRFSS,409768,,DANN_NHANES
1.1952901,3.7029397,BRFSS,167501,,DANN_NHANES
12.894608,-5.1177754,BRFSS,124285,,DANN_NHANES
-0.36553612,2.7666812,BRFSS,330697,,DANN_NHANES
3.967376,0.56798565,BRFSS,126666,,DANN_NHANES
0.9629293,2.4046366,BRFSS,170635,,DANN_NHANES
-11.400468,0.47429094,NHANES,3541,Non-Hispanic Black,DANN_NHANES
4.555905,3.0388775,BRFSS,27031,,DANN_NHANES
5.1190934,1.2853948,BRFSS,202351,,DANN_NHANES
0.51764727,3.0234573,BRFSS,262995,,DANN_NHANES
-1.3448603,-20.442116,BRFSS,75011,,DANN_NHANES
0.39543512,0.23685423,BRFSS,215777,,DANN_NHANES
3.388258,-2.785354,BRFSS,385043,,DANN_NHANES
-4.17542,-20.530266,BRFSS,71447,,DANN_NHANES
-12.129214,1.2794878,BRFSS,422924,,DANN_NHANES
0.6510474,-0.8937014,BRFSS,263985,,DANN_NHANES
-4.662367,2.5269892,BRFSS,181525,,DANN_NHANES
4.8602514,-1.7194862,BRFSS,368252,,DANN_NHANES
-9.522525,3.7610881,NHANES,2099,Non-Hispanic White,DANN_NHANES
-1.4528447,9.288949,BRFSS,221802,,DANN_NHANES
0.7412567,2.8017232,BRFSS,436016,,DANN_NHANES
-9.001346,2.4490764,BRFSS,293394,,DANN_NHANES
-5.658415,12.909954,BRFSS,304894,,DANN_NHANES
-4.6347065,-19.845137,BRFSS,57868,,DANN_NHANES
-0.639416,9.836267,BRFSS,442083,,DANN_NHANES
-11.63074,0.3966726,BRFSS,177894,,DANN_NHANES
-9.677512,3.967154,BRFSS,418615,,DANN_NHANES
-11.694067,1.5088754,BRFSS,306699,,DANN_NHANES
-1.6728126,-1.490077,BRFSS,450208,,DANN_NHANES
-4.506557,12.590808,BRFSS,243025,,DANN_NHANES
-0.38774008,0.35529336,BRFSS,218152,,DANN_NHANES
-4.9399967,4.9131026,BRFSS,368856,,DANN_NHANES
-2.0769997,10.1375,BRFSS,159549,,DANN_NHANES
-0.67459804,10.432308,BRFSS,234007,,DANN_NHANES
0.20138858,10.822583,BRFSS,235931,,DANN_NHANES
0.79199326,3.8459523,BRFSS,385767,,DANN_NHANES
5.484513,-2.6544073,BRFSS,194794,,DANN_NHANES
6.105864,4.987473,BRFSS,198399,,DANN_NHANES
2.0211074,9.1445,BRFSS,89488,,DANN_NHANES
9.048346,1.8616774,BRFSS,394423,,DANN_NHANES
-4.4422793,12.613479,BRFSS,291661,,DANN_NHANES
-12.101964,0.14702307,BRFSS,444685,,DANN_NHANES
5.580377,2.8683982,BRFSS,337359,,DANN_NHANES
-6.7191467,-15.868036,BRFSS,35960,,DANN_NHANES
-10.324556,2.3763647,BRFSS,387409,,DANN_NHANES
-5.388212,3.8467011,BRFSS,376904,,DANN_NHANES
6.2990956,0.12080311,BRFSS,27269,,DANN_NHANES
-10.942023,1.3964292,BRFSS,189952,,DANN_NHANES
6.4647956,4.990891,BRFSS,95596,,DANN_NHANES
0.59540755,-1.7611463,BRFSS,353505,,DANN_NHANES
0.061959,1.7430714,BRFSS,360389,,DANN_NHANES
9.426829,2.0175517,BRFSS,144849,,DANN_NHANES
9.389721,1.9892493,BRFSS,438635,,DANN_NHANES
-1.990873,-21.074635,BRFSS,89191,,DANN_NHANES
-0.47160962,-18.954472,BRFSS,326673,,DANN_NHANES
0.19934289,13.174492,BRFSS,341353,,DANN_NHANES
-12.549269,0.57368743,BRFSS,34555,,DANN_NHANES
-12.34891,0.88226134,BRFSS,236375,,DANN_NHANES
4.958285,2.762253,BRFSS,122777,,DANN_NHANES
-4.949594,4.9669847,BRFSS,101074,,DANN_NHANES
-0.80212474,5.769008,BRFSS,362455,,DANN_NHANES
-0.29952013,-0.82769966,BRFSS,74041,,DANN_NHANES
5.787141,-2.605803,BRFSS,93991,,DANN_NHANES
4.4777107,3.4440582,BRFSS,375581,,DANN_NHANES
0.24483715,8.653055,BRFSS,305540,,DANN_NHANES
-4.811518,12.545119,BRFSS,168215,,DANN_NHANES
-9.231646,2.2477894,BRFSS,89022,,DANN_NHANES
-3.8534048,3.4079053,BRFSS,166319,,DANN_NHANES
5.5231056,-0.086657785,BRFSS,161586,,DANN_NHANES
5.6050987,-2.598562,BRFSS,391239,,DANN_NHANES
5.4462986,4.598468,BRFSS,193369,,DANN_NHANES
1.2847034,3.9772654,BRFSS,256517,,DANN_NHANES
-0.9254419,6.917628,BRFSS,44292,,DANN_NHANES
-3.4743853,14.052269,BRFSS,108174,,DANN_NHANES
5.5645094,-0.39005828,BRFSS,321443,,DANN_NHANES
4.9985657,5.0746264,BRFSS,361956,,DANN_NHANES
-4.8364353,12.552476,BRFSS,256825,,DANN_NHANES
-4.900623,12.584066,BRFSS,90160,,DANN_NHANES
-3.6188774,3.0682886,BRFSS,90201,,DANN_NHANES
-2.298756,11.56334,BRFSS,187454,,DANN_NHANES
-1.1504711,5.8962464,BRFSS,113321,,DANN_NHANES
1.3817154,2.9632354,BRFSS,339310,,DANN_NHANES
-0.9259088,10.139188,BRFSS,111520,,DANN_NHANES
-9.506908,2.8797793,BRFSS,263914,,DANN_NHANES
-10.186979,2.3839555,BRFSS,390499,,DANN_NHANES
0.4500321,-1.0194949,BRFSS,151291,,DANN_NHANES
1.6894323,3.819637,BRFSS,229208,,DANN_NHANES
5.17276,2.4677474,BRFSS,26967,,DANN_NHANES
-4.5130816,-20.051128,BRFSS,444098,,DANN_NHANES
-4.0566697,3.0888038,BRFSS,440166,,DANN_NHANES
22.20585,-2.8751302,BRFSS,216180,,DANN_NHANES
5.9819927,5.07636,BRFSS,216074,,DANN_NHANES
7.4702306,-0.6767368,NHANES,3052,Non-Hispanic Black,DANN_NHANES
0.9965884,2.3842032,BRFSS,34045,,DANN_NHANES
4.9837,0.39340276,BRFSS,26815,,DANN_NHANES
0.21500485,2.613356,BRFSS,348170,,DANN_NHANES
5.1011214,2.4362812,BRFSS,340729,,DANN_NHANES
-3.415589,12.114879,BRFSS,157364,,DANN_NHANES
5.8756447,5.156611,BRFSS,224562,,DANN_NHANES
6.447476,4.9814186,BRFSS,442203,,DANN_NHANES
6.466511,4.981818,BRFSS,442358,,DANN_NHANES
-2.03569,10.1428,BRFSS,306757,,DANN_NHANES
6.415947,4.9248934,BRFSS,58363,,DANN_NHANES
-9.127613,1.8758887,BRFSS,240823,,DANN_NHANES
-11.39381,0.46496725,BRFSS,338698,,DANN_NHANES
-3.9035072,5.7147365,BRFSS,300635,,DANN_NHANES
-1.2958442,-1.7983317,BRFSS,422413,,DANN_NHANES
-12.180909,0.3411007,BRFSS,42713,,DANN_NHANES
8.66718,-0.13314074,BRFSS,246885,,DANN_NHANES
4.350539,4.696671,BRFSS,214737,,DANN_NHANES
-9.674381,3.9988976,BRFSS,157053,,DANN_NHANES
-12.558186,0.06073556,BRFSS,250168,,DANN_NHANES
0.5216521,-1.809739,BRFSS,249000,,DANN_NHANES
13.4554825,11.850171,BRFSS,391921,,DANN_NHANES
22.467287,-3.1323795,BRFSS,84641,,DANN_NHANES
-5.4056525,3.768712,BRFSS,356856,,DANN_NHANES
-1.9094613,-21.009682,BRFSS,43827,,DANN_NHANES
5.724235,-2.6543245,BRFSS,435076,,DANN_NHANES
-10.740309,1.3342602,BRFSS,288833,,DANN_NHANES
-0.390754,-0.7366304,BRFSS,346684,,DANN_NHANES
6.239301,-1.8916731,BRFSS,441850,,DANN_NHANES
-0.59424436,-19.315008,BRFSS,432924,,DANN_NHANES
-1.271682,11.6696615,BRFSS,301824,,DANN_NHANES
-1.8079932,-20.917164,BRFSS,177503,,DANN_NHANES
-8.912014,2.460987,BRFSS,192629,,DANN_NHANES
5.594554,-0.29006818,BRFSS,52246,,DANN_NHANES
0.3947248,10.492018,BRFSS,302903,,DANN_NHANES
-11.214106,1.1869226,BRFSS,20689,,DANN_NHANES
-0.5706956,11.510244,BRFSS,85845,,DANN_NHANES
-4.0658875,13.963891,BRFSS,440716,,DANN_NHANES
-10.0660925,2.3894744,BRFSS,144665,,DANN_NHANES
-4.2096004,5.5779357,BRFSS,32404,,DANN_NHANES
-2.4282959,11.842781,BRFSS,119578,,DANN_NHANES
-2.0674138,-21.12629,BRFSS,200348,,DANN_NHANES
1.247368,3.9483285,BRFSS,117469,,DANN_NHANES
0.57805747,10.218216,BRFSS,164457,,DANN_NHANES
6.2554307,4.991963,BRFSS,429812,,DANN_NHANES
-4.507144,12.592466,BRFSS,309677,,DANN_NHANES
-1.9848593,-21.072203,BRFSS,202170,,DANN_NHANES
5.1532364,-0.022021946,BRFSS,344442,,DANN_NHANES
-4.4220567,8.312035,BRFSS,129232,,DANN_NHANES
-0.07897599,11.35137,BRFSS,66247,,DANN_NHANES
-3.3899112,6.825759,BRFSS,332892,,DANN_NHANES
6.954591,-0.9109242,BRFSS,318260,,DANN_NHANES
4.20006,0.0040400224,BRFSS,357882,,DANN_NHANES
6.3787594,-2.1338193,BRFSS,71686,,DANN_NHANES
-4.0453753,-20.617603,BRFSS,306295,,DANN_NHANES
-1.2082708,6.0064187,BRFSS,269257,,DANN_NHANES
-0.6791517,10.40556,BRFSS,120400,,DANN_NHANES
-4.0919213,8.809925,BRFSS,345437,,DANN_NHANES
3.5536833,4.3480496,BRFSS,419743,,DANN_NHANES
-2.5444183,4.0876765,BRFSS,200071,,DANN_NHANES
4.38675,4.716585,BRFSS,163445,,DANN_NHANES
-0.65933937,9.794047,BRFSS,416175,,DANN_NHANES
-12.211423,0.32050705,BRFSS,171023,,DANN_NHANES
-1.1545098,-1.824913,BRFSS,120972,,DANN_NHANES
4.6201587,1.7363447,BRFSS,215859,,DANN_NHANES
4.4254646,-2.6641035,BRFSS,237151,,DANN_NHANES
-4.1060653,1.8397274,BRFSS,415447,,DANN_NHANES
1.2153562,1.8076402,BRFSS,380520,,DANN_NHANES
4.3048387,-3.3586307,BRFSS,411129,,DANN_NHANES
0.06623551,0.60046357,BRFSS,448346,,DANN_NHANES
-0.042332653,1.7670085,BRFSS,222772,,DANN_NHANES
2.2211769,9.24897,BRFSS,266382,,DANN_NHANES
1.4021037,3.977453,BRFSS,405815,,DANN_NHANES
6.9716644,-0.0055315727,BRFSS,425720,,DANN_NHANES
0.525674,10.099694,BRFSS,421100,,DANN_NHANES
-9.451335,3.1177735,BRFSS,407585,,DANN_NHANES
-2.6638682,2.6651285,BRFSS,274526,,DANN_NHANES
1.2766248,1.8060311,BRFSS,106562,,DANN_NHANES
5.6093783,1.5602139,BRFSS,140876,,DANN_NHANES
-10.905533,1.5559105,BRFSS,298720,,DANN_NHANES
-2.615897,8.930808,BRFSS,348711,,DANN_NHANES
-0.15054373,9.436466,BRFSS,337868,,DANN_NHANES
4.456766,1.3587947,BRFSS,401792,,DANN_NHANES
-2.120771,7.6486716,BRFSS,297991,,DANN_NHANES
-0.5876354,9.883893,BRFSS,438765,,DANN_NHANES
-9.981734,3.6330857,BRFSS,378885,,DANN_NHANES
12.230671,-3.7189448,BRFSS,205418,,DANN_NHANES
-10.148015,1.2276084,BRFSS,255534,,DANN_NHANES
1.3612068,3.4939346,BRFSS,66462,,DANN_NHANES
-11.093088,2.8342187,BRFSS,346685,,DANN_NHANES
-9.390587,3.7502267,BRFSS,298554,,DANN_NHANES
-2.6016786,6.543157,BRFSS,35347,,DANN_NHANES
-5.7865987,12.962105,BRFSS,129873,,DANN_NHANES
-1.431065,6.8999376,BRFSS,135588,,DANN_NHANES
-0.22767228,11.2162285,BRFSS,344341,,DANN_NHANES
8.741083,0.020360159,BRFSS,393827,,DANN_NHANES
4.281351,3.701281,BRFSS,409599,,DANN_NHANES
5.244052,-4.2425203,BRFSS,189146,,DANN_NHANES
12.84649,-5.0267816,BRFSS,85282,,DANN_NHANES
1.7239318,9.35278,BRFSS,256743,,DANN_NHANES
-1.8918782,-20.995033,BRFSS,396112,,DANN_NHANES
5.316893,4.718071,BRFSS,169394,,DANN_NHANES
-3.3525348,6.68179,BRFSS,83319,,DANN_NHANES
-4.264439,1.9257052,BRFSS,246653,,DANN_NHANES
4.9377747,-0.87518585,BRFSS,330903,,DANN_NHANES
3.9747858,0.20508067,BRFSS,398234,,DANN_NHANES
-0.35289475,8.29974,BRFSS,53979,,DANN_NHANES
0.88151795,-1.8185198,BRFSS,295104,,DANN_NHANES
-3.9582958,5.612987,BRFSS,366215,,DANN_NHANES
5.886911,4.515399,BRFSS,129890,,DANN_NHANES
6.4449387,-2.0521808,BRFSS,332156,,DANN_NHANES
5.593255,-0.29479164,BRFSS,112023,,DANN_NHANES
5.108816,2.2881076,BRFSS,408467,,DANN_NHANES
-4.36797,12.701691,BRFSS,194468,,DANN_NHANES
-0.79812485,6.9397388,BRFSS,347430,,DANN_NHANES
4.0128326,-0.46209082,BRFSS,212896,,DANN_NHANES
-8.909211,3.2933164,BRFSS,272423,,DANN_NHANES
-10.858648,16.550764,NHANES,1006,Non-Hispanic Asian,DANN_NHANES
6.257726,-0.68471724,BRFSS,426702,,DANN_NHANES
-2.1205933,-21.166977,BRFSS,13241,,DANN_NHANES
3.947777,0.4264477,BRFSS,191390,,DANN_NHANES
1.2764088,1.55546,BRFSS,369317,,DANN_NHANES
-9.610819,3.071439,BRFSS,350962,,DANN_NHANES
-0.3675731,-0.86166847,BRFSS,337040,,DANN_NHANES
6.048737,4.97838,BRFSS,431869,,DANN_NHANES
0.06498042,12.9374895,BRFSS,21563,,DANN_NHANES
8.845085,1.7512984,BRFSS,240420,,DANN_NHANES
4.282089,-3.515757,BRFSS,110121,,DANN_NHANES
-0.8305121,2.3790889,BRFSS,53724,,DANN_NHANES
4.09611,4.9306626,BRFSS,256759,,DANN_NHANES
-4.183979,13.84301,BRFSS,56949,,DANN_NHANES
0.3975408,9.993812,BRFSS,243609,,DANN_NHANES
-0.68175334,1.3878657,BRFSS,340158,,DANN_NHANES
0.9690125,14.143589,BRFSS,319631,,DANN_NHANES
4.642844,1.6852126,BRFSS,237593,,DANN_NHANES
-4.812606,12.550644,BRFSS,323737,,DANN_NHANES
-12.503222,-0.033131834,BRFSS,369043,,DANN_NHANES
-0.13321146,3.1535726,BRFSS,422464,,DANN_NHANES
-2.4285123,0.38755772,BRFSS,126019,,DANN_NHANES
-10.843728,16.565636,NHANES,8572,Non-Hispanic White,DANN_NHANES
0.6573526,7.8549275,BRFSS,312594,,DANN_NHANES
-11.190008,1.2081782,BRFSS,331738,,DANN_NHANES
8.937155,1.4973137,BRFSS,416854,,DANN_NHANES
1.0766954,7.5810475,BRFSS,353440,,DANN_NHANES
-9.019099,3.5416546,BRFSS,264667,,DANN_NHANES
0.7647301,-0.5781546,BRFSS,28360,,DANN_NHANES
8.967181,1.0294033,BRFSS,52992,,DANN_NHANES
-12.807889,-0.24265355,BRFSS,230768,,DANN_NHANES
4.7523384,-3.3303092,BRFSS,441580,,DANN_NHANES
8.830067,0.2644279,BRFSS,206236,,DANN_NHANES
-3.3628495,6.6253395,BRFSS,223739,,DANN_NHANES
-2.3091404,-21.27899,BRFSS,351590,,DANN_NHANES
4.647149,3.395483,BRFSS,75613,,DANN_NHANES
-0.5528485,8.331324,BRFSS,263961,,DANN_NHANES
-0.51241666,11.842908,BRFSS,126820,,DANN_NHANES
4.291014,4.5972743,BRFSS,307749,,DANN_NHANES
0.6460306,10.256119,BRFSS,166822,,DANN_NHANES
5.0778494,5.0344024,BRFSS,60309,,DANN_NHANES
0.34324872,13.369907,BRFSS,397289,,DANN_NHANES
-1.1787436,5.887712,BRFSS,321699,,DANN_NHANES
0.95420974,3.624459,BRFSS,363825,,DANN_NHANES
-9.582791,3.897248,BRFSS,43939,,DANN_NHANES
3.3698466,4.6473255,BRFSS,33377,,DANN_NHANES
-10.8599825,16.549326,NHANES,9231,Non-Hispanic Asian,DANN_NHANES
5.0936146,5.031783,BRFSS,99012,,DANN_NHANES
-5.032978,4.776181,BRFSS,297642,,DANN_NHANES
5.9790115,4.7163606,BRFSS,383499,,DANN_NHANES
0.16661437,11.003196,BRFSS,246403,,DANN_NHANES
-0.14244987,0.019102862,BRFSS,222609,,DANN_NHANES
0.8482794,-0.7842716,BRFSS,275909,,DANN_NHANES
0.34002241,-0.013363113,BRFSS,273945,,DANN_NHANES
-1.509112,1.4618515,BRFSS,121632,,DANN_NHANES
-1.3043462,-20.400614,BRFSS,438990,,DANN_NHANES
6.2518115,-2.1571136,BRFSS,47957,,DANN_NHANES
-3.1963847,13.813119,BRFSS,383999,,DANN_NHANES
-1.6877078,-1.4918841,BRFSS,255283,,DANN_NHANES
-1.0593243,10.739613,BRFSS,11670,,DANN_NHANES
-0.15630962,1.8256135,BRFSS,169379,,DANN_NHANES
-3.7971349,3.5085435,BRFSS,362991,,DANN_NHANES
4.700681,-0.92248523,BRFSS,221897,,DANN_NHANES
-5.3990417,12.805823,BRFSS,234518,,DANN_NHANES
-4.2510586,-20.463234,BRFSS,423645,,DANN_NHANES
-4.49149,-20.077055,BRFSS,15300,,DANN_NHANES
-2.793878,12.928304,BRFSS,416607,,DANN_NHANES
-11.211587,2.2591026,BRFSS,83282,,DANN_NHANES
4.689877,0.1882516,BRFSS,418143,,DANN_NHANES
-4.9955554,2.9883964,BRFSS,207821,,DANN_NHANES
0.07999732,9.059743,BRFSS,292440,,DANN_NHANES
8.266531,-0.5919588,BRFSS,202093,,DANN_NHANES
6.290109,0.72306746,BRFSS,410516,,DANN_NHANES
-3.3160176,6.664631,BRFSS,192206,,DANN_NHANES
-1.0149125,11.483588,BRFSS,385128,,DANN_NHANES
1.8037156,-1.2953153,BRFSS,149506,,DANN_NHANES
3.4544244,3.6374667,BRFSS,250667,,DANN_NHANES
22.465408,-3.1305017,BRFSS,29729,,DANN_NHANES
-0.5710171,8.317072,BRFSS,327287,,DANN_NHANES
-1.8101053,-1.3824083,BRFSS,393726,,DANN_NHANES
8.800617,0.3082612,BRFSS,67070,,DANN_NHANES
0.49432886,-1.7731763,BRFSS,175184,,DANN_NHANES
-3.7331247,1.5811539,BRFSS,166817,,DANN_NHANES
4.4974523,0.13721003,BRFSS,57960,,DANN_NHANES
0.110029794,11.17289,BRFSS,241433,,DANN_NHANES
-3.8515337,3.4459987,BRFSS,226350,,DANN_NHANES
0.15999827,11.009431,BRFSS,269219,,DANN_NHANES
5.6777363,-0.076442994,BRFSS,406139,,DANN_NHANES
-2.366672,-21.30079,BRFSS,191220,,DANN_NHANES
9.094674,2.5278413,BRFSS,186570,,DANN_NHANES
0.8423082,9.982209,BRFSS,236240,,DANN_NHANES
-4.584272,-19.92491,BRFSS,338008,,DANN_NHANES
-5.9827704,13.033993,BRFSS,166826,,DANN_NHANES
5.3788424,-3.9015877,BRFSS,281002,,DANN_NHANES
-1.7637603,9.577742,BRFSS,144512,,DANN_NHANES
9.045811,0.8253863,BRFSS,16299,,DANN_NHANES
-10.9241905,2.9946089,BRFSS,400025,,DANN_NHANES
-2.406893,3.7384076,BRFSS,412219,,DANN_NHANES
-2.3853347,-21.32154,BRFSS,17174,,DANN_NHANES
-2.1033406,-0.9819835,BRFSS,407728,,DANN_NHANES
5.067838,1.3577337,BRFSS,436568,,DANN_NHANES
0.37182358,3.7278545,BRFSS,284622,,DANN_NHANES
-2.082243,-1.0124345,BRFSS,89316,,DANN_NHANES
-2.835623,6.75545,BRFSS,281041,,DANN_NHANES
-1.3611709,-20.458422,BRFSS,322686,,DANN_NHANES
-0.27295783,-1.6431057,BRFSS,296475,,DANN_NHANES
-5.4021177,12.806912,BRFSS,437976,,DANN_NHANES
5.913895,5.1869783,BRFSS,368416,,DANN_NHANES
4.997348,0.43891087,BRFSS,342897,,DANN_NHANES
-10.270464,2.2088678,BRFSS,118939,,DANN_NHANES
5.489704,1.8897779,NHANES,1396,Non-Hispanic Asian,DANN_NHANES
3.3689115,-2.6238158,BRFSS,33092,,DANN_NHANES
22.10273,-2.7734048,BRFSS,35626,,DANN_NHANES
4.4873137,-2.6611853,BRFSS,49524,,DANN_NHANES
-2.460878,6.776347,BRFSS,413010,,DANN_NHANES
-10.7259245,1.3458796,BRFSS,420216,,DANN_NHANES
-1.3279325,-20.42521,BRFSS,149681,,DANN_NHANES
6.326649,-2.0604794,BRFSS,336683,,DANN_NHANES
0.49414784,0.2454032,BRFSS,256426,,DANN_NHANES
4.2381854,4.0678024,BRFSS,193545,,DANN_NHANES
-1.2666214,11.68566,BRFSS,89736,,DANN_NHANES
4.856319,1.7299013,BRFSS,337009,,DANN_NHANES
6.055081,1.4370198,BRFSS,367961,,DANN_NHANES
1.996365,9.0914345,BRFSS,294802,,DANN_NHANES
-10.558977,1.2697744,BRFSS,200033,,DANN_NHANES
-4.586654,6.101458,BRFSS,139709,,DANN_NHANES
0.93619066,7.929652,BRFSS,174277,,DANN_NHANES
4.8144135,2.719068,BRFSS,352097,,DANN_NHANES
1.9049678,9.369715,BRFSS,314371,,DANN_NHANES
-2.3996007,-21.333456,BRFSS,70636,,DANN_NHANES
0.3073549,-1.7983124,BRFSS,268267,,DANN_NHANES
-9.174214,3.6002843,BRFSS,43431,,DANN_NHANES
-1.5912685,8.138891,BRFSS,446757,,DANN_NHANES
3.3911114,-2.7653453,BRFSS,288508,,DANN_NHANES
-4.887142,5.078961,BRFSS,362157,,DANN_NHANES
-2.0157294,-0.7618577,BRFSS,236351,,DANN_NHANES
-9.666695,1.7712455,BRFSS,100824,,DANN_NHANES
-2.3627694,2.2168174,BRFSS,108045,,DANN_NHANES
12.575815,-4.3099675,BRFSS,363798,,DANN_NHANES
-4.4208746,8.318147,BRFSS,64867,,DANN_NHANES
-3.580236,2.115194,BRFSS,156725,,DANN_NHANES
-1.0476276,7.1835704,BRFSS,405164,,DANN_NHANES
-5.394597,3.8089724,BRFSS,241069,,DANN_NHANES
-11.071301,2.792722,BRFSS,33495,,DANN_NHANES
-1.0494354,-20.066013,BRFSS,186110,,DANN_NHANES
-4.5066376,12.590801,BRFSS,256561,,DANN_NHANES
5.6598163,2.9685957,BRFSS,290698,,DANN_NHANES
-9.605765,1.8408896,BRFSS,163431,,DANN_NHANES
3.5444412,4.435687,BRFSS,192673,,DANN_NHANES
-4.6472096,6.057925,BRFSS,345913,,DANN_NHANES
-0.27921146,12.180604,BRFSS,97051,,DANN_NHANES
3.7133234,4.2648063,BRFSS,20780,,DANN_NHANES
0.5368794,-0.83883786,BRFSS,147964,,DANN_NHANES
-0.6411848,5.6426263,BRFSS,82452,,DANN_NHANES
4.78045,-2.5026605,BRFSS,163018,,DANN_NHANES
0.30949545,2.651269,BRFSS,12579,,DANN_NHANES
6.5097094,0.7253158,BRFSS,33373,,DANN_NHANES
-11.046037,2.843868,BRFSS,80467,,DANN_NHANES
12.706523,-4.6693034,BRFSS,61924,,DANN_NHANES
8.8452215,0.4562509,BRFSS,265017,,DANN_NHANES
-9.698673,2.7874236,BRFSS,387472,,DANN_NHANES
22.470236,-3.135234,BRFSS,327959,,DANN_NHANES
-3.8918114,3.3961153,BRFSS,289997,,DANN_NHANES
9.363016,2.1531289,BRFSS,70609,,DANN_NHANES
-0.6010094,-18.53885,BRFSS,74335,,DANN_NHANES
5.097069,1.3295892,BRFSS,432266,,DANN_NHANES
0.30675116,13.323178,BRFSS,135110,,DANN_NHANES
-0.6430835,7.9076047,BRFSS,174550,,DANN_NHANES
-3.2223916,13.840464,BRFSS,304017,,DANN_NHANES
3.9792175,3.606885,BRFSS,186685,,DANN_NHANES
4.160378,4.8142147,BRFSS,428628,,DANN_NHANES
0.037637554,8.148501,BRFSS,432828,,DANN_NHANES
-1.8855174,6.765,BRFSS,107678,,DANN_NHANES
5.3876224,4.063481,BRFSS,199850,,DANN_NHANES
-2.437324,-21.313345,BRFSS,143251,,DANN_NHANES
-4.208596,-20.50761,BRFSS,379375,,DANN_NHANES
1.5322251,-1.8496205,BRFSS,173676,,DANN_NHANES
5.15134,-1.2620348,BRFSS,27625,,DANN_NHANES
12.8465805,-5.026902,BRFSS,180798,,DANN_NHANES
-12.231366,1.3033738,BRFSS,264516,,DANN_NHANES
-0.64144653,5.637568,BRFSS,163556,,DANN_NHANES
-0.52984166,2.1874855,BRFSS,276423,,DANN_NHANES
5.0141,2.431802,BRFSS,361643,,DANN_NHANES
13.479834,11.676766,BRFSS,259557,,DANN_NHANES
0.014420968,7.3361654,BRFSS,396878,,DANN_NHANES
4.2951775,0.0555658,BRFSS,133616,,DANN_NHANES
-9.533135,1.4401636,BRFSS,116030,,DANN_NHANES
-10.443397,2.2560978,BRFSS,68391,,DANN_NHANES
0.45328686,-0.7946079,BRFSS,400829,,DANN_NHANES
-0.12625965,7.2281,BRFSS,117079,,DANN_NHANES
8.864685,1.7370931,BRFSS,236793,,DANN_NHANES
22.473389,-3.1384134,BRFSS,201048,,DANN_NHANES
-4.015993,3.5064814,BRFSS,134925,,DANN_NHANES
-4.1787143,1.9480917,BRFSS,187387,,DANN_NHANES
-0.6773104,5.663624,BRFSS,411545,,DANN_NHANES
8.800362,0.33447397,BRFSS,305792,,DANN_NHANES
-2.3885715,6.3837147,BRFSS,176261,,DANN_NHANES
2.2079425,8.890592,BRFSS,327927,,DANN_NHANES
0.08239379,9.044401,BRFSS,121975,,DANN_NHANES
-3.8811598,3.3099587,BRFSS,137577,,DANN_NHANES
0.17523363,0.02437814,BRFSS,214060,,DANN_NHANES
4.286359,-3.367192,BRFSS,55771,,DANN_NHANES
-1.4709291,7.361408,BRFSS,405562,,DANN_NHANES
-1.3481343,1.7262825,BRFSS,439990,,DANN_NHANES
-1.0042694,-0.282456,BRFSS,284617,,DANN_NHANES
-4.5257998,5.481695,BRFSS,150445,,DANN_NHANES
-12.506876,0.80882335,BRFSS,256280,,DANN_NHANES
-3.6602833,2.5038285,BRFSS,69509,,DANN_NHANES
6.557612,0.5852172,BRFSS,138008,,DANN_NHANES
-2.4297407,6.338548,BRFSS,294714,,DANN_NHANES
3.0966873,4.6550727,BRFSS,147245,,DANN_NHANES
5.8539047,4.568066,BRFSS,270838,,DANN_NHANES
-8.995037,1.5960537,BRFSS,55881,,DANN_NHANES
-3.9168558,14.002514,BRFSS,439893,,DANN_NHANES
5.3069043,-3.896843,BRFSS,306531,,DANN_NHANES
5.514637,-1.4618044,BRFSS,292911,,DANN_NHANES
4.984291,0.6116183,BRFSS,370573,,DANN_NHANES
-2.3310153,8.160357,BRFSS,62751,,DANN_NHANES
-12.75511,-0.008337517,BRFSS,294686,,DANN_NHANES
-2.6409488,6.9456787,BRFSS,173414,,DANN_NHANES
-12.461302,0.028077083,BRFSS,69288,,DANN_NHANES
-10.893067,2.6038291,BRFSS,89139,,DANN_NHANES
5.3996663,-4.062163,BRFSS,294471,,DANN_NHANES
1.6102804,3.8313067,BRFSS,295232,,DANN_NHANES
-9.526009,1.4442309,BRFSS,252573,,DANN_NHANES
-8.898806,2.4323924,BRFSS,418866,,DANN_NHANES
3.475502,-2.308514,BRFSS,284266,,DANN_NHANES
-1.2592287,1.528084,BRFSS,333952,,DANN_NHANES
9.060769,0.83545786,BRFSS,50423,,DANN_NHANES
5.471538,4.061567,BRFSS,56540,,DANN_NHANES
4.5654383,-2.3180492,BRFSS,352387,,DANN_NHANES
-13.004242,0.054165564,BRFSS,39127,,DANN_NHANES
-12.625147,1.0419388,BRFSS,198189,,DANN_NHANES
-11.868889,1.4180632,BRFSS,124320,,DANN_NHANES
4.7185025,0.210184,BRFSS,250050,,DANN_NHANES
-0.30653378,-0.90597576,BRFSS,124699,,DANN_NHANES
-12.857384,0.66963065,BRFSS,85256,,DANN_NHANES
6.3483357,-0.8936645,BRFSS,74481,,DANN_NHANES
5.6404934,4.2263246,BRFSS,389956,,DANN_NHANES
0.22927578,1.051395,BRFSS,94161,,DANN_NHANES
5.5092325,1.931037,BRFSS,313783,,DANN_NHANES
-12.829044,-0.2502273,BRFSS,111272,,DANN_NHANES
-12.648154,0.94073147,BRFSS,327988,,DANN_NHANES
-4.180258,13.837338,BRFSS,57013,,DANN_NHANES
1.2056733,9.780936,BRFSS,110239,,DANN_NHANES
8.863662,0.3304443,BRFSS,259666,,DANN_NHANES
0.16781086,-0.1306125,BRFSS,336849,,DANN_NHANES
12.236108,-3.721018,BRFSS,374699,,DANN_NHANES
0.9923277,7.90716,BRFSS,30649,,DANN_NHANES
-11.422348,0.5601547,BRFSS,85416,,DANN_NHANES
2.1973665,8.894439,BRFSS,357671,,DANN_NHANES
-1.6873683,3.4116683,BRFSS,34600,,DANN_NHANES
6.144367,0.91793674,BRFSS,359853,,DANN_NHANES
-2.4786086,0.19222589,BRFSS,13919,,DANN_NHANES
-1.8590027,-20.970207,BRFSS,359563,,DANN_NHANES
1.3739933,2.9485455,BRFSS,51839,,DANN_NHANES
5.8579555,-0.39734986,BRFSS,157177,,DANN_NHANES
-12.219565,1.3505942,BRFSS,66961,,DANN_NHANES
-12.279974,0.79010606,BRFSS,331231,,DANN_NHANES
5.3925257,-3.9059565,BRFSS,257634,,DANN_NHANES
-0.2412345,0.7506891,BRFSS,15160,,DANN_NHANES
-3.5083442,14.071374,BRFSS,92794,,DANN_NHANES
3.5455134,-2.2333345,BRFSS,160787,,DANN_NHANES
-11.428347,1.8276527,BRFSS,213620,,DANN_NHANES
-3.1550922,9.05871,BRFSS,266757,,DANN_NHANES
-11.369272,0.4925407,BRFSS,150544,,DANN_NHANES
-12.127518,1.3540087,BRFSS,155948,,DANN_NHANES
6.0398316,4.982465,BRFSS,343212,,DANN_NHANES
6.1695437,-2.2312,BRFSS,103537,,DANN_NHANES
-3.3319762,2.4628346,BRFSS,423895,,DANN_NHANES
-1.2786713,-20.377228,BRFSS,208937,,DANN_NHANES
-3.7802558,3.5055697,BRFSS,23182,,DANN_NHANES
8.961284,0.9984416,BRFSS,34597,,DANN_NHANES
13.636864,13.054521,BRFSS,293449,,DANN_NHANES
-2.5041971,3.576166,BRFSS,333017,,DANN_NHANES
-0.2985278,-1.7159536,BRFSS,329912,,DANN_NHANES
4.7635694,-2.523212,BRFSS,258938,,DANN_NHANES
0.051270913,7.350657,BRFSS,177015,,DANN_NHANES
-0.38321558,2.1246033,BRFSS,113149,,DANN_NHANES
3.9780123,0.43234023,BRFSS,428058,,DANN_NHANES
4.333447,3.5361233,BRFSS,27213,,DANN_NHANES
7.8709903,-0.40387732,BRFSS,413504,,DANN_NHANES
4.680866,-1.7004088,BRFSS,160132,,DANN_NHANES
1.7910645,-1.3057355,BRFSS,280647,,DANN_NHANES
-11.166665,1.2530885,BRFSS,407888,,DANN_NHANES
-3.9060235,3.6029437,BRFSS,69895,,DANN_NHANES
0.2065449,-0.14262842,BRFSS,126940,,DANN_NHANES
1.4923264,-1.8464395,BRFSS,325199,,DANN_NHANES
0.41700214,1.6470735,BRFSS,87147,,DANN_NHANES
0.28287765,10.848323,BRFSS,156776,,DANN_NHANES
5.0879817,1.0121646,BRFSS,181484,,DANN_NHANES
22.368412,-3.0347843,BRFSS,363931,,DANN_NHANES
-2.093338,2.2538588,BRFSS,374750,,DANN_NHANES
-9.195804,3.579596,BRFSS,189601,,DANN_NHANES
2.0359538,9.1356,BRFSS,416968,,DANN_NHANES
-11.025598,16.384592,PIMA,414,Pima Indian,DANN_NHANES
0.017993795,8.154604,BRFSS,245204,,DANN_NHANES
-12.477124,0.16036312,BRFSS,140676,,DANN_NHANES
-12.181142,0.8509757,BRFSS,390806,,DANN_NHANES
4.0362396,-0.9404468,BRFSS,172223,,DANN_NHANES
0.8323537,8.487208,BRFSS,291429,,DANN_NHANES
-12.991413,0.07915643,BRFSS,256828,,DANN_NHANES
-11.239361,1.1501102,BRFSS,214019,,DANN_NHANES
-2.306313,3.8159783,BRFSS,157313,,DANN_NHANES
-5.30413,3.6809936,BRFSS,171624,,DANN_NHANES
1.1129158,-0.8993429,BRFSS,411101,,DANN_NHANES
12.310235,-3.8192658,BRFSS,425828,,DANN_NHANES
3.602445,3.6310873,BRFSS,39549,,DANN_NHANES
-1.733707,9.617169,BRFSS,248204,,DANN_NHANES
-4.0824966,8.886706,BRFSS,193593,,DANN_NHANES
-2.795992,12.877144,BRFSS,94792,,DANN_NHANES
-9.039288,1.6636021,BRFSS,44552,,DANN_NHANES
1.2461532,8.7729435,BRFSS,423242,,DANN_NHANES
22.482193,-3.1472316,BRFSS,240027,,DANN_NHANES
12.550343,-4.268432,BRFSS,66208,,DANN_NHANES
3.4590433,3.8350997,BRFSS,409741,,DANN_NHANES
-2.2635317,6.5038056,BRFSS,86938,,DANN_NHANES
9.418618,2.0637891,BRFSS,138924,,DANN_NHANES
13.475818,11.69061,BRFSS,378609,,DANN_NHANES
-3.6678333,3.272317,BRFSS,428715,,DANN_NHANES
4.08531,4.635367,BRFSS,68197,,DANN_NHANES
0.9546563,1.4066871,BRFSS,402990,,DANN_NHANES
-0.6316766,-19.389744,BRFSS,320312,,DANN_NHANES
0.41803455,-1.457106,BRFSS,30334,,DANN_NHANES
0.3044308,0.008665513,BRFSS,333887,,DANN_NHANES
-4.8443823,4.716756,BRFSS,179426,,DANN_NHANES
4.6729937,-3.765899,BRFSS,352483,,DANN_NHANES
6.348073,-1.4411908,BRFSS,268625,,DANN_NHANES
-5.0949283,3.1769135,BRFSS,432977,,DANN_NHANES
-11.383232,1.9203042,BRFSS,274651,,DANN_NHANES
-4.973178,3.0044093,BRFSS,110316,,DANN_NHANES
-1.5207434,0.10708739,BRFSS,255837,,DANN_NHANES
0.6091763,8.361502,BRFSS,348111,,DANN_NHANES
-3.1350324,9.305764,BRFSS,424802,,DANN_NHANES
-0.7278345,0.78373903,BRFSS,285623,,DANN_NHANES
6.7233496,-1.2904772,BRFSS,278401,,DANN_NHANES
1.9253273,9.344909,BRFSS,298037,,DANN_NHANES
9.058381,2.562893,BRFSS,63999,,DANN_NHANES
1.3827887,2.9541805,BRFSS,182796,,DANN_NHANES
-0.88233286,6.9082246,BRFSS,383952,,DANN_NHANES
-3.3658879,12.103324,BRFSS,132850,,DANN_NHANES
-8.845908,3.1398835,BRFSS,317630,,DANN_NHANES
1.1057113,7.576662,BRFSS,179295,,DANN_NHANES
-0.46247637,5.2199383,BRFSS,260392,,DANN_NHANES
0.40725026,2.7607918,BRFSS,31067,,DANN_NHANES
3.3843725,4.7277803,BRFSS,213040,,DANN_NHANES
8.909568,1.3011956,BRFSS,106955,,DANN_NHANES
-3.1055367,11.833925,BRFSS,73741,,DANN_NHANES
-10.086846,3.6767395,BRFSS,140919,,DANN_NHANES
-2.1092782,-1.035689,BRFSS,55765,,DANN_NHANES
5.391177,-4.0276237,BRFSS,110273,,DANN_NHANES
-11.101105,1.325374,BRFSS,38089,,DANN_NHANES
4.7254453,-2.5414345,BRFSS,300470,,DANN_NHANES
-12.5871105,1.0170498,BRFSS,342490,,DANN_NHANES
8.423287,-0.36330795,BRFSS,439128,,DANN_NHANES
-12.233174,0.28172514,BRFSS,258079,,DANN_NHANES
-10.528132,1.2812544,BRFSS,38880,,DANN_NHANES
4.80842,2.763999,BRFSS,162554,,DANN_NHANES
3.5339823,3.6526823,BRFSS,40600,,DANN_NHANES
2.5149605,-1.4823078,BRFSS,303976,,DANN_NHANES
-1.3233452,-1.7842755,BRFSS,335128,,DANN_NHANES
-3.590807,12.151823,BRFSS,297355,,DANN_NHANES
-1.7108743,-0.0022164255,BRFSS,335783,,DANN_NHANES
-4.293776,5.46423,BRFSS,277478,,DANN_NHANES
-1.586069,8.139778,BRFSS,359428,,DANN_NHANES
0.8178292,8.474384,BRFSS,344324,,DANN_NHANES
-10.444535,1.9210392,BRFSS,312717,,DANN_NHANES
-11.625985,0.38115606,BRFSS,161878,,DANN_NHANES
3.3532987,-2.6438236,BRFSS,268617,,DANN_NHANES
3.1466687,4.596342,BRFSS,61519,,DANN_NHANES
-3.6235418,1.449641,BRFSS,409428,,DANN_NHANES
-11.050119,2.793763,BRFSS,74569,,DANN_NHANES
5.485884,1.9279481,BRFSS,281055,,DANN_NHANES
4.7805734,-0.06336527,BRFSS,351534,,DANN_NHANES
8.814209,0.423625,BRFSS,434251,,DANN_NHANES
-1.667525,-20.77647,BRFSS,164133,,DANN_NHANES
1.4519655,-1.1059629,BRFSS,23486,,DANN_NHANES
4.957215,4.65121,BRFSS,367703,,DANN_NHANES
-4.932474,2.9054253,BRFSS,133723,,DANN_NHANES
-1.514299,-1.6185954,BRFSS,128796,,DANN_NHANES
8.936797,0.89941037,BRFSS,207507,,DANN_NHANES
6.4422994,0.68767375,BRFSS,202408,,DANN_NHANES
-2.3703473,6.2076783,BRFSS,142992,,DANN_NHANES
-2.0186749,-1.1584773,BRFSS,283057,,DANN_NHANES
-0.621574,-19.384506,BRFSS,308445,,DANN_NHANES
0.006397301,3.8732665,BRFSS,113590,,DANN_NHANES
-5.9716306,13.024143,BRFSS,72968,,DANN_NHANES
-10.216455,2.3771894,BRFSS,101745,,DANN_NHANES
-0.36997423,-1.6811019,BRFSS,32494,,DANN_NHANES
4.4494004,3.4649072,BRFSS,177510,,DANN_NHANES
-3.2175324,9.518054,BRFSS,366485,,DANN_NHANES
-0.5737841,8.294837,BRFSS,59691,,DANN_NHANES
6.9369984,-0.95250624,BRFSS,328869,,DANN_NHANES
1.1220508,3.9331026,BRFSS,405519,,DANN_NHANES
1.1144693,-1.9392498,BRFSS,28427,,DANN_NHANES
-6.6916857,-15.897443,BRFSS,134390,,DANN_NHANES
-10.10156,1.9686313,BRFSS,330802,,DANN_NHANES
-4.2365136,1.8371053,BRFSS,147340,,DANN_NHANES
4.5453396,3.2240098,BRFSS,131017,,DANN_NHANES
-2.2110212,11.593178,BRFSS,333026,,DANN_NHANES
-0.14301576,-1.8527625,BRFSS,146008,,DANN_NHANES
1.011948,14.180187,BRFSS,348907,,DANN_NHANES
0.062443573,7.3702602,BRFSS,170218,,DANN_NHANES
0.52489144,10.09539,BRFSS,26313,,DANN_NHANES
-12.135053,0.9603845,BRFSS,117090,,DANN_NHANES
-10.116045,2.1084745,BRFSS,18049,,DANN_NHANES
-0.27393484,2.8787138,BRFSS,213537,,DANN_NHANES
-3.8883498,1.7926385,BRFSS,295282,,DANN_NHANES
-10.00211,1.8649348,BRFSS,380446,,DANN_NHANES
-5.399538,3.8147886,BRFSS,148085,,DANN_NHANES
2.318237,9.115083,BRFSS,35107,,DANN_NHANES
3.62442,3.5485172,BRFSS,145314,,DANN_NHANES
1.1015284,3.6878824,BRFSS,54455,,DANN_NHANES
5.4909835,-1.4975461,BRFSS,155511,,DANN_NHANES
5.55648,2.8449507,BRFSS,336594,,DANN_NHANES
1.899277e-05,7.7038264,BRFSS,49749,,DANN_NHANES
3.3361585,-2.4712987,BRFSS,442233,,DANN_NHANES
-3.8209045,3.5811002,BRFSS,334583,,DANN_NHANES
6.1107936,1.2415135,BRFSS,121661,,DANN_NHANES
-9.997926,3.716904,BRFSS,351156,,DANN_NHANES
4.868523,3.0898476,BRFSS,201840,,DANN_NHANES
-12.762256,-0.2595595,BRFSS,77318,,DANN_NHANES
8.15991,-0.17087133,BRFSS,95242,,DANN_NHANES
-0.019185435,12.826351,BRFSS,270202,,DANN_NHANES
-2.8715465,4.3131824,BRFSS,304855,,DANN_NHANES
-4.660815,6.0326133,BRFSS,11122,,DANN_NHANES
-9.115421,3.5617995,BRFSS,16370,,DANN_NHANES
9.033381,1.8928564,BRFSS,239557,,DANN_NHANES
-9.504416,2.7050397,BRFSS,442333,,DANN_NHANES
-0.48669448,2.3789012,BRFSS,212540,,DANN_NHANES
-2.3860462,-21.31945,BRFSS,424197,,DANN_NHANES
-4.191932,3.1202586,BRFSS,339687,,DANN_NHANES
-3.3238678,13.942985,BRFSS,173801,,DANN_NHANES
-11.103407,16.307068,NHANES,9207,Other Hispanic,DANN_NHANES
-3.476404,6.6110744,BRFSS,438573,,DANN_NHANES
5.0850525,0.99935484,BRFSS,118650,,DANN_NHANES
0.6679487,-1.9091969,BRFSS,169956,,DANN_NHANES
-4.2372084,-20.480087,BRFSS,121137,,DANN_NHANES
9.040746,0.7919501,BRFSS,314913,,DANN_NHANES
-4.554443,3.077596,BRFSS,127441,,DANN_NHANES
5.1269164,4.0594735,BRFSS,71455,,DANN_NHANES
13.652483,13.069514,BRFSS,306465,,DANN_NHANES
8.147845,-0.16649374,BRFSS,226573,,DANN_NHANES
0.5115588,7.8687067,BRFSS,276841,,DANN_NHANES
6.1007886,-1.5801189,BRFSS,17140,,DANN_NHANES
1.3658057,3.4800775,BRFSS,415435,,DANN_NHANES
5.435631,-2.45019,BRFSS,379429,,DANN_NHANES
-4.063709,13.966256,BRFSS,238011,,DANN_NHANES
6.344765,-0.58815104,BRFSS,358130,,DANN_NHANES
-9.59945,3.9246697,BRFSS,252771,,DANN_NHANES
8.409876,-0.34599343,BRFSS,133610,,DANN_NHANES
0.1016349,9.05945,BRFSS,297695,,DANN_NHANES
1.2005142,3.709235,BRFSS,11386,,DANN_NHANES
-11.097203,1.7683266,BRFSS,382502,,DANN_NHANES
-3.9065588,1.8388119,BRFSS,21367,,DANN_NHANES
-10.861033,16.548477,NHANES,9007,Non-Hispanic Asian,DANN_NHANES
-3.6160338,2.0661583,BRFSS,160216,,DANN_NHANES
2.4404047,9.237415,BRFSS,298128,,DANN_NHANES
4.9172564,-1.2494341,BRFSS,36689,,DANN_NHANES
4.8075266,1.9656733,BRFSS,378736,,DANN_NHANES
-3.253047,9.517792,BRFSS,315622,,DANN_NHANES
-1.8161833,9.578633,BRFSS,202939,,DANN_NHANES
4.5602646,0.11923338,BRFSS,46771,,DANN_NHANES
1.0568353,7.5418987,BRFSS,411841,,DANN_NHANES
0.20303036,0.5464671,BRFSS,265437,,DANN_NHANES
0.74054587,9.886112,BRFSS,28503,,DANN_NHANES
-11.089568,2.4945195,BRFSS,352668,,DANN_NHANES
0.021714596,12.877429,BRFSS,166438,,DANN_NHANES
6.4891047,-2.0070798,BRFSS,68122,,DANN_NHANES
4.283112,-3.3750482,BRFSS,379103,,DANN_NHANES
4.6398454,1.730346,BRFSS,149289,,DANN_NHANES
-1.0806613,-20.102758,BRFSS,145709,,DANN_NHANES
-0.63860106,-19.406874,BRFSS,74440,,DANN_NHANES
3.5873065,4.320636,BRFSS,423682,,DANN_NHANES
0.34989873,8.810358,BRFSS,246321,,DANN_NHANES
-3.4483519,14.03432,BRFSS,49913,,DANN_NHANES
0.92018676,-0.6812071,BRFSS,436232,,DANN_NHANES
-10.067822,2.4152455,BRFSS,89769,,DANN_NHANES
-0.52205515,5.111874,BRFSS,405930,,DANN_NHANES
5.251326,2.4983954,BRFSS,307397,,DANN_NHANES
0.060147867,-0.11014252,BRFSS,383218,,DANN_NHANES
3.4690008,3.685247,BRFSS,53425,,DANN_NHANES
-0.9892794,10.773359,BRFSS,209193,,DANN_NHANES
5.371547,-1.5851713,BRFSS,228538,,DANN_NHANES
-3.7725883,5.957753,BRFSS,17790,,DANN_NHANES
-12.972952,0.07948917,BRFSS,249904,,DANN_NHANES
0.8220213,8.475887,BRFSS,367380,,DANN_NHANES
-11.287988,2.3841028,BRFSS,200149,,DANN_NHANES
3.4182143,-1.5147702,BRFSS,187246,,DANN_NHANES
4.273306,4.904392,BRFSS,137280,,DANN_NHANES
-4.7158675,2.606827,BRFSS,97369,,DANN_NHANES
-0.5808474,11.916917,BRFSS,285244,,DANN_NHANES
0.06464283,0.5896122,BRFSS,282801,,DANN_NHANES
4.641683,1.7122298,BRFSS,141240,,DANN_NHANES
-9.028646,1.6016891,BRFSS,38133,,DANN_NHANES
0.92452127,-0.6039155,BRFSS,87218,,DANN_NHANES
-1.7375169,11.374084,BRFSS,175100,,DANN_NHANES
-10.933112,16.476604,NHANES,7167,Non-Hispanic White,DANN_NHANES
3.9055548,0.355742,BRFSS,82050,,DANN_NHANES
9.382537,2.105135,NHANES,3124,Non-Hispanic Black,DANN_NHANES
6.948754,-0.8706128,BRFSS,426408,,DANN_NHANES
-4.166499,5.4947963,BRFSS,12105,,DANN_NHANES
4.351102,0.29215363,BRFSS,69553,,DANN_NHANES
0.9107814,14.084676,BRFSS,339200,,DANN_NHANES
22.010859,-2.6823833,BRFSS,412024,,DANN_NHANES
6.52773,0.36211464,BRFSS,291040,,DANN_NHANES
5.027795,2.4199398,BRFSS,275938,,DANN_NHANES
22.476732,-3.1414635,BRFSS,76435,,DANN_NHANES
1.3080803,3.9604056,BRFSS,114847,,DANN_NHANES
-2.055524,3.9616919,BRFSS,445078,,DANN_NHANES
-3.8412387,5.528881,BRFSS,50646,,DANN_NHANES
5.737026,-0.26071075,BRFSS,18056,,DANN_NHANES
-0.64961714,5.6624937,BRFSS,408277,,DANN_NHANES
-4.11744,5.5637574,BRFSS,49310,,DANN_NHANES
-3.1625109,9.124316,BRFSS,446716,,DANN_NHANES
-10.863267,2.8791437,BRFSS,163938,,DANN_NHANES
4.960332,-3.5429754,BRFSS,402646,,DANN_NHANES
-3.7541022,1.9136469,BRFSS,151197,,DANN_NHANES
-1.7372407,1.2458408,BRFSS,226672,,DANN_NHANES
-3.932638,14.0033245,BRFSS,310627,,DANN_NHANES
0.36956805,-1.3964409,BRFSS,323755,,DANN_NHANES
-1.2017733,-1.8270191,BRFSS,385274,,DANN_NHANES
1.3615217,1.8257722,BRFSS,320337,,DANN_NHANES
9.042815,1.948201,BRFSS,337206,,DANN_NHANES
-2.933595,6.05956,BRFSS,343275,,DANN_NHANES
-8.94758,3.360735,BRFSS,304579,,DANN_NHANES
-0.20436023,3.0849903,BRFSS,221535,,DANN_NHANES
-2.0397532,-0.9205938,BRFSS,19752,,DANN_NHANES
-8.982997,3.2567325,BRFSS,449849,,DANN_NHANES
3.9666636,4.8146706,BRFSS,344705,,DANN_NHANES
-2.6397424,6.904893,BRFSS,108160,,DANN_NHANES
4.7962046,1.7005719,BRFSS,429949,,DANN_NHANES
0.3474292,2.7113006,BRFSS,271252,,DANN_NHANES
-2.7901378,12.829766,BRFSS,365228,,DANN_NHANES
-1.7098823,3.1793525,BRFSS,299682,,DANN_NHANES
-4.246189,-20.472807,BRFSS,423817,,DANN_NHANES
12.585986,-4.333931,BRFSS,344719,,DANN_NHANES
3.0991137,4.650971,BRFSS,69934,,DANN_NHANES
5.066795,1.0165627,BRFSS,136686,,DANN_NHANES
-9.768448,1.9800236,BRFSS,406176,,DANN_NHANES
-2.0676253,7.683361,BRFSS,326762,,DANN_NHANES
-0.61005837,-19.360764,BRFSS,312532,,DANN_NHANES
2.015389,9.345462,BRFSS,154013,,DANN_NHANES
-1.1748588,5.8783584,BRFSS,18406,,DANN_NHANES
-0.19295065,0.70717305,BRFSS,301243,,DANN_NHANES
-0.0069098813,12.839608,BRFSS,372485,,DANN_NHANES
4.271256,5.040536,BRFSS,51267,,DANN_NHANES
-10.025857,1.7628827,BRFSS,387514,,DANN_NHANES
0.29473558,10.835509,BRFSS,357217,,DANN_NHANES
2.4488232,9.248505,BRFSS,385492,,DANN_NHANES
-12.77464,0.7280239,BRFSS,355134,,DANN_NHANES
4.274575,-0.9063018,BRFSS,239718,,DANN_NHANES
-9.133374,1.851082,BRFSS,107887,,DANN_NHANES
0.2762464,13.274906,BRFSS,159737,,DANN_NHANES
-9.50873,2.6754394,BRFSS,87611,,DANN_NHANES
5.15864,5.0007396,BRFSS,256776,,DANN_NHANES
4.009498,4.3767595,BRFSS,401733,,DANN_NHANES
-0.7206996,6.9631147,BRFSS,319101,,DANN_NHANES
-4.361898,3.2346847,BRFSS,74758,,DANN_NHANES
-2.079597,-1.0127296,BRFSS,196871,,DANN_NHANES
-11.102292,2.757651,BRFSS,170898,,DANN_NHANES
-4.5028105,5.4497404,BRFSS,302933,,DANN_NHANES
-3.7366421,1.6209706,BRFSS,378450,,DANN_NHANES
5.213091,2.4264936,BRFSS,69269,,DANN_NHANES
-0.42807576,12.0368,BRFSS,348214,,DANN_NHANES
0.2505469,3.7396457,BRFSS,276472,,DANN_NHANES
-12.964417,0.016708633,BRFSS,72125,,DANN_NHANES
8.835214,0.43942076,BRFSS,225135,,DANN_NHANES
0.6264054,-0.91297144,BRFSS,191637,,DANN_NHANES
-2.456955,0.23248923,BRFSS,280877,,DANN_NHANES
0.6038817,7.497191,BRFSS,264285,,DANN_NHANES
0.9813555,14.15351,BRFSS,244649,,DANN_NHANES
-3.9132717,1.8396728,BRFSS,176742,,DANN_NHANES
0.048699483,0.93270284,BRFSS,256916,,DANN_NHANES
-3.4035652,12.111616,BRFSS,438797,,DANN_NHANES
5.6027107,-0.285956,BRFSS,379882,,DANN_NHANES
-5.2730856,3.8094292,BRFSS,197010,,DANN_NHANES
2.2295294,-1.468869,BRFSS,142526,,DANN_NHANES
-0.22671913,2.9296958,BRFSS,131410,,DANN_NHANES
4.9095845,1.5137889,BRFSS,294905,,DANN_NHANES
-0.5292595,5.246151,BRFSS,36111,,DANN_NHANES
4.328553,4.718234,BRFSS,433100,,DANN_NHANES
1.025727,7.5544214,BRFSS,279336,,DANN_NHANES
-1.2906439,8.405357,BRFSS,31783,,DANN_NHANES
-1.3259058,5.9394608,BRFSS,289969,,DANN_NHANES
13.69131,13.100886,BRFSS,382148,,DANN_NHANES
-4.0285172,5.6407676,BRFSS,221204,,DANN_NHANES
-2.6435616,4.2774186,BRFSS,138848,,DANN_NHANES
-0.49720132,-19.029652,BRFSS,252855,,DANN_NHANES
-2.3463142,11.581516,BRFSS,383313,,DANN_NHANES
5.0163956,0.417687,BRFSS,327029,,DANN_NHANES
5.2983103,2.7318485,BRFSS,224405,,DANN_NHANES
-3.2255473,9.55735,BRFSS,27752,,DANN_NHANES
3.9167037,3.6775024,BRFSS,387686,,DANN_NHANES
-3.4631934,6.6225963,BRFSS,334439,,DANN_NHANES
7.0246806,-0.064592995,BRFSS,439152,,DANN_NHANES
-0.64543813,9.842223,BRFSS,438129,,DANN_NHANES
-4.201562,13.833552,BRFSS,400527,,DANN_NHANES
-3.1759548,13.795802,BRFSS,347343,,DANN_NHANES
-10.322158,2.2350187,BRFSS,294920,,DANN_NHANES
-2.63795,2.5139484,BRFSS,220832,,DANN_NHANES
6.54011,0.7295275,BRFSS,137075,,DANN_NHANES
4.799789,-2.4907577,BRFSS,177528,,DANN_NHANES
8.880411,1.6359166,BRFSS,386021,,DANN_NHANES
4.0062885,-0.08492783,NHANES,7645,Non-Hispanic Asian,DANN_NHANES
-2.0099916,-21.091444,BRFSS,234569,,DANN_NHANES
-0.70888376,-19.526255,BRFSS,390398,,DANN_NHANES
-5.088947,12.658084,BRFSS,124017,,DANN_NHANES
-1.0258646,-20.021093,BRFSS,363870,,DANN_NHANES
-1.515385,1.2759931,BRFSS,286901,,DANN_NHANES
-12.799609,-0.009223635,BRFSS,13119,,DANN_NHANES
-2.0257297,1.3315823,BRFSS,260168,,DANN_NHANES
-2.3629785,6.2490716,BRFSS,84132,,DANN_NHANES
-3.8669417,3.4343069,BRFSS,290735,,DANN_NHANES
-0.8425052,10.3055105,BRFSS,383877,,DANN_NHANES
-1.5995964,1.2710055,BRFSS,242723,,DANN_NHANES
-1.1324407,10.037834,BRFSS,203196,,DANN_NHANES
-0.5391218,2.3708878,BRFSS,260486,,DANN_NHANES
3.5506215,-2.8998067,BRFSS,210076,,DANN_NHANES
7.7606683,-0.44155237,BRFSS,144601,,DANN_NHANES
0.07662542,7.730833,BRFSS,87580,,DANN_NHANES
0.76061314,13.921681,BRFSS,267994,,DANN_NHANES
7.15587,-0.20905472,BRFSS,209449,,DANN_NHANES
5.881696,5.215366,BRFSS,113252,,DANN_NHANES
-11.971458,0.43009895,BRFSS,49680,,DANN_NHANES
12.522031,-4.2408886,BRFSS,405867,,DANN_NHANES
3.5086687,4.6506534,BRFSS,342996,,DANN_NHANES
-0.6011093,-18.54188,BRFSS,23488,,DANN_NHANES
-11.100677,16.30981,PIMA,456,Pima Indian,DANN_NHANES
-1.92407,-21.022182,BRFSS,186701,,DANN_NHANES
2.1098378,8.756166,BRFSS,251137,,DANN_NHANES
-1.730375,2.8356063,BRFSS,229112,,DANN_NHANES
-3.2848897,6.705356,BRFSS,420021,,DANN_NHANES
-9.012181,3.713252,BRFSS,50252,,DANN_NHANES
-3.2378345,2.5203261,BRFSS,63679,,DANN_NHANES
-2.7921789,12.8533125,BRFSS,96801,,DANN_NHANES
-9.674223,4.0261827,BRFSS,251605,,DANN_NHANES
-4.440958,-20.17923,BRFSS,198706,,DANN_NHANES
9.18951,2.379066,BRFSS,143612,,DANN_NHANES
-2.3007808,11.5767,BRFSS,410771,,DANN_NHANES
-4.8639407,5.0918736,BRFSS,368495,,DANN_NHANES
1.5412849,3.9741857,BRFSS,172769,,DANN_NHANES
-3.6851149,2.4302807,BRFSS,430320,,DANN_NHANES
-11.282249,1.8575783,BRFSS,233127,,DANN_NHANES
-1.9892955,-21.078447,BRFSS,92597,,DANN_NHANES
3.1008806,4.6902423,BRFSS,394070,,DANN_NHANES
-10.692276,1.5095764,BRFSS,318515,,DANN_NHANES
-9.93966,1.9941819,BRFSS,326173,,DANN_NHANES
3.9882083,3.8234978,BRFSS,38516,,DANN_NHANES
8.63463,0.14390238,BRFSS,100637,,DANN_NHANES
-0.46756893,-18.95614,BRFSS,226941,,DANN_NHANES
3.6742563,4.634428,BRFSS,150398,,DANN_NHANES
5.7242727,-2.5369298,BRFSS,77385,,DANN_NHANES
-4.259132,-20.457512,BRFSS,159540,,DANN_NHANES
1.5231984,-1.8623163,BRFSS,13525,,DANN_NHANES
-4.533908,-19.995117,BRFSS,391306,,DANN_NHANES
12.459512,-4.08187,BRFSS,127478,,DANN_NHANES
0.5449641,0.23378752,BRFSS,279606,,DANN_NHANES
-1.2452329,8.952034,BRFSS,261972,,DANN_NHANES
-2.148031,7.657308,BRFSS,410383,,DANN_NHANES
-2.3605886,-21.299786,BRFSS,158088,,DANN_NHANES
-2.8278193,13.028258,BRFSS,410116,,DANN_NHANES
5.0319414,0.65282667,BRFSS,21395,,DANN_NHANES
13.468743,11.718165,BRFSS,43997,,DANN_NHANES
-0.47960123,5.208631,BRFSS,260303,,DANN_NHANES
-0.44911897,-18.977226,BRFSS,343128,,DANN_NHANES
-0.77366495,6.9495583,BRFSS,220395,,DANN_NHANES
-2.2469864,6.516121,BRFSS,401829,,DANN_NHANES
4.644906,3.0177715,BRFSS,61021,,DANN_NHANES
-5.981708,13.031317,BRFSS,262878,,DANN_NHANES
5.021151,-3.5889964,BRFSS,331156,,DANN_NHANES
12.479043,-4.10204,BRFSS,163222,,DANN_NHANES
-0.4208517,-0.7252844,BRFSS,334464,,DANN_NHANES
-2.1134722,10.086029,BRFSS,247609,,DANN_NHANES
-0.96023434,-19.952875,BRFSS,179840,,DANN_NHANES
-3.6473994,1.9777334,BRFSS,207685,,DANN_NHANES
-4.4441595,4.7839084,BRFSS,305863,,DANN_NHANES
2.3153985,9.291356,BRFSS,412793,,DANN_NHANES
-5.347542,12.781911,BRFSS,83976,,DANN_NHANES
5.085069,1.3221962,BRFSS,97734,,DANN_NHANES
5.5668936,1.9578122,BRFSS,30574,,DANN_NHANES
-3.6933088,2.4340172,BRFSS,383453,,DANN_NHANES
-4.8177376,12.548114,BRFSS,278953,,DANN_NHANES
8.767001,0.3727517,BRFSS,370350,,DANN_NHANES
5.39686,1.1198841,BRFSS,235990,,DANN_NHANES
-0.13908945,9.446949,BRFSS,113801,,DANN_NHANES
12.383274,-3.9247797,BRFSS,386337,,DANN_NHANES
-1.84784,-20.955105,BRFSS,22570,,DANN_NHANES
4.9827495,2.421997,BRFSS,396823,,DANN_NHANES
-1.7419583,0.0251654,BRFSS,100214,,DANN_NHANES
-2.189943,6.599574,BRFSS,436141,,DANN_NHANES
4.675339,1.68817,BRFSS,57632,,DANN_NHANES
4.015294,-0.63948494,BRFSS,39510,,DANN_NHANES
-1.9902347,10.469822,BRFSS,373931,,DANN_NHANES
-2.4775345,11.554799,BRFSS,310061,,DANN_NHANES
-4.3593116,12.669052,BRFSS,292666,,DANN_NHANES
8.905957,1.4336604,BRFSS,393263,,DANN_NHANES
-1.160551,11.031075,BRFSS,418967,,DANN_NHANES
4.5873027,-3.1080813,BRFSS,435172,,DANN_NHANES
-2.6416032,2.503873,BRFSS,220606,,DANN_NHANES
-2.5779893,2.4744976,BRFSS,162490,,DANN_NHANES
8.448332,-0.3439014,BRFSS,50161,,DANN_NHANES
3.9273393,0.18396132,BRFSS,21655,,DANN_NHANES
-1.6114802,8.1199255,BRFSS,53115,,DANN_NHANES
6.461986,4.9679275,BRFSS,231663,,DANN_NHANES
-0.16214083,7.2191195,BRFSS,341783,,DANN_NHANES
-12.112503,1.3746879,BRFSS,336518,,DANN_NHANES
-2.1333013,10.332116,BRFSS,34995,,DANN_NHANES
-0.8632996,5.8099737,BRFSS,180968,,DANN_NHANES
0.78752285,7.8518834,BRFSS,401295,,DANN_NHANES
-0.61300266,10.437757,BRFSS,126117,,DANN_NHANES
4.953545,0.5683121,BRFSS,189902,,DANN_NHANES
-0.479115,-19.005493,BRFSS,32989,,DANN_NHANES
3.5414813,-1.472584,BRFSS,268788,,DANN_NHANES
-2.384567,11.570395,BRFSS,312266,,DANN_NHANES
5.1465955,-1.6111571,BRFSS,288801,,DANN_NHANES
-0.6781275,2.3713377,BRFSS,39915,,DANN_NHANES
0.24623007,10.821797,BRFSS,140455,,DANN_NHANES
3.4862485,-2.28138,BRFSS,286192,,DANN_NHANES
-1.6135054,8.1559725,BRFSS,315960,,DANN_NHANES
12.454556,-4.0773296,BRFSS,109278,,DANN_NHANES
-2.1289053,10.396801,BRFSS,446536,,DANN_NHANES
-2.3284192,-21.289764,BRFSS,64644,,DANN_NHANES
-5.286764,3.6368468,BRFSS,164429,,DANN_NHANES
-0.55375093,-18.615158,BRFSS,86503,,DANN_NHANES
-3.916536,3.692287,BRFSS,280584,,DANN_NHANES
13.689982,13.096021,BRFSS,214674,,DANN_NHANES
-1.3286208,11.686543,BRFSS,371994,,DANN_NHANES
-0.9350142,-19.91182,BRFSS,52893,,DANN_NHANES
6.1492624,-0.03431497,BRFSS,188905,,DANN_NHANES
9.075223,2.539349,BRFSS,320905,,DANN_NHANES
-1.7735878,1.2544106,BRFSS,201946,,DANN_NHANES
5.6144996,-3.7717614,BRFSS,377244,,DANN_NHANES
0.8927924,9.308996,BRFSS,373983,,DANN_NHANES
-3.6665785,3.3020966,BRFSS,383955,,DANN_NHANES
0.9445125,14.117948,BRFSS,414541,,DANN_NHANES
-0.66659224,11.557993,BRFSS,283590,,DANN_NHANES
-2.71059,4.266115,BRFSS,133560,,DANN_NHANES
8.955588,0.9461619,BRFSS,341215,,DANN_NHANES
0.39275292,-0.014926287,BRFSS,152637,,DANN_NHANES
-9.730979,3.8974493,BRFSS,236133,,DANN_NHANES
0.04357009,-1.1417133,BRFSS,437487,,DANN_NHANES
-2.0036142,-0.8796177,BRFSS,409076,,DANN_NHANES
4.713163,-2.2883937,BRFSS,425234,,DANN_NHANES
-3.8750498,5.9361796,NHANES,8251,Non-Hispanic White,DANN_NHANES
-4.206288,-20.509811,BRFSS,52526,,DANN_NHANES
3.3537748,-2.4959083,BRFSS,197851,,DANN_NHANES
-4.874222,5.3339634,BRFSS,315389,,DANN_NHANES
-8.949123,3.3956225,BRFSS,107513,,DANN_NHANES
6.475153,0.30664626,BRFSS,293885,,DANN_NHANES
1.5280415,-1.8299345,BRFSS,40367,,DANN_NHANES
3.2074504,4.597692,BRFSS,211269,,DANN_NHANES
-9.055055,1.6322579,BRFSS,85967,,DANN_NHANES
-12.391473,0.71094227,BRFSS,216775,,DANN_NHANES
0.9753278,-1.7777004,BRFSS,318952,,DANN_NHANES
4.8065844,3.585081,BRFSS,40999,,DANN_NHANES
-2.4050138,11.8274145,BRFSS,35360,,DANN_NHANES
-8.835438,3.1813455,BRFSS,143870,,DANN_NHANES
4.361554,-1.4542832,NHANES,2954,Non-Hispanic Black,DANN_NHANES
6.033077,1.462576,BRFSS,339921,,DANN_NHANES
-10.172914,1.221087,BRFSS,399581,,DANN_NHANES
1.6080337,3.8327386,BRFSS,71681,,DANN_NHANES
-0.41882014,-1.6833847,BRFSS,425203,,DANN_NHANES
-4.491039,-20.11459,BRFSS,252776,,DANN_NHANES
4.6785665,-0.6195236,BRFSS,403653,,DANN_NHANES
5.0852017,-3.614932,BRFSS,353987,,DANN_NHANES
6.806519,-0.7801344,BRFSS,106284,,DANN_NHANES
3.7134297,4.2460437,BRFSS,179079,,DANN_NHANES
-2.9119108,4.2967396,BRFSS,164815,,DANN_NHANES
5.568675,1.5433469,BRFSS,370241,,DANN_NHANES
-4.3955507,8.287069,BRFSS,298989,,DANN_NHANES
4.012453,4.6440883,BRFSS,351985,,DANN_NHANES
-4.176062,13.9182,BRFSS,96283,,DANN_NHANES
-0.010376952,3.8994272,BRFSS,186332,,DANN_NHANES
1.3331766,2.9232833,BRFSS,200503,,DANN_NHANES
-1.4850732,-1.651579,BRFSS,40401,,DANN_NHANES
3.3961027,-2.7800686,BRFSS,16021,,DANN_NHANES
-0.62885225,1.3544545,BRFSS,343337,,DANN_NHANES
-1.439723,11.6490345,BRFSS,338035,,DANN_NHANES
-3.2895849,12.166534,BRFSS,339866,,DANN_NHANES
4.238495,-3.5640583,BRFSS,141052,,DANN_NHANES
-4.834478,4.711243,BRFSS,104235,,DANN_NHANES
4.8386493,-2.5020823,BRFSS,88276,,DANN_NHANES
0.37971658,10.512813,BRFSS,253519,,DANN_NHANES
4.766513,-0.95103645,BRFSS,406429,,DANN_NHANES
5.8969145,-2.1504023,BRFSS,236713,,DANN_NHANES
0.14336707,0.33735856,BRFSS,242259,,DANN_NHANES
5.403637,2.7065117,BRFSS,186716,,DANN_NHANES
4.147844,3.7509968,BRFSS,77944,,DANN_NHANES
0.2282621,8.661381,BRFSS,222360,,DANN_NHANES
3.2333674,4.4849873,BRFSS,425577,,DANN_NHANES
-4.06639,-20.599169,BRFSS,43472,,DANN_NHANES
-2.2703657,3.6176128,BRFSS,397697,,DANN_NHANES
-1.6576952,1.2845814,BRFSS,437657,,DANN_NHANES
13.470983,12.936532,BRFSS,93575,,DANN_NHANES
0.17796384,10.80555,BRFSS,167889,,DANN_NHANES
-0.13544227,2.0125165,BRFSS,151569,,DANN_NHANES
-4.933199,5.0780787,BRFSS,95514,,DANN_NHANES
5.691568,0.95817757,BRFSS,393657,,DANN_NHANES
6.956257,-0.8720798,BRFSS,443562,,DANN_NHANES
1.446027,3.9678128,BRFSS,256075,,DANN_NHANES
-1.2626755,7.5680566,BRFSS,244139,,DANN_NHANES
-0.64269197,11.566292,BRFSS,418608,,DANN_NHANES
-3.1257646,4.4226155,BRFSS,241017,,DANN_NHANES
8.799996,0.35080168,BRFSS,436977,,DANN_NHANES
5.2912045,-3.8758652,BRFSS,64017,,DANN_NHANES
-2.1161692,11.216446,BRFSS,345556,,DANN_NHANES
-2.0030487,1.1960106,BRFSS,11295,,DANN_NHANES
0.20073785,8.255762,BRFSS,225608,,DANN_NHANES
-0.4732948,-19.00358,BRFSS,148662,,DANN_NHANES
6.5479684,-0.7202069,BRFSS,424534,,DANN_NHANES
-2.0282762,-1.1384224,BRFSS,43554,,DANN_NHANES
-4.3905168,3.2846272,BRFSS,151538,,DANN_NHANES
-11.014559,1.3013078,BRFSS,60349,,DANN_NHANES
-0.67550415,11.768716,BRFSS,261321,,DANN_NHANES
-9.947721,3.6931055,BRFSS,425480,,DANN_NHANES
5.6461115,-3.758302,BRFSS,328029,,DANN_NHANES
-12.229207,1.0490175,BRFSS,198540,,DANN_NHANES
-11.066491,16.343922,NHANES,8638,Non-Hispanic White,DANN_NHANES
-1.5808003,-0.06578043,BRFSS,430586,,DANN_NHANES
5.638896,-2.598107,BRFSS,330998,,DANN_NHANES
-1.8873833,3.1417744,BRFSS,304680,,DANN_NHANES
-12.637186,-0.10463071,BRFSS,360135,,DANN_NHANES
12.698583,-4.6455846,BRFSS,302700,,DANN_NHANES
5.606194,1.929247,BRFSS,267636,,DANN_NHANES
4.2936673,-0.90626323,BRFSS,211856,,DANN_NHANES
13.482718,11.670089,BRFSS,398376,,DANN_NHANES
-4.277439,5.43401,BRFSS,67881,,DANN_NHANES
5.6656914,1.1611122,BRFSS,130929,,DANN_NHANES
-5.175728,12.697284,BRFSS,66559,,DANN_NHANES
0.005352808,-1.7262152,BRFSS,109527,,DANN_NHANES
-1.3058501,5.9209843,BRFSS,221319,,DANN_NHANES
4.61552,-0.08678078,BRFSS,352692,,DANN_NHANES
-4.425964,8.313026,BRFSS,228994,,DANN_NHANES
5.8445096,-1.7021655,BRFSS,81804,,DANN_NHANES
-4.629486,2.576958,BRFSS,427949,,DANN_NHANES
-5.398436,3.7693846,BRFSS,121068,,DANN_NHANES
4.9915566,2.6544793,BRFSS,297099,,DANN_NHANES
-0.6329266,1.368669,BRFSS,11036,,DANN_NHANES
-9.641999,2.7289555,BRFSS,298972,,DANN_NHANES
-0.99655414,10.746799,BRFSS,131947,,DANN_NHANES
-2.330566,4.284041,BRFSS,414460,,DANN_NHANES
3.304606,-2.6289732,BRFSS,254877,,DANN_NHANES
-3.1178637,9.410321,BRFSS,24161,,DANN_NHANES
-8.881876,3.2211337,BRFSS,281392,,DANN_NHANES
-4.7879276,12.571087,BRFSS,391346,,DANN_NHANES
0.95186335,3.8540757,BRFSS,295458,,DANN_NHANES
-1.6384674,3.1304684,BRFSS,125751,,DANN_NHANES
-4.176796,13.922736,BRFSS,177363,,DANN_NHANES
-11.28593,2.246158,BRFSS,58767,,DANN_NHANES
-9.030437,1.6000745,BRFSS,41457,,DANN_NHANES
-0.7113238,9.760581,BRFSS,426388,,DANN_NHANES
-0.027326344,7.3035407,BRFSS,174225,,DANN_NHANES
4.871879,2.8399205,BRFSS,77290,,DANN_NHANES
5.086569,4.6338444,BRFSS,402796,,DANN_NHANES
0.081103854,-1.7117076,BRFSS,103402,,DANN_NHANES
-2.3142405,2.2020361,BRFSS,347930,,DANN_NHANES
0.46713525,2.7824244,BRFSS,416053,,DANN_NHANES
-12.476834,0.9040135,BRFSS,274864,,DANN_NHANES
4.6145563,-3.3349323,BRFSS,34611,,DANN_NHANES
-0.6054495,-19.360155,BRFSS,189689,,DANN_NHANES
-5.411236,3.8426888,BRFSS,259982,,DANN_NHANES
2.1135595,8.764424,BRFSS,257696,,DANN_NHANES
3.982324,0.6116548,BRFSS,448607,,DANN_NHANES
-4.4208198,8.312761,BRFSS,250076,,DANN_NHANES
-9.24625,2.2703,BRFSS,132081,,DANN_NHANES
0.04309552,12.912326,BRFSS,386543,,DANN_NHANES
6.8155966,-0.7781434,BRFSS,348753,,DANN_NHANES
1.3107861,1.6115808,BRFSS,240418,,DANN_NHANES
-4.149074,2.0056562,BRFSS,175931,,DANN_NHANES
-3.5792277,2.3384151,BRFSS,106804,,DANN_NHANES
5.4002585,3.8713977,BRFSS,365076,,DANN_NHANES
-1.1495484,10.663019,BRFSS,222973,,DANN_NHANES
9.051985,2.5652277,BRFSS,71481,,DANN_NHANES
4.7958374,-0.93372434,BRFSS,445012,,DANN_NHANES
4.8935704,-0.90438294,BRFSS,443669,,DANN_NHANES
-0.6016842,-19.340057,BRFSS,340351,,DANN_NHANES
-1.3074011,-1.7742304,BRFSS,424160,,DANN_NHANES
-1.8912226,6.7565556,BRFSS,29361,,DANN_NHANES
8.910526,1.4398727,BRFSS,195672,,DANN_NHANES
0.5498569,10.621988,BRFSS,107590,,DANN_NHANES
-0.7311993,2.3803523,BRFSS,95699,,DANN_NHANES
-1.5853904,6.3824134,BRFSS,399499,,DANN_NHANES
-2.252896,3.6153781,BRFSS,135536,,DANN_NHANES
-3.6728466,2.4717603,BRFSS,90700,,DANN_NHANES
1.3499321,1.8511204,BRFSS,259168,,DANN_NHANES
-0.86808026,-19.810543,BRFSS,158964,,DANN_NHANES
-1.3121524,-20.408833,BRFSS,190496,,DANN_NHANES
-1.3092281,1.7353956,BRFSS,35945,,DANN_NHANES
12.896135,-5.121537,BRFSS,177927,,DANN_NHANES
-4.133523,13.938198,BRFSS,246023,,DANN_NHANES
-0.8355192,6.92194,BRFSS,222267,,DANN_NHANES
3.824411,-3.1215456,BRFSS,111741,,DANN_NHANES
1.327905,2.887221,BRFSS,395069,,DANN_NHANES
1.4098659,8.912647,BRFSS,138889,,DANN_NHANES
2.1694257,8.872539,BRFSS,177567,,DANN_NHANES
-1.116412,-1.4214993,BRFSS,225230,,DANN_NHANES
0.17772445,1.4735129,BRFSS,206046,,DANN_NHANES
-1.7825508,11.620583,BRFSS,80527,,DANN_NHANES
0.5642904,10.170146,BRFSS,413021,,DANN_NHANES
-1.0041243,-19.999945,BRFSS,334557,,DANN_NHANES
3.461253,4.758676,BRFSS,215472,,DANN_NHANES
5.2262206,2.251197,BRFSS,352942,,DANN_NHANES
-1.2998494,11.440209,BRFSS,432813,,DANN_NHANES
4.1994567,5.028253,BRFSS,170617,,DANN_NHANES
4.7900877,-3.3567886,BRFSS,404183,,DANN_NHANES
5.96866,0.025528563,BRFSS,71848,,DANN_NHANES
-12.4615755,0.840368,BRFSS,59272,,DANN_NHANES
0.9556167,14.129167,BRFSS,239185,,DANN_NHANES
-2.6354887,2.4985106,BRFSS,376819,,DANN_NHANES
-0.4516572,2.6851714,BRFSS,356715,,DANN_NHANES
5.3745046,-1.5877701,BRFSS,67223,,DANN_NHANES
-5.2126374,12.720786,BRFSS,25838,,DANN_NHANES
-11.364086,0.44864276,BRFSS,112739,,DANN_NHANES
-2.383439,0.6931598,BRFSS,432627,,DANN_NHANES
-10.9388685,2.1276853,BRFSS,446112,,DANN_NHANES
-11.582968,1.6546799,BRFSS,156935,,DANN_NHANES
-1.314777,-20.41138,BRFSS,283572,,DANN_NHANES
5.0981054,1.3126733,BRFSS,337691,,DANN_NHANES
-0.6408795,9.837825,BRFSS,392556,,DANN_NHANES
-1.939534,6.445021,BRFSS,344776,,DANN_NHANES
5.598105,1.5975411,BRFSS,112807,,DANN_NHANES
5.4964147,4.047794,BRFSS,88066,,DANN_NHANES
-1.7897364,10.300051,BRFSS,354795,,DANN_NHANES
-4.109368,8.831922,BRFSS,195299,,DANN_NHANES
-0.047308195,12.734669,BRFSS,439338,,DANN_NHANES
-8.956174,3.3048618,BRFSS,392499,,DANN_NHANES
4.1658683,4.793906,BRFSS,192017,,DANN_NHANES
-2.092288,10.124238,BRFSS,222545,,DANN_NHANES
-2.9471083,6.2676783,BRFSS,78435,,DANN_NHANES
-0.39494738,-1.7216955,BRFSS,123035,,DANN_NHANES
0.2106263,8.627839,BRFSS,407974,,DANN_NHANES
4.0132856,-0.48338002,BRFSS,19664,,DANN_NHANES
0.8197898,3.1832936,BRFSS,430898,,DANN_NHANES
8.215624,-0.28470954,BRFSS,272050,,DANN_NHANES
-0.55330545,8.309074,BRFSS,445095,,DANN_NHANES
-0.5463862,-18.635439,BRFSS,48661,,DANN_NHANES
-2.788482,8.813111,BRFSS,201670,,DANN_NHANES
-1.9389172,10.201647,BRFSS,375804,,DANN_NHANES
-1.2116317,8.97787,BRFSS,107320,,DANN_NHANES
-1.2836795,-1.7834985,NHANES,9032,Mexican American,DANN_NHANES
-2.425168,0.7245376,BRFSS,427675,,DANN_NHANES
-10.862905,3.0460684,BRFSS,335792,,DANN_NHANES
0.79271966,7.8855624,BRFSS,426672,,DANN_NHANES
-3.910631,5.7193737,BRFSS,365140,,DANN_NHANES
-2.3190312,2.1946146,BRFSS,424127,,DANN_NHANES
-2.1342752,10.342166,BRFSS,51100,,DANN_NHANES
-3.3730574,6.847422,BRFSS,245918,,DANN_NHANES
4.8069234,1.7003747,BRFSS,303342,,DANN_NHANES
-1.3744891,7.794866,BRFSS,28854,,DANN_NHANES
2.972604,-1.5647961,BRFSS,58591,,DANN_NHANES
5.6127205,1.9551569,BRFSS,396784,,DANN_NHANES
6.619738,0.18417878,BRFSS,24686,,DANN_NHANES
-3.0979254,13.681831,BRFSS,238579,,DANN_NHANES
-0.4863603,1.0997818,BRFSS,256294,,DANN_NHANES
22.11187,-2.782599,BRFSS,174174,,DANN_NHANES
0.5324982,1.4362463,BRFSS,141237,,DANN_NHANES
-1.6872277,0.52067846,BRFSS,230003,,DANN_NHANES
0.82025003,1.3610814,BRFSS,17572,,DANN_NHANES
0.6674652,-1.8919665,BRFSS,40924,,DANN_NHANES
-0.38645294,-1.7277199,BRFSS,348524,,DANN_NHANES
-0.85705715,7.796222,BRFSS,343103,,DANN_NHANES
6.4272623,4.9401655,BRFSS,217693,,DANN_NHANES
-4.8893723,5.2359624,BRFSS,104609,,DANN_NHANES
-2.1090634,0.20885122,BRFSS,232175,,DANN_NHANES
12.847236,-5.0274487,BRFSS,362089,,DANN_NHANES
-2.2670991,8.207123,BRFSS,190018,,DANN_NHANES
-10.96957,16.440147,NHANES,1656,Non-Hispanic Black,DANN_NHANES
4.9493375,2.0919106,BRFSS,279928,,DANN_NHANES
-4.543084,-19.97731,BRFSS,276101,,DANN_NHANES
1.229255,8.789702,BRFSS,228287,,DANN_NHANES
5.9643745,4.836097,BRFSS,362672,,DANN_NHANES
5.5812745,4.2504196,BRFSS,120161,,DANN_NHANES
-0.95788634,1.7257584,BRFSS,190158,,DANN_NHANES
-9.131418,1.8718952,BRFSS,27170,,DANN_NHANES
9.41114,2.0599763,BRFSS,104508,,DANN_NHANES
0.7607015,9.880921,BRFSS,415696,,DANN_NHANES
-11.07607,1.5058581,BRFSS,436840,,DANN_NHANES
-0.7685024,6.947652,BRFSS,354829,,DANN_NHANES
-10.006136,3.6752167,BRFSS,443882,,DANN_NHANES
4.520631,3.6495993,BRFSS,351977,,DANN_NHANES
0.8898015,-1.7608993,BRFSS,397647,,DANN_NHANES
-0.9093352,10.770838,BRFSS,96239,,DANN_NHANES
-3.5733056,2.1687772,NHANES,1286,Other Race,DANN_NHANES
5.5175147,1.9198592,BRFSS,387711,,DANN_NHANES
-3.3801186,6.791867,BRFSS,187702,,DANN_NHANES
8.282067,-0.53058803,BRFSS,166148,,DANN_NHANES
5.957644,3.3511112,BRFSS,220418,,DANN_NHANES
-1.7164388,1.4237068,BRFSS,64713,,DANN_NHANES
5.971415,3.3759277,BRFSS,123803,,DANN_NHANES
0.9979318,1.4093511,BRFSS,219417,,DANN_NHANES
4.1773567,0.54710937,BRFSS,296646,,DANN_NHANES
-0.39067593,-0.6555794,BRFSS,403757,,DANN_NHANES
-4.77306,5.309535,BRFSS,207238,,DANN_NHANES
-4.0014,8.9762945,BRFSS,25862,,DANN_NHANES
-1.1970335,9.478756,BRFSS,104548,,DANN_NHANES
-1.0194564,11.780544,BRFSS,163678,,DANN_NHANES
-10.855986,3.059204,BRFSS,445513,,DANN_NHANES
6.314335,1.1355376,BRFSS,90382,,DANN_NHANES
6.5507216,-1.7366978,BRFSS,76125,,DANN_NHANES
-3.7370412,5.8420076,BRFSS,245536,,DANN_NHANES
-5.402693,12.80577,BRFSS,302580,,DANN_NHANES
6.604507,-1.4295143,BRFSS,342689,,DANN_NHANES
-2.2008672,6.5619903,BRFSS,99983,,DANN_NHANES
6.324883,-0.9489168,BRFSS,235006,,DANN_NHANES
5.2772512,-2.1899219,BRFSS,45738,,DANN_NHANES
6.321522,-0.6327426,BRFSS,148498,,DANN_NHANES
8.768714,0.028240664,BRFSS,67796,,DANN_NHANES
-2.1342647,-21.180838,BRFSS,122468,,DANN_NHANES
3.187986,4.4721193,BRFSS,59205,,DANN_NHANES
3.6400802,4.706715,BRFSS,184554,,DANN_NHANES
6.4162745,4.911876,BRFSS,217483,,DANN_NHANES
-9.34644,2.3378155,BRFSS,252642,,DANN_NHANES
-1.6120514,8.7444105,BRFSS,275125,,DANN_NHANES
-5.721824,12.939199,BRFSS,154662,,DANN_NHANES
-11.295917,2.0994809,BRFSS,392230,,DANN_NHANES
0.9308898,9.36714,BRFSS,184484,,DANN_NHANES
0.13750714,3.793734,BRFSS,130225,,DANN_NHANES
1.3169268,2.9117875,BRFSS,444240,,DANN_NHANES
12.283846,-3.7898207,BRFSS,328618,,DANN_NHANES
5.5153527,-1.4622933,BRFSS,411816,,DANN_NHANES
3.1941054,4.471353,BRFSS,398938,,DANN_NHANES
4.650621,-3.3442318,BRFSS,375805,,DANN_NHANES
-10.367809,1.0651522,BRFSS,215786,,DANN_NHANES
-5.3080373,3.9713123,BRFSS,284200,,DANN_NHANES
0.19635415,8.645082,BRFSS,378980,,DANN_NHANES
8.87726,1.4767675,BRFSS,254731,,DANN_NHANES
-4.97479,2.991021,BRFSS,78119,,DANN_NHANES
-1.1138997,7.125581,BRFSS,144875,,DANN_NHANES
5.270177,-4.23151,BRFSS,45818,,DANN_NHANES
5.83259,4.705651,BRFSS,150861,,DANN_NHANES
-4.5488534,5.486721,BRFSS,359720,,DANN_NHANES
-9.654383,1.371795,BRFSS,354074,,DANN_NHANES
-0.83389187,5.7959895,BRFSS,176041,,DANN_NHANES
-0.4252565,0.37280676,BRFSS,274888,,DANN_NHANES
9.219534,2.168978,BRFSS,101800,,DANN_NHANES
-4.116293,8.865351,BRFSS,263174,,DANN_NHANES
-2.0415392,-0.72586066,BRFSS,257438,,DANN_NHANES
1.3620707,2.5576472,BRFSS,34010,,DANN_NHANES
-4.584971,-19.923927,BRFSS,400211,,DANN_NHANES
0.8892791,2.829749,BRFSS,352020,,DANN_NHANES
-0.4114863,-1.3444824,BRFSS,14264,,DANN_NHANES
3.983582,4.964169,BRFSS,399914,,DANN_NHANES
5.05639,-3.8836772,BRFSS,23997,,DANN_NHANES
0.3346935,2.70065,BRFSS,242938,,DANN_NHANES
-0.46560755,5.2153525,BRFSS,314193,,DANN_NHANES
-1.6721237,6.249702,BRFSS,348966,,DANN_NHANES
-2.3937926,-21.327993,BRFSS,221096,,DANN_NHANES
-3.8183448,3.462419,BRFSS,233611,,DANN_NHANES
-12.362903,1.4130024,BRFSS,349946,,DANN_NHANES
