umap_x,umap_y,domain,sample_idx,protected,method
4.4451704,-0.02554979,BRFSS,165046,,MMD_BRFSS
4.955131,-1.812498,BRFSS,165341,,MMD_BRFSS
13.349982,0.07632219,BRFSS,92803,,MMD_BRFSS
11.202116,6.186024,BRFSS,240625,,MMD_BRFSS
-15.351827,14.078875,BRFSS,218723,,MMD_BRFSS
2.6208909,1.4578029,BRFSS,290750,,MMD_BRFSS
0.8820481,12.69704,BRFSS,213430,,MMD_BRFSS
12.729414,4.6925673,BRFSS,418318,,MMD_BRFSS
9.816542,0.8800822,BRFSS,130398,,MMD_BRFSS
3.3337705,-0.32603633,BRFSS,428525,,MMD_BRFSS
12.681488,17.004797,BRFSS,244930,,MMD_BRFSS
5.3559465,2.8019207,BRFSS,360967,,MMD_BRFSS
9.376894,4.6873083,BRFSS,19590,,MMD_BRFSS
0.073306546,11.083056,BRFSS,194078,,MMD_BRFSS
0.8319037,8.660908,BRFSS,28833,,MMD_BRFSS
15.970907,2.609965,BRFSS,223283,,MMD_BRFSS
10.882973,0.62101114,BRFSS,209754,,MMD_BRFSS
13.55448,8.425716,BRFSS,208349,,MMD_BRFSS
16.397385,6.283737,BRFSS,81843,,MMD_BRFSS
0.93881804,6.346851,BRFSS,435869,,MMD_BRFSS
-15.720734,12.846843,BRFSS,288957,,MMD_BRFSS
2.3177161,8.697644,BRFSS,154379,,MMD_BRFSS
11.01474,2.473495,BRFSS,357038,,MMD_BRFSS
13.312745,0.10057273,BRFSS,440892,,MMD_BRFSS
3.9929605,2.4780445,BRFSS,207683,,MMD_BRFSS
6.959711,0.16616987,BRFSS,398542,,MMD_BRFSS
1.7402434,10.668326,BRFSS,37034,,MMD_BRFSS
10.657609,7.5505085,BRFSS,286532,,MMD_BRFSS
4.769552,-4.408787,BRFSS,412503,,MMD_BRFSS
13.047763,2.364831,BRFSS,423400,,MMD_BRFSS
3.7663844,1.4686126,BRFSS,381651,,MMD_BRFSS
14.355573,8.934706,BRFSS,312563,,MMD_BRFSS
1.0021104,2.7982168,BRFSS,442242,,MMD_BRFSS
8.825737,4.962535,BRFSS,446860,,MMD_BRFSS
3.2991138,0.32783735,BRFSS,202054,,MMD_BRFSS
11.908358,5.4258704,BRFSS,228265,,MMD_BRFSS
15.442889,6.75698,BRFSS,137148,,MMD_BRFSS
5.025787,1.633814,BRFSS,215278,,MMD_BRFSS
-9.317417,14.0253935,BRFSS,123714,,MMD_BRFSS
8.8857155,4.9779882,BRFSS,166481,,MMD_BRFSS
4.535422,-2.992595,BRFSS,164256,,MMD_BRFSS
15.917311,8.115387,BRFSS,373868,,MMD_BRFSS
-15.33732,14.090978,BRFSS,260387,,MMD_BRFSS
4.7359743,-3.0291548,BRFSS,312724,,MMD_BRFSS
13.915561,-0.2302376,BRFSS,314310,,MMD_BRFSS
13.727703,7.7516026,BRFSS,151274,,MMD_BRFSS
16.701666,9.503483,BRFSS,344563,,MMD_BRFSS
3.279213,4.1844583,BRFSS,42145,,MMD_BRFSS
12.121652,2.7702641,BRFSS,131059,,MMD_BRFSS
10.143771,-0.78814965,BRFSS,448811,,MMD_BRFSS
8.323085,18.983112,BRFSS,126393,,MMD_BRFSS
9.342037,4.708992,BRFSS,341396,,MMD_BRFSS
12.808126,9.330318,BRFSS,259321,,MMD_BRFSS
12.016338,1.2555438,BRFSS,176859,,MMD_BRFSS
3.2474551,4.207665,NHANES,8910,Non-Hispanic White,MMD_BRFSS
1.4135387,2.4807472,BRFSS,44567,,MMD_BRFSS
15.780327,4.4321074,BRFSS,110688,,MMD_BRFSS
16.562658,1.9880335,BRFSS,13001,,MMD_BRFSS
-11.851174,-0.649426,BRFSS,228585,,MMD_BRFSS
2.1544487,1.4981929,BRFSS,156835,,MMD_BRFSS
-3.7957342,-5.577633,NHANES,5364,Non-Hispanic White,MMD_BRFSS
0.0052720564,10.169513,BRFSS,111640,,MMD_BRFSS
7.9039154,2.6538832,BRFSS,164173,,MMD_BRFSS
3.4748917,-1.6655539,BRFSS,226210,,MMD_BRFSS
10.073219,4.036279,BRFSS,267487,,MMD_BRFSS
3.4273725,1.8021873,BRFSS,188078,,MMD_BRFSS
4.5660806,0.16015421,BRFSS,430004,,MMD_BRFSS
11.66815,7.922788,BRFSS,438937,,MMD_BRFSS
1.2963018,10.53073,BRFSS,404958,,MMD_BRFSS
14.413583,2.4393694,BRFSS,56425,,MMD_BRFSS
8.300671,19.006176,BRFSS,320513,,MMD_BRFSS
4.104424,4.343713,BRFSS,326118,,MMD_BRFSS
10.3217325,6.6182413,BRFSS,60757,,MMD_BRFSS
1.7328143,2.5210083,BRFSS,445297,,MMD_BRFSS
-12.8257265,13.68156,BRFSS,271587,,MMD_BRFSS
-9.232339,14.058801,BRFSS,278210,,MMD_BRFSS
13.142432,3.282087,BRFSS,238598,,MMD_BRFSS
8.962833,4.9346833,BRFSS,194727,,MMD_BRFSS
3.6952407,-3.3057673,BRFSS,260533,,MMD_BRFSS
1.436466,5.0948734,BRFSS,389704,,MMD_BRFSS
12.08306,-1.3697635,BRFSS,308589,,MMD_BRFSS
0.23328385,10.364697,BRFSS,33254,,MMD_BRFSS
15.680121,10.114383,BRFSS,171620,,MMD_BRFSS
-8.784556,14.29705,BRFSS,104372,,MMD_BRFSS
2.5094285,8.215675,BRFSS,120100,,MMD_BRFSS
11.724235,0.94076395,BRFSS,69333,,MMD_BRFSS
12.711406,17.082027,BRFSS,348948,,MMD_BRFSS
0.18621598,11.062881,BRFSS,100013,,MMD_BRFSS
16.135696,6.59985,BRFSS,48654,,MMD_BRFSS
16.406216,10.164707,BRFSS,115222,,MMD_BRFSS
15.512978,10.124353,BRFSS,427628,,MMD_BRFSS
13.199529,3.2811027,BRFSS,51615,,MMD_BRFSS
1.6174456,1.930606,BRFSS,61295,,MMD_BRFSS
2.47462,1.6559772,BRFSS,129939,,MMD_BRFSS
-15.562677,13.82516,BRFSS,103752,,MMD_BRFSS
11.095465,8.012574,BRFSS,302863,,MMD_BRFSS
14.215341,7.1030154,BRFSS,177644,,MMD_BRFSS
15.540934,2.532279,BRFSS,431891,,MMD_BRFSS
16.156773,8.976581,BRFSS,204884,,MMD_BRFSS
10.912387,5.107721,BRFSS,30993,,MMD_BRFSS
2.1869562,5.7598515,BRFSS,164137,,MMD_BRFSS
-0.12292275,2.9402459,BRFSS,312511,,MMD_BRFSS
3.3119187,0.36318207,BRFSS,283931,,MMD_BRFSS
15.975382,6.6013427,BRFSS,280504,,MMD_BRFSS
12.353028,-0.59955364,BRFSS,223444,,MMD_BRFSS
0.7707236,7.9059854,BRFSS,367753,,MMD_BRFSS
13.276668,0.1861465,BRFSS,298253,,MMD_BRFSS
16.60003,9.674975,BRFSS,448131,,MMD_BRFSS
0.9805957,1.9833894,BRFSS,16982,,MMD_BRFSS
15.859854,1.5400333,BRFSS,239462,,MMD_BRFSS
8.3348675,18.97248,BRFSS,332153,,MMD_BRFSS
15.326076,0.7868345,BRFSS,148077,,MMD_BRFSS
7.5369034,2.34487,BRFSS,200072,,MMD_BRFSS
-10.919026,13.490464,BRFSS,154181,,MMD_BRFSS
12.061173,2.9659576,BRFSS,233669,,MMD_BRFSS
8.747392,3.2201352,BRFSS,206774,,MMD_BRFSS
13.33699,0.07482989,BRFSS,430737,,MMD_BRFSS
11.8814745,6.655397,BRFSS,364131,,MMD_BRFSS
5.015776,1.135501,BRFSS,439519,,MMD_BRFSS
4.736838,-3.778584,BRFSS,326339,,MMD_BRFSS
12.437718,3.6936495,BRFSS,398091,,MMD_BRFSS
15.624553,6.797457,BRFSS,296848,,MMD_BRFSS
12.769317,5.468366,BRFSS,115857,,MMD_BRFSS
7.8815002,3.241842,BRFSS,19699,,MMD_BRFSS
15.281398,5.7498927,BRFSS,100655,,MMD_BRFSS
3.361022,3.6254919,BRFSS,138103,,MMD_BRFSS
14.1067,0.1583368,BRFSS,36774,,MMD_BRFSS
9.838827,0.9628834,BRFSS,267979,,MMD_BRFSS
2.5235164,-1.3891988,BRFSS,368548,,MMD_BRFSS
3.2349553,4.238905,BRFSS,436996,,MMD_BRFSS
15.647918,6.3492384,BRFSS,17132,,MMD_BRFSS
13.054465,-0.17707099,BRFSS,129755,,MMD_BRFSS
-12.349681,13.320408,BRFSS,34145,,MMD_BRFSS
10.70989,2.8917868,BRFSS,437240,,MMD_BRFSS
11.184117,2.3434436,BRFSS,165417,,MMD_BRFSS
14.301461,8.352866,BRFSS,311139,,MMD_BRFSS
18.89335,10.462742,BRFSS,356090,,MMD_BRFSS
15.5246105,2.5414238,BRFSS,235479,,MMD_BRFSS
-10.250888,13.681211,BRFSS,430192,,MMD_BRFSS
15.802805,2.1925685,BRFSS,195592,,MMD_BRFSS
18.28219,13.460628,BRFSS,426870,,MMD_BRFSS
0.83321524,10.862152,BRFSS,39500,,MMD_BRFSS
8.3231325,4.8165727,BRFSS,405602,,MMD_BRFSS
17.172672,12.149549,BRFSS,23431,,MMD_BRFSS
14.243014,4.0464053,BRFSS,260490,,MMD_BRFSS
0.75220615,3.3177087,BRFSS,287202,,MMD_BRFSS
4.8491483,-0.28926924,BRFSS,297846,,MMD_BRFSS
0.6632067,5.3789215,BRFSS,362562,,MMD_BRFSS
1.936265,1.4356666,BRFSS,347022,,MMD_BRFSS
-0.24130005,9.340287,BRFSS,245600,,MMD_BRFSS
5.8401585,1.444808,BRFSS,16904,,MMD_BRFSS
-0.015341892,2.4642568,BRFSS,276319,,MMD_BRFSS
-12.619559,13.506163,BRFSS,118375,,MMD_BRFSS
12.488039,4.260728,BRFSS,433440,,MMD_BRFSS
9.720086,-1.0710281,BRFSS,185154,,MMD_BRFSS
15.593253,1.0886675,BRFSS,162473,,MMD_BRFSS
15.163702,4.5943966,BRFSS,50013,,MMD_BRFSS
16.28454,2.7912648,BRFSS,289226,,MMD_BRFSS
2.7974312,1.4861075,BRFSS,25457,,MMD_BRFSS
15.5779085,7.315664,BRFSS,105459,,MMD_BRFSS
16.181355,9.161307,BRFSS,218662,,MMD_BRFSS
10.899658,0.5247623,BRFSS,342931,,MMD_BRFSS
16.340385,2.7201831,BRFSS,361417,,MMD_BRFSS
1.6782671,5.929197,BRFSS,41728,,MMD_BRFSS
3.1798236,2.7559967,BRFSS,276175,,MMD_BRFSS
1.438387,3.5062113,BRFSS,197546,,MMD_BRFSS
10.947228,5.066201,BRFSS,130963,,MMD_BRFSS
3.1908216,0.2105303,BRFSS,174663,,MMD_BRFSS
1.8074152,3.3103094,BRFSS,146952,,MMD_BRFSS
0.8995497,12.707897,BRFSS,75598,,MMD_BRFSS
4.8544335,-3.61989,BRFSS,366072,,MMD_BRFSS
-11.838132,13.301931,BRFSS,316955,,MMD_BRFSS
11.135291,1.275158,BRFSS,145382,,MMD_BRFSS
1.5540397,2.518759,BRFSS,264608,,MMD_BRFSS
16.31055,11.969823,BRFSS,158425,,MMD_BRFSS
11.930612,1.7015879,BRFSS,195757,,MMD_BRFSS
12.967884,2.3617554,BRFSS,90170,,MMD_BRFSS
13.712092,4.961713,BRFSS,222246,,MMD_BRFSS
8.006546,2.1453958,BRFSS,62507,,MMD_BRFSS
4.7177167,0.24832788,BRFSS,77180,,MMD_BRFSS
6.316182,-0.94799256,BRFSS,284317,,MMD_BRFSS
2.1317766,8.967264,BRFSS,41882,,MMD_BRFSS
-3.7936382,-5.5795636,NHANES,9526,Non-Hispanic Asian,MMD_BRFSS
17.220808,12.211321,BRFSS,224152,,MMD_BRFSS
17.84228,12.932701,BRFSS,367521,,MMD_BRFSS
15.169579,8.570966,BRFSS,312184,,MMD_BRFSS
1.0570091,6.7339687,BRFSS,45534,,MMD_BRFSS
12.008231,-1.2977203,BRFSS,287754,,MMD_BRFSS
14.077318,7.170785,BRFSS,135071,,MMD_BRFSS
-11.831187,13.298889,BRFSS,270305,,MMD_BRFSS
12.921762,-0.09885289,BRFSS,327236,,MMD_BRFSS
11.627023,7.820555,BRFSS,379141,,MMD_BRFSS
3.1149206,3.4953105,BRFSS,78545,,MMD_BRFSS
1.6560596,8.895624,BRFSS,275187,,MMD_BRFSS
16.500381,6.1238604,BRFSS,128048,,MMD_BRFSS
0.12012154,11.378047,BRFSS,316389,,MMD_BRFSS
15.234078,8.637741,BRFSS,35845,,MMD_BRFSS
0.08451056,8.894817,BRFSS,228462,,MMD_BRFSS
0.8665929,11.238076,BRFSS,142460,,MMD_BRFSS
-0.48069862,2.4831119,BRFSS,195460,,MMD_BRFSS
-13.409058,14.212942,BRFSS,200398,,MMD_BRFSS
14.606504,2.057925,BRFSS,195387,,MMD_BRFSS
-0.028345358,4.643472,BRFSS,241304,,MMD_BRFSS
6.7742605,-1.5071918,BRFSS,32729,,MMD_BRFSS
4.820673,-3.686515,BRFSS,343737,,MMD_BRFSS
9.057724,-0.04165768,BRFSS,98069,,MMD_BRFSS
13.963874,-0.20872675,BRFSS,287894,,MMD_BRFSS
3.4029567,-0.25431412,BRFSS,260825,,MMD_BRFSS
-11.295262,13.376166,BRFSS,381016,,MMD_BRFSS
16.23746,1.7595443,BRFSS,53619,,MMD_BRFSS
2.2395191,5.6862445,BRFSS,382928,,MMD_BRFSS
1.1149539,12.070936,BRFSS,368382,,MMD_BRFSS
-0.35718766,2.801649,BRFSS,430449,,MMD_BRFSS
1.6927198,0.61176103,BRFSS,422852,,MMD_BRFSS
11.060277,7.980739,BRFSS,228819,,MMD_BRFSS
-8.945036,14.204365,BRFSS,340772,,MMD_BRFSS
-12.652928,13.533046,BRFSS,144361,,MMD_BRFSS
3.1969116,0.20826843,BRFSS,363704,,MMD_BRFSS
12.199937,2.7580676,BRFSS,175102,,MMD_BRFSS
12.122643,5.3601313,BRFSS,51171,,MMD_BRFSS
15.996168,8.205717,BRFSS,62218,,MMD_BRFSS
2.9618466,-1.7714207,BRFSS,113154,,MMD_BRFSS
0.8225768,8.639859,BRFSS,168638,,MMD_BRFSS
0.019408572,10.994938,BRFSS,252005,,MMD_BRFSS
3.982729,1.1834788,BRFSS,203957,,MMD_BRFSS
6.704012,2.9197648,BRFSS,89553,,MMD_BRFSS
2.6777394,5.4159417,BRFSS,144023,,MMD_BRFSS
-0.34114248,4.1235237,BRFSS,20114,,MMD_BRFSS
-13.435594,14.238055,BRFSS,206751,,MMD_BRFSS
11.8278885,5.2240477,BRFSS,308897,,MMD_BRFSS
5.464488,-2.0265048,BRFSS,206496,,MMD_BRFSS
1.2590626,1.3008707,BRFSS,124073,,MMD_BRFSS
0.12979947,2.3734376,BRFSS,350238,,MMD_BRFSS
6.6602974,3.3830018,BRFSS,360212,,MMD_BRFSS
10.13299,3.992922,BRFSS,150232,,MMD_BRFSS
10.458146,-0.27484423,BRFSS,125325,,MMD_BRFSS
8.697687,0.34402767,BRFSS,349740,,MMD_BRFSS
5.0373487,-4.7635407,BRFSS,316463,,MMD_BRFSS
1.7056388,5.7139435,BRFSS,357301,,MMD_BRFSS
19.502241,10.431559,BRFSS,233814,,MMD_BRFSS
18.631344,13.889428,BRFSS,286112,,MMD_BRFSS
14.751224,4.5605426,BRFSS,31095,,MMD_BRFSS
13.106733,2.350877,BRFSS,323922,,MMD_BRFSS
12.376243,4.7340965,BRFSS,219403,,MMD_BRFSS
15.190902,2.959347,BRFSS,337975,,MMD_BRFSS
3.3552902,1.6936096,BRFSS,182965,,MMD_BRFSS
1.1552016,6.5345597,BRFSS,124403,,MMD_BRFSS
-0.123695746,10.272533,BRFSS,421227,,MMD_BRFSS
4.341095,-1.3742791,BRFSS,19072,,MMD_BRFSS
16.077427,8.54199,BRFSS,223134,,MMD_BRFSS
1.6151243,7.9631467,BRFSS,283649,,MMD_BRFSS
13.80317,7.754697,BRFSS,438001,,MMD_BRFSS
-9.465866,13.969738,BRFSS,201157,,MMD_BRFSS
10.284621,1.3340625,BRFSS,162707,,MMD_BRFSS
15.969241,10.096636,BRFSS,77032,,MMD_BRFSS
10.473453,-0.27493462,BRFSS,365216,,MMD_BRFSS
13.883334,9.290608,BRFSS,194117,,MMD_BRFSS
-9.312844,14.027761,BRFSS,124673,,MMD_BRFSS
16.43039,6.2648745,BRFSS,243252,,MMD_BRFSS
12.71668,4.7045884,BRFSS,171883,,MMD_BRFSS
4.7462983,-0.36665794,BRFSS,360460,,MMD_BRFSS
13.552801,8.7164955,BRFSS,297545,,MMD_BRFSS
12.807252,3.4142559,BRFSS,40074,,MMD_BRFSS
1.476927,4.332874,BRFSS,42021,,MMD_BRFSS
-0.035495285,9.571977,BRFSS,65224,,MMD_BRFSS
-12.766007,13.628343,BRFSS,269625,,MMD_BRFSS
5.6826677,-1.8937069,BRFSS,371246,,MMD_BRFSS
16.277563,6.393511,BRFSS,129910,,MMD_BRFSS
6.3427734,-0.5279503,BRFSS,395951,,MMD_BRFSS
12.80188,9.328762,BRFSS,241843,,MMD_BRFSS
11.01856,4.850713,BRFSS,121312,,MMD_BRFSS
9.901092,4.039533,BRFSS,163308,,MMD_BRFSS
3.4632928,1.3182284,BRFSS,113239,,MMD_BRFSS
6.117137,3.366732,BRFSS,180031,,MMD_BRFSS
10.967929,5.199047,BRFSS,92018,,MMD_BRFSS
-15.700608,12.759261,BRFSS,47681,,MMD_BRFSS
12.448223,16.511917,BRFSS,91060,,MMD_BRFSS
0.9993415,12.669509,BRFSS,409744,,MMD_BRFSS
-13.307064,14.125987,BRFSS,379311,,MMD_BRFSS
5.866101,-1.9222844,BRFSS,370832,,MMD_BRFSS
0.29284653,9.911946,BRFSS,401331,,MMD_BRFSS
15.892609,8.343749,BRFSS,347252,,MMD_BRFSS
2.2244005,5.6973658,BRFSS,288976,,MMD_BRFSS
15.562681,10.159501,BRFSS,77593,,MMD_BRFSS
10.35973,3.9496758,BRFSS,121458,,MMD_BRFSS
16.158564,12.099925,BRFSS,96242,,MMD_BRFSS
12.236346,-0.9215354,BRFSS,328954,,MMD_BRFSS
-0.012310645,9.796473,BRFSS,424829,,MMD_BRFSS
4.4872136,0.020447375,BRFSS,126300,,MMD_BRFSS
12.752417,2.4642107,BRFSS,146561,,MMD_BRFSS
3.6683378,-3.1391668,BRFSS,290265,,MMD_BRFSS
15.753719,10.170648,BRFSS,29427,,MMD_BRFSS
15.813468,9.975901,BRFSS,203443,,MMD_BRFSS
1.5394381,7.8271074,BRFSS,167020,,MMD_BRFSS
19.506746,10.405365,BRFSS,84728,,MMD_BRFSS
4.891151,2.4955156,BRFSS,378093,,MMD_BRFSS
6.5541463,-0.26089805,BRFSS,346720,,MMD_BRFSS
5.0159206,-4.8492827,BRFSS,43275,,MMD_BRFSS
16.838224,11.800518,BRFSS,52153,,MMD_BRFSS
4.2134438,0.38973278,BRFSS,149069,,MMD_BRFSS
11.80021,0.89470994,BRFSS,384918,,MMD_BRFSS
0.8588311,9.468852,BRFSS,252332,,MMD_BRFSS
-0.47620633,2.3846667,BRFSS,312433,,MMD_BRFSS
3.7359362,-3.3161418,BRFSS,406027,,MMD_BRFSS
4.0987372,3.586367,BRFSS,362993,,MMD_BRFSS
11.102874,-0.054989588,BRFSS,92812,,MMD_BRFSS
-4.0817122,-5.2931237,NHANES,8750,Non-Hispanic Black,MMD_BRFSS
0.8884062,7.884763,BRFSS,369069,,MMD_BRFSS
15.415232,5.688224,BRFSS,445804,,MMD_BRFSS
11.860534,5.4265676,BRFSS,129046,,MMD_BRFSS
-15.250144,14.172226,BRFSS,23705,,MMD_BRFSS
-0.46874288,3.7214508,BRFSS,118855,,MMD_BRFSS
-0.4874397,2.3245463,BRFSS,79263,,MMD_BRFSS
16.202831,9.6888685,BRFSS,284125,,MMD_BRFSS
5.010211,-4.831882,BRFSS,50536,,MMD_BRFSS
6.6332054,2.0349207,BRFSS,182613,,MMD_BRFSS
13.115091,18.6132,BRFSS,256785,,MMD_BRFSS
9.231827,4.842382,BRFSS,333644,,MMD_BRFSS
-14.333952,14.690949,BRFSS,270956,,MMD_BRFSS
8.883883,4.9947667,BRFSS,218999,,MMD_BRFSS
14.746093,8.548474,BRFSS,255387,,MMD_BRFSS
7.9876537,3.12657,BRFSS,169233,,MMD_BRFSS
11.769006,8.391705,BRFSS,440649,,MMD_BRFSS
10.258457,-0.8917694,BRFSS,171469,,MMD_BRFSS
-0.4315674,3.7121925,BRFSS,155593,,MMD_BRFSS
11.485185,2.102262,BRFSS,396144,,MMD_BRFSS
17.184864,12.166074,BRFSS,121698,,MMD_BRFSS
12.950057,18.032219,BRFSS,227955,,MMD_BRFSS
-12.716439,13.582705,BRFSS,382003,,MMD_BRFSS
9.666888,1.1062813,BRFSS,13134,,MMD_BRFSS
6.2491884,-1.0170286,BRFSS,218532,,MMD_BRFSS
16.3064,2.3212988,BRFSS,63986,,MMD_BRFSS
5.1191273,2.1195648,BRFSS,362737,,MMD_BRFSS
11.501104,5.4197636,NHANES,8039,Non-Hispanic Black,MMD_BRFSS
1.8292625,4.4669204,BRFSS,50006,,MMD_BRFSS
16.499376,10.008553,BRFSS,363424,,MMD_BRFSS
11.734279,8.273878,BRFSS,31753,,MMD_BRFSS
7.5642033,1.7832927,BRFSS,118348,,MMD_BRFSS
-8.796049,14.290483,BRFSS,258121,,MMD_BRFSS
13.933245,7.4443827,BRFSS,16961,,MMD_BRFSS
-15.693153,13.5795145,BRFSS,271181,,MMD_BRFSS
1.493568,11.754343,BRFSS,189429,,MMD_BRFSS
-0.5258555,3.8189645,BRFSS,139841,,MMD_BRFSS
12.765544,17.234903,BRFSS,128452,,MMD_BRFSS
13.999322,7.152433,BRFSS,183674,,MMD_BRFSS
3.4184048,2.0350783,BRFSS,333920,,MMD_BRFSS
6.557201,3.4002285,BRFSS,144917,,MMD_BRFSS
5.1017017,2.5585403,BRFSS,197875,,MMD_BRFSS
1.373231,3.5595934,BRFSS,62746,,MMD_BRFSS
11.491255,6.635215,BRFSS,258022,,MMD_BRFSS
13.813886,4.6791334,BRFSS,135030,,MMD_BRFSS
13.876518,9.290875,BRFSS,413912,,MMD_BRFSS
-0.017915685,10.088999,BRFSS,251543,,MMD_BRFSS
10.944059,4.8725557,BRFSS,145799,,MMD_BRFSS
-0.24639902,9.360451,BRFSS,188640,,MMD_BRFSS
5.1976175,2.4524188,BRFSS,374632,,MMD_BRFSS
5.5109816,-2.0179904,BRFSS,398349,,MMD_BRFSS
5.7024384,0.16005698,BRFSS,269333,,MMD_BRFSS
-11.043624,13.463359,BRFSS,193644,,MMD_BRFSS
3.2519948,0.7699837,BRFSS,122626,,MMD_BRFSS
8.911838,4.994163,BRFSS,304825,,MMD_BRFSS
0.9862496,3.0966942,BRFSS,193070,,MMD_BRFSS
13.333945,0.06426432,BRFSS,118726,,MMD_BRFSS
1.7581964,4.1966877,BRFSS,436052,,MMD_BRFSS
4.9100127,-0.24734345,BRFSS,336732,,MMD_BRFSS
12.7779875,0.042131662,BRFSS,166303,,MMD_BRFSS
12.150649,-1.4025829,BRFSS,420739,,MMD_BRFSS
13.11502,18.6134,BRFSS,12522,,MMD_BRFSS
1.6594496,2.5163481,BRFSS,99139,,MMD_BRFSS
-0.4234594,3.4928827,BRFSS,158417,,MMD_BRFSS
13.021688,-0.76904726,BRFSS,243069,,MMD_BRFSS
3.2261655,0.6785152,BRFSS,58862,,MMD_BRFSS
4.65605,-3.8688867,BRFSS,264470,,MMD_BRFSS
15.092749,6.1539617,BRFSS,208720,,MMD_BRFSS
12.323188,2.77298,BRFSS,36575,,MMD_BRFSS
14.773895,1.9058933,BRFSS,245693,,MMD_BRFSS
-0.08020281,3.4158568,BRFSS,198299,,MMD_BRFSS
7.9318113,0.37726918,BRFSS,181947,,MMD_BRFSS
12.715977,1.9029735,BRFSS,171526,,MMD_BRFSS
13.385453,0.6363628,BRFSS,136678,,MMD_BRFSS
-0.0026419344,9.116294,BRFSS,28469,,MMD_BRFSS
15.609288,10.062025,BRFSS,441775,,MMD_BRFSS
3.9882438,2.7680569,BRFSS,28023,,MMD_BRFSS
3.2669568,0.79264224,BRFSS,394082,,MMD_BRFSS
0.7582495,3.3203568,BRFSS,394000,,MMD_BRFSS
16.698563,9.389513,BRFSS,346675,,MMD_BRFSS
-11.710909,13.3199625,BRFSS,122145,,MMD_BRFSS
-3.8681302,-5.5060244,NHANES,5009,Non-Hispanic White,MMD_BRFSS
4.881513,-4.0231733,BRFSS,362116,,MMD_BRFSS
14.148099,4.0599933,BRFSS,58683,,MMD_BRFSS
-0.5346846,3.7797198,BRFSS,30716,,MMD_BRFSS
14.233683,0.63245493,BRFSS,281352,,MMD_BRFSS
0.0037789063,10.938549,BRFSS,407082,,MMD_BRFSS
16.489313,2.3971539,BRFSS,180495,,MMD_BRFSS
3.5168338,-1.6313661,BRFSS,198906,,MMD_BRFSS
6.372099,3.2462025,BRFSS,272055,,MMD_BRFSS
12.299505,2.074918,BRFSS,250292,,MMD_BRFSS
1.6082767,1.8743384,BRFSS,396116,,MMD_BRFSS
16.163326,9.468427,BRFSS,157486,,MMD_BRFSS
14.444024,2.394359,BRFSS,412747,,MMD_BRFSS
-8.787906,14.294757,BRFSS,214369,,MMD_BRFSS
5.6466446,-1.3873754,BRFSS,175354,,MMD_BRFSS
13.099626,18.589867,BRFSS,244000,,MMD_BRFSS
1.87569,10.52862,BRFSS,331330,,MMD_BRFSS
15.566871,2.4978406,BRFSS,101574,,MMD_BRFSS
7.741842,2.564811,BRFSS,102220,,MMD_BRFSS
8.053102,4.63759,BRFSS,93879,,MMD_BRFSS
15.955951,8.103793,BRFSS,193681,,MMD_BRFSS
14.4248905,2.41132,BRFSS,279174,,MMD_BRFSS
0.782038,8.373201,NHANES,6919,Non-Hispanic Black,MMD_BRFSS
0.2806838,10.121042,BRFSS,319528,,MMD_BRFSS
3.1373467,0.15347578,BRFSS,132684,,MMD_BRFSS
7.920699,2.8322613,BRFSS,299880,,MMD_BRFSS
-12.360425,13.3299465,BRFSS,124557,,MMD_BRFSS
8.169513,4.756683,BRFSS,141768,,MMD_BRFSS
1.6832714,1.9757174,BRFSS,86805,,MMD_BRFSS
1.0131558,12.652377,BRFSS,423216,,MMD_BRFSS
13.207948,-0.7705332,BRFSS,284059,,MMD_BRFSS
8.294481,19.011341,BRFSS,83097,,MMD_BRFSS
10.594031,6.700217,BRFSS,405450,,MMD_BRFSS
10.724309,0.8417898,BRFSS,190437,,MMD_BRFSS
0.96251476,12.243056,BRFSS,407055,,MMD_BRFSS
-11.26992,13.395022,BRFSS,77369,,MMD_BRFSS
5.4369183,0.45684037,BRFSS,87474,,MMD_BRFSS
13.041024,2.3698406,BRFSS,84872,,MMD_BRFSS
0.94105285,2.3809652,BRFSS,388168,,MMD_BRFSS
3.3347912,2.3171554,BRFSS,148357,,MMD_BRFSS
8.346754,4.812839,BRFSS,330285,,MMD_BRFSS
12.72815,5.4664564,BRFSS,13131,,MMD_BRFSS
10.316734,2.0971305,BRFSS,178199,,MMD_BRFSS
1.9063245,10.4935,BRFSS,352966,,MMD_BRFSS
4.9030704,-1.8651551,BRFSS,223206,,MMD_BRFSS
8.940289,5.004244,BRFSS,396660,,MMD_BRFSS
4.6770573,1.1594449,BRFSS,51433,,MMD_BRFSS
4.495313,-4.0093203,BRFSS,347772,,MMD_BRFSS
12.019942,0.75093234,BRFSS,126390,,MMD_BRFSS
0.56004095,11.974888,BRFSS,197271,,MMD_BRFSS
7.164741,1.7263938,BRFSS,143254,,MMD_BRFSS
14.673702,1.9831079,BRFSS,148408,,MMD_BRFSS
14.766224,8.548524,BRFSS,79618,,MMD_BRFSS
3.1564655,3.5899868,BRFSS,186107,,MMD_BRFSS
12.438987,-1.347011,BRFSS,384545,,MMD_BRFSS
4.6081676,-3.1198757,BRFSS,76778,,MMD_BRFSS
5.9646177,-1.8566016,BRFSS,184437,,MMD_BRFSS
15.066576,7.666925,BRFSS,182724,,MMD_BRFSS
2.9454694,1.6831074,BRFSS,161279,,MMD_BRFSS
11.053183,1.3995261,BRFSS,356975,,MMD_BRFSS
6.8646283,1.926079,BRFSS,370849,,MMD_BRFSS
11.393236,1.1115702,BRFSS,233063,,MMD_BRFSS
18.921839,10.460976,BRFSS,262098,,MMD_BRFSS
12.442546,-1.3459296,BRFSS,100315,,MMD_BRFSS
-15.505593,13.91648,BRFSS,128249,,MMD_BRFSS
5.2194033,0.11775069,BRFSS,385654,,MMD_BRFSS
14.103445,0.19200769,BRFSS,307922,,MMD_BRFSS
11.822256,0.8492547,BRFSS,258327,,MMD_BRFSS
11.038374,1.3723854,BRFSS,152201,,MMD_BRFSS
16.578169,2.1011443,BRFSS,62765,,MMD_BRFSS
-12.631461,13.509467,BRFSS,425660,,MMD_BRFSS
1.4866879,4.102553,BRFSS,99423,,MMD_BRFSS
16.11629,8.68461,BRFSS,233856,,MMD_BRFSS
1.0159637,2.7654133,BRFSS,405657,,MMD_BRFSS
16.03485,9.689839,BRFSS,138556,,MMD_BRFSS
14.776535,8.554719,BRFSS,47283,,MMD_BRFSS
-0.19862452,2.901694,BRFSS,80351,,MMD_BRFSS
-12.357323,13.322881,BRFSS,407861,,MMD_BRFSS
0.87079877,7.8143706,BRFSS,448345,,MMD_BRFSS
5.0114336,-4.822181,BRFSS,243622,,MMD_BRFSS
-4.043561,-5.3315682,NHANES,6722,Non-Hispanic Black,MMD_BRFSS
-0.5000024,2.3476706,BRFSS,197733,,MMD_BRFSS
-14.023223,14.626767,BRFSS,290254,,MMD_BRFSS
12.751345,5.4613485,BRFSS,154999,,MMD_BRFSS
16.589895,2.1062438,BRFSS,188440,,MMD_BRFSS
9.479884,0.040941898,BRFSS,100966,,MMD_BRFSS
6.131154,0.55198765,BRFSS,196760,,MMD_BRFSS
9.472306,4.4306326,BRFSS,209071,,MMD_BRFSS
14.299618,4.568345,BRFSS,297039,,MMD_BRFSS
5.2993793,-0.25852817,BRFSS,186121,,MMD_BRFSS
10.891349,0.56268704,BRFSS,56169,,MMD_BRFSS
15.957762,1.980911,BRFSS,140655,,MMD_BRFSS
7.1521196,1.7346985,BRFSS,255285,,MMD_BRFSS
2.6838071,-1.592991,BRFSS,378818,,MMD_BRFSS
1.1089687,6.9610395,BRFSS,192403,,MMD_BRFSS
8.692901,0.32940012,BRFSS,254940,,MMD_BRFSS
1.7224982,4.1533356,BRFSS,260048,,MMD_BRFSS
7.733139,1.937158,BRFSS,366722,,MMD_BRFSS
13.871148,7.47318,BRFSS,74954,,MMD_BRFSS
13.727135,6.6216927,BRFSS,86345,,MMD_BRFSS
12.746918,-0.64589983,NHANES,5785,Non-Hispanic White,MMD_BRFSS
-3.8535259,-5.520651,NHANES,3566,Mexican American,MMD_BRFSS
1.575595,1.8902031,BRFSS,30180,,MMD_BRFSS
11.409909,7.981689,BRFSS,314943,,MMD_BRFSS
2.9330523,5.309585,BRFSS,86730,,MMD_BRFSS
10.615795,6.666627,BRFSS,425818,,MMD_BRFSS
17.8741,12.968249,BRFSS,212715,,MMD_BRFSS
4.522826,-2.9901423,BRFSS,238200,,MMD_BRFSS
2.1566796,8.994638,BRFSS,392952,,MMD_BRFSS
6.2005615,-1.1716683,BRFSS,157837,,MMD_BRFSS
15.345628,6.7432985,BRFSS,396877,,MMD_BRFSS
-3.8473287,-5.526526,NHANES,1661,Non-Hispanic White,MMD_BRFSS
1.9190513,2.5464103,BRFSS,268050,,MMD_BRFSS
-4.00273,-5.3723307,NHANES,7961,Non-Hispanic Asian,MMD_BRFSS
13.0592,18.482239,BRFSS,388987,,MMD_BRFSS
12.201517,9.102436,BRFSS,311735,,MMD_BRFSS
0.7397493,7.9283476,BRFSS,399489,,MMD_BRFSS
12.050739,6.737408,BRFSS,292218,,MMD_BRFSS
12.530024,3.6408272,BRFSS,176904,,MMD_BRFSS
4.642623,-1.6138393,BRFSS,203536,,MMD_BRFSS
12.565533,16.74669,BRFSS,219944,,MMD_BRFSS
18.703743,13.983826,BRFSS,81192,,MMD_BRFSS
8.145418,4.7207046,BRFSS,183097,,MMD_BRFSS
14.269456,5.2179766,BRFSS,310501,,MMD_BRFSS
14.402851,7.8789296,BRFSS,423237,,MMD_BRFSS
10.95694,0.48213506,BRFSS,246693,,MMD_BRFSS
6.4436474,3.196659,BRFSS,392573,,MMD_BRFSS
7.784678,0.19280432,BRFSS,158883,,MMD_BRFSS
10.824621,3.4325633,BRFSS,401292,,MMD_BRFSS
2.03384,8.198235,BRFSS,210221,,MMD_BRFSS
2.3630874,2.7415607,BRFSS,233013,,MMD_BRFSS
1.643363,7.8597198,BRFSS,331517,,MMD_BRFSS
3.749832,3.1552927,BRFSS,140244,,MMD_BRFSS
15.184596,2.9761744,BRFSS,180220,,MMD_BRFSS
1.551981,6.093685,BRFSS,218285,,MMD_BRFSS
15.613471,8.74164,BRFSS,195334,,MMD_BRFSS
14.144241,5.145193,BRFSS,263548,,MMD_BRFSS
3.003659,5.1489844,BRFSS,145240,,MMD_BRFSS
10.681749,7.570852,BRFSS,159991,,MMD_BRFSS
13.566445,0.9188828,BRFSS,270992,,MMD_BRFSS
1.5945587,1.8536302,BRFSS,292818,,MMD_BRFSS
0.74739987,2.393752,BRFSS,211164,,MMD_BRFSS
4.77109,0.28343326,BRFSS,287509,,MMD_BRFSS
13.316638,3.2415197,BRFSS,107891,,MMD_BRFSS
5.0013957,-1.792897,BRFSS,264209,,MMD_BRFSS
-0.0013722954,10.956358,BRFSS,380816,,MMD_BRFSS
0.0069482294,10.8945875,BRFSS,45687,,MMD_BRFSS
7.4685326,2.13269,BRFSS,110306,,MMD_BRFSS
0.77397585,10.765775,BRFSS,249620,,MMD_BRFSS
12.052538,6.231334,BRFSS,244847,,MMD_BRFSS
1.3179495,4.9044623,BRFSS,249238,,MMD_BRFSS
18.98595,15.003527,BRFSS,173703,,MMD_BRFSS
14.51995,8.180469,BRFSS,376041,,MMD_BRFSS
14.558834,0.56466025,BRFSS,396397,,MMD_BRFSS
12.573025,-1.3110145,BRFSS,44888,,MMD_BRFSS
4.988887,2.1970525,BRFSS,120708,,MMD_BRFSS
14.277124,6.822941,BRFSS,243606,,MMD_BRFSS
10.13005,1.9169201,BRFSS,187718,,MMD_BRFSS
16.67076,9.342743,BRFSS,110067,,MMD_BRFSS
1.7220442,3.8410485,BRFSS,411419,,MMD_BRFSS
1.8865489,10.588268,BRFSS,354936,,MMD_BRFSS
-10.247782,13.6812105,BRFSS,191636,,MMD_BRFSS
-4.0027337,-5.372276,NHANES,2493,Non-Hispanic White,MMD_BRFSS
0.24977773,11.955694,BRFSS,442219,,MMD_BRFSS
5.9246945,0.3961187,BRFSS,439094,,MMD_BRFSS
3.541165,-1.1165049,BRFSS,229376,,MMD_BRFSS
4.2951417,3.4788795,BRFSS,180680,,MMD_BRFSS
2.8261569,3.0996234,BRFSS,275266,,MMD_BRFSS
3.7732048,-3.3802836,BRFSS,266801,,MMD_BRFSS
7.883579,3.2444923,BRFSS,329498,,MMD_BRFSS
12.670735,16.974281,BRFSS,205051,,MMD_BRFSS
1.5918652,11.509707,BRFSS,198481,,MMD_BRFSS
2.039063,8.983823,BRFSS,275563,,MMD_BRFSS
8.77622,4.9801035,BRFSS,207145,,MMD_BRFSS
16.720741,9.387924,BRFSS,225036,,MMD_BRFSS
9.816947,0.91834354,BRFSS,366763,,MMD_BRFSS
17.18645,12.164957,BRFSS,96999,,MMD_BRFSS
16.775526,11.778397,BRFSS,13615,,MMD_BRFSS
1.8273581,0.6445538,BRFSS,177132,,MMD_BRFSS
1.7205756,4.175829,NHANES,8947,Non-Hispanic White,MMD_BRFSS
19.508598,10.432702,BRFSS,325174,,MMD_BRFSS
2.4610505,-1.330735,BRFSS,406220,,MMD_BRFSS
4.892113,-4.3834295,BRFSS,443244,,MMD_BRFSS
11.374248,1.6751573,BRFSS,106467,,MMD_BRFSS
11.993472,1.3276937,BRFSS,135245,,MMD_BRFSS
14.301025,0.61024135,BRFSS,120701,,MMD_BRFSS
15.952882,9.183845,BRFSS,210979,,MMD_BRFSS
-3.7869096,-5.5865707,NHANES,3941,Non-Hispanic White,MMD_BRFSS
7.842631,3.3143954,BRFSS,363253,,MMD_BRFSS
16.050888,8.506425,BRFSS,152883,,MMD_BRFSS
12.084071,-1.3396196,BRFSS,204140,,MMD_BRFSS
-6.4498878,15.211168,BRFSS,307505,,MMD_BRFSS
13.49215,8.5335045,BRFSS,107907,,MMD_BRFSS
1.1407787,6.6929636,BRFSS,22813,,MMD_BRFSS
3.3046145,0.3365707,BRFSS,124474,,MMD_BRFSS
-0.1198704,10.204509,BRFSS,200111,,MMD_BRFSS
2.466928,8.344035,BRFSS,13317,,MMD_BRFSS
16.476795,6.122677,BRFSS,154435,,MMD_BRFSS
4.0114613,3.107157,BRFSS,449429,,MMD_BRFSS
17.237299,12.228232,BRFSS,37094,,MMD_BRFSS
13.820928,4.6892657,BRFSS,58323,,MMD_BRFSS
12.446667,16.50829,BRFSS,285278,,MMD_BRFSS
11.769963,1.4404399,BRFSS,312559,,MMD_BRFSS
1.5690228,1.8729407,BRFSS,412689,,MMD_BRFSS
14.735202,1.9033841,BRFSS,114916,,MMD_BRFSS
0.37054363,8.390136,BRFSS,273873,,MMD_BRFSS
15.545105,10.162738,BRFSS,440020,,MMD_BRFSS
6.413127,-0.8132901,BRFSS,397863,,MMD_BRFSS
15.510724,10.139167,BRFSS,182139,,MMD_BRFSS
1.8556579,4.289192,BRFSS,391923,,MMD_BRFSS
8.334708,-0.021024764,BRFSS,397094,,MMD_BRFSS
5.378748,-0.18763131,BRFSS,81217,,MMD_BRFSS
0.82917506,5.039519,BRFSS,449427,,MMD_BRFSS
6.078027,-1.7895159,BRFSS,30621,,MMD_BRFSS
9.92671,0.07111257,BRFSS,438694,,MMD_BRFSS
14.604606,3.06416,BRFSS,261937,,MMD_BRFSS
4.9284725,-4.2793145,BRFSS,23843,,MMD_BRFSS
10.856331,3.3480105,BRFSS,73948,,MMD_BRFSS
12.3069935,6.4056125,BRFSS,235213,,MMD_BRFSS
1.5537927,10.460843,BRFSS,337397,,MMD_BRFSS
1.6104662,7.961458,BRFSS,283543,,MMD_BRFSS
11.551758,2.050496,BRFSS,391076,,MMD_BRFSS
7.6056333,2.7411861,BRFSS,219766,,MMD_BRFSS
5.7314153,-1.2354447,BRFSS,125439,,MMD_BRFSS
11.539543,6.734617,BRFSS,101431,,MMD_BRFSS
14.151619,4.060804,BRFSS,316335,,MMD_BRFSS
13.310903,0.13999732,BRFSS,378106,,MMD_BRFSS
1.3767253,8.704208,BRFSS,44593,,MMD_BRFSS
12.6327,5.00149,BRFSS,234056,,MMD_BRFSS
3.3130405,-2.4785419,BRFSS,432059,,MMD_BRFSS
1.1180108,11.441924,BRFSS,383845,,MMD_BRFSS
11.557863,5.2357087,BRFSS,369353,,MMD_BRFSS
4.91279,-0.28932205,BRFSS,193031,,MMD_BRFSS
-15.457558,13.969117,BRFSS,278208,,MMD_BRFSS
-14.268293,14.725288,BRFSS,72631,,MMD_BRFSS
2.6164498,3.0770574,BRFSS,42328,,MMD_BRFSS
-0.49705848,2.3328218,BRFSS,334327,,MMD_BRFSS
1.7624202,8.486884,BRFSS,418531,,MMD_BRFSS
-0.1171978,9.44192,BRFSS,377427,,MMD_BRFSS
14.59142,2.0902615,BRFSS,128737,,MMD_BRFSS
6.7194734,-1.5444708,BRFSS,173176,,MMD_BRFSS
-4.030988,-5.344197,NHANES,8115,Mexican American,MMD_BRFSS
16.313051,6.3662157,BRFSS,349583,,MMD_BRFSS
0.87599427,7.874233,NHANES,816,Non-Hispanic White,MMD_BRFSS
1.3321514,11.997697,BRFSS,237080,,MMD_BRFSS
3.7820888,3.1621656,BRFSS,315740,,MMD_BRFSS
1.1602676,12.142147,BRFSS,62062,,MMD_BRFSS
16.43446,6.046529,BRFSS,95389,,MMD_BRFSS
-0.10865278,10.334714,BRFSS,45262,,MMD_BRFSS
2.9836304,-1.7685335,BRFSS,106839,,MMD_BRFSS
-8.758944,14.306778,BRFSS,277684,,MMD_BRFSS
-12.393126,13.349001,BRFSS,200350,,MMD_BRFSS
11.751563,8.387679,BRFSS,281157,,MMD_BRFSS
1.041053,12.606211,BRFSS,293414,,MMD_BRFSS
0.008894989,9.559787,BRFSS,211750,,MMD_BRFSS
12.664822,16.98936,BRFSS,426093,,MMD_BRFSS
8.539823,3.2013164,BRFSS,190364,,MMD_BRFSS
8.300798,0.16753921,BRFSS,119611,,MMD_BRFSS
0.022579063,9.467507,BRFSS,392531,,MMD_BRFSS
19.444372,10.426419,BRFSS,439700,,MMD_BRFSS
8.555171,3.1812694,BRFSS,104339,,MMD_BRFSS
13.528561,8.66423,BRFSS,74029,,MMD_BRFSS
4.3954525,-3.7394893,BRFSS,315931,,MMD_BRFSS
16.652163,11.41015,BRFSS,82728,,MMD_BRFSS
10.839767,7.7997427,BRFSS,128424,,MMD_BRFSS
18.338837,13.519106,BRFSS,319720,,MMD_BRFSS
10.9992,0.26003566,BRFSS,57810,,MMD_BRFSS
18.698086,13.9783535,BRFSS,72638,,MMD_BRFSS
2.9803083,-1.8785427,BRFSS,139506,,MMD_BRFSS
-0.11337865,3.1059828,BRFSS,335677,,MMD_BRFSS
0.71565104,10.907792,BRFSS,125241,,MMD_BRFSS
-14.249687,14.723212,BRFSS,97159,,MMD_BRFSS
4.893104,-4.358277,BRFSS,189033,,MMD_BRFSS
3.930362,-3.2863803,BRFSS,183336,,MMD_BRFSS
2.5661502,2.9532626,BRFSS,55405,,MMD_BRFSS
9.880241,1.3920299,BRFSS,198552,,MMD_BRFSS
0.6732464,12.069692,BRFSS,330523,,MMD_BRFSS
0.8399259,9.753754,BRFSS,354736,,MMD_BRFSS
10.5377035,6.6965837,BRFSS,18562,,MMD_BRFSS
10.542525,6.7365966,BRFSS,206476,,MMD_BRFSS
10.180371,-0.847828,BRFSS,121000,,MMD_BRFSS
13.851416,-0.39250842,BRFSS,202313,,MMD_BRFSS
7.999094,2.6844018,BRFSS,442512,,MMD_BRFSS
11.017761,7.9602203,BRFSS,417447,,MMD_BRFSS
-0.44186983,2.411311,BRFSS,13417,,MMD_BRFSS
15.783111,10.180632,BRFSS,448102,,MMD_BRFSS
4.310721,2.6570904,BRFSS,256315,,MMD_BRFSS
0.9160017,12.603622,BRFSS,27305,,MMD_BRFSS
3.3618512,-0.3203768,BRFSS,204572,,MMD_BRFSS
3.9322124,-3.283459,BRFSS,60807,,MMD_BRFSS
12.476492,16.547577,BRFSS,373888,,MMD_BRFSS
1.1159921,1.952129,BRFSS,400627,,MMD_BRFSS
0.8128604,8.137043,BRFSS,53796,,MMD_BRFSS
10.666517,7.2994328,BRFSS,257061,,MMD_BRFSS
15.507833,10.138932,BRFSS,221146,,MMD_BRFSS
15.954344,8.3862915,BRFSS,130028,,MMD_BRFSS
12.350325,3.7459686,BRFSS,59444,,MMD_BRFSS
5.4168906,-2.0880702,BRFSS,94731,,MMD_BRFSS
1.4128687,3.2890089,BRFSS,449815,,MMD_BRFSS
6.3568144,-0.89539665,BRFSS,393467,,MMD_BRFSS
14.131673,-0.15394276,BRFSS,127526,,MMD_BRFSS
0.5658469,12.003092,BRFSS,343483,,MMD_BRFSS
2.2945848,5.642619,BRFSS,198767,,MMD_BRFSS
2.8136096,5.3728895,BRFSS,145292,,MMD_BRFSS
18.32498,13.507966,BRFSS,405252,,MMD_BRFSS
3.1431482,1.7396969,BRFSS,288591,,MMD_BRFSS
18.97004,14.986688,BRFSS,171083,,MMD_BRFSS
15.649578,10.099804,BRFSS,55287,,MMD_BRFSS
1.4980863,11.755617,BRFSS,448021,,MMD_BRFSS
12.766361,-0.6639806,BRFSS,104418,,MMD_BRFSS
-6.4500427,15.211193,BRFSS,374192,,MMD_BRFSS
3.197429,1.5657889,BRFSS,311331,,MMD_BRFSS
15.827955,2.0827658,BRFSS,32637,,MMD_BRFSS
13.064644,-0.7563354,BRFSS,62724,,MMD_BRFSS
6.912271,1.9779414,BRFSS,278283,,MMD_BRFSS
10.1106,1.8345145,BRFSS,217719,,MMD_BRFSS
15.903455,2.7951524,BRFSS,83737,,MMD_BRFSS
9.723024,4.413433,NHANES,6087,Other Hispanic,MMD_BRFSS
7.006069,0.22150627,BRFSS,143461,,MMD_BRFSS
11.636058,7.7221575,BRFSS,241661,,MMD_BRFSS
10.054431,2.5146017,BRFSS,59285,,MMD_BRFSS
7.4426184,1.8952694,BRFSS,45894,,MMD_BRFSS
7.934994,0.2877157,BRFSS,63824,,MMD_BRFSS
-13.0395975,13.883394,BRFSS,229580,,MMD_BRFSS
0.89141184,9.611996,BRFSS,393256,,MMD_BRFSS
16.48036,11.809252,BRFSS,94997,,MMD_BRFSS
11.241393,6.282213,BRFSS,67564,,MMD_BRFSS
13.405177,0.67463267,BRFSS,159218,,MMD_BRFSS
0.4524603,8.307111,BRFSS,375857,,MMD_BRFSS
-0.43536443,3.7050653,BRFSS,339602,,MMD_BRFSS
0.4343574,11.99246,BRFSS,99783,,MMD_BRFSS
16.500004,2.3774319,BRFSS,279902,,MMD_BRFSS
12.686788,9.303901,BRFSS,420864,,MMD_BRFSS
-0.32006907,9.332922,BRFSS,408283,,MMD_BRFSS
-10.181923,13.708443,BRFSS,342015,,MMD_BRFSS
1.7443553,8.140653,BRFSS,74632,,MMD_BRFSS
4.860164,1.631556,BRFSS,157136,,MMD_BRFSS
13.410986,5.955315,BRFSS,136657,,MMD_BRFSS
6.3664713,3.2102623,BRFSS,295830,,MMD_BRFSS
4.6513004,2.437961,BRFSS,51813,,MMD_BRFSS
16.566195,10.450731,BRFSS,10917,,MMD_BRFSS
7.077508,-1.2472395,BRFSS,263093,,MMD_BRFSS
9.854934,0.11493294,BRFSS,403453,,MMD_BRFSS
1.586945,1.8806466,BRFSS,231592,,MMD_BRFSS
-14.252299,14.725217,BRFSS,439633,,MMD_BRFSS
12.955458,18.060135,BRFSS,133109,,MMD_BRFSS
1.3868345,11.26322,BRFSS,45910,,MMD_BRFSS
16.448835,2.5127301,BRFSS,410828,,MMD_BRFSS
2.968927,5.281942,BRFSS,306760,,MMD_BRFSS
0.06517295,4.1973186,BRFSS,307987,,MMD_BRFSS
10.103629,2.450736,BRFSS,205063,,MMD_BRFSS
0.7001823,10.694084,BRFSS,26487,,MMD_BRFSS
5.112075,-0.4055913,BRFSS,434688,,MMD_BRFSS
6.5449085,3.2570274,BRFSS,118233,,MMD_BRFSS
19.469446,10.421919,BRFSS,372520,,MMD_BRFSS
13.131127,4.163823,BRFSS,298134,,MMD_BRFSS
12.133794,6.4221807,BRFSS,295373,,MMD_BRFSS
11.814215,5.955431,BRFSS,83107,,MMD_BRFSS
15.07803,4.618882,BRFSS,88560,,MMD_BRFSS
13.326952,5.4748836,BRFSS,439500,,MMD_BRFSS
6.3357964,-0.4922013,BRFSS,73305,,MMD_BRFSS
16.829329,11.806669,BRFSS,37135,,MMD_BRFSS
-0.005925415,9.129928,BRFSS,227577,,MMD_BRFSS
-12.719146,13.583582,BRFSS,206802,,MMD_BRFSS
6.0878057,2.7321463,BRFSS,403460,,MMD_BRFSS
1.7631626,8.129326,BRFSS,360005,,MMD_BRFSS
-0.5161317,3.7173088,BRFSS,430419,,MMD_BRFSS
15.512826,2.5527387,BRFSS,34899,,MMD_BRFSS
4.9965634,-4.836967,BRFSS,157660,,MMD_BRFSS
17.98677,13.099186,BRFSS,163098,,MMD_BRFSS
14.887324,1.8818926,BRFSS,142429,,MMD_BRFSS
13.262596,9.063499,BRFSS,113340,,MMD_BRFSS
9.616275,-0.93032557,BRFSS,155148,,MMD_BRFSS
3.2769363,4.247902,BRFSS,92420,,MMD_BRFSS
6.276622,0.6690702,BRFSS,169320,,MMD_BRFSS
13.885108,9.299459,BRFSS,118332,,MMD_BRFSS
1.7834595,8.78082,BRFSS,189240,,MMD_BRFSS
9.773122,-1.2068135,BRFSS,385789,,MMD_BRFSS
0.6630839,12.308794,BRFSS,33259,,MMD_BRFSS
12.761766,-1.0968779,BRFSS,11188,,MMD_BRFSS
12.390273,3.7077389,BRFSS,163459,,MMD_BRFSS
12.212356,3.8546455,BRFSS,398433,,MMD_BRFSS
-14.317654,14.707802,BRFSS,206527,,MMD_BRFSS
14.025857,0.28259936,BRFSS,223031,,MMD_BRFSS
10.830798,7.7893124,BRFSS,332061,,MMD_BRFSS
1.3379841,11.221761,BRFSS,253080,,MMD_BRFSS
16.022882,8.32632,BRFSS,282275,,MMD_BRFSS
6.637322,2.0789695,BRFSS,89733,,MMD_BRFSS
16.507061,2.3631387,BRFSS,28017,,MMD_BRFSS
0.8593653,7.7998075,BRFSS,305560,,MMD_BRFSS
1.3367707,4.9113727,BRFSS,174787,,MMD_BRFSS
15.159342,6.1452193,BRFSS,394766,,MMD_BRFSS
13.063404,2.3698454,BRFSS,90566,,MMD_BRFSS
11.054303,6.4060645,BRFSS,119694,,MMD_BRFSS
9.879291,3.6981356,BRFSS,347515,,MMD_BRFSS
10.781251,6.5364985,BRFSS,273382,,MMD_BRFSS
6.4769354,-0.3749898,BRFSS,110942,,MMD_BRFSS
15.932341,4.2427363,BRFSS,189376,,MMD_BRFSS
0.20563368,2.5737085,BRFSS,340508,,MMD_BRFSS
10.983181,2.5424597,BRFSS,442544,,MMD_BRFSS
-13.3015995,14.121368,BRFSS,334381,,MMD_BRFSS
12.320956,6.3871484,BRFSS,121519,,MMD_BRFSS
1.2165267,3.6944082,BRFSS,430069,,MMD_BRFSS
11.424195,2.6183248,BRFSS,268529,,MMD_BRFSS
7.9742303,2.5322955,BRFSS,309481,,MMD_BRFSS
18.940886,14.932371,BRFSS,358878,,MMD_BRFSS
18.954056,14.945723,BRFSS,387212,,MMD_BRFSS
3.5641232,-1.0585791,BRFSS,97756,,MMD_BRFSS
15.536568,1.0698662,BRFSS,295153,,MMD_BRFSS
-13.322834,14.142766,BRFSS,159523,,MMD_BRFSS
1.8164513,4.2827964,BRFSS,138752,,MMD_BRFSS
2.6580255,-1.4450799,BRFSS,268300,,MMD_BRFSS
1.8730665,10.496445,BRFSS,12433,,MMD_BRFSS
0.94060594,8.843154,BRFSS,99014,,MMD_BRFSS
-3.9649315,-5.4099793,NHANES,5354,Non-Hispanic White,MMD_BRFSS
7.4530516,2.5580854,BRFSS,187429,,MMD_BRFSS
3.0156176,-1.6934246,BRFSS,182252,,MMD_BRFSS
15.628883,4.5329013,BRFSS,115296,,MMD_BRFSS
1.0516143,3.125423,BRFSS,239668,,MMD_BRFSS
8.432894,18.851427,BRFSS,74453,,MMD_BRFSS
13.620141,6.5451555,BRFSS,17541,,MMD_BRFSS
1.4132924,3.2829266,BRFSS,97998,,MMD_BRFSS
3.9427392,2.1508074,BRFSS,40567,,MMD_BRFSS
16.616375,2.0023763,BRFSS,163621,,MMD_BRFSS
14.015847,5.0104494,BRFSS,203107,,MMD_BRFSS
2.0166903,5.6398177,BRFSS,144176,,MMD_BRFSS
12.537488,1.9904425,BRFSS,101932,,MMD_BRFSS
10.144372,-0.8310142,BRFSS,120214,,MMD_BRFSS
-15.350612,14.081895,BRFSS,258997,,MMD_BRFSS
13.961578,8.043878,BRFSS,50641,,MMD_BRFSS
15.420139,6.747806,BRFSS,445402,,MMD_BRFSS
7.977987,2.473039,BRFSS,369539,,MMD_BRFSS
16.00906,6.6007357,BRFSS,91287,,MMD_BRFSS
15.644371,7.3648796,BRFSS,67560,,MMD_BRFSS
15.526208,5.147241,BRFSS,163810,,MMD_BRFSS
10.103637,4.028092,BRFSS,164742,,MMD_BRFSS
1.0075275,12.642485,BRFSS,330457,,MMD_BRFSS
4.4400353,3.4756382,BRFSS,199383,,MMD_BRFSS
9.650767,-0.92789155,BRFSS,301017,,MMD_BRFSS
7.840285,2.4242642,BRFSS,163505,,MMD_BRFSS
1.0627282,6.7724395,BRFSS,305726,,MMD_BRFSS
2.1000872,8.979311,BRFSS,422409,,MMD_BRFSS
11.156021,4.703459,BRFSS,221049,,MMD_BRFSS
-13.865338,14.53317,BRFSS,312059,,MMD_BRFSS
0.36291546,8.38971,BRFSS,359696,,MMD_BRFSS
11.639634,6.2475915,BRFSS,95517,,MMD_BRFSS
9.867091,2.731933,BRFSS,302000,,MMD_BRFSS
12.568289,4.7318816,BRFSS,30093,,MMD_BRFSS
-3.9015195,-5.4728775,NHANES,9119,Other Hispanic,MMD_BRFSS
11.47316,2.15943,BRFSS,201570,,MMD_BRFSS
16.325832,6.35225,BRFSS,76278,,MMD_BRFSS
15.3152895,0.7789942,BRFSS,153305,,MMD_BRFSS
12.346596,-0.5930525,BRFSS,88960,,MMD_BRFSS
14.070459,4.991656,BRFSS,48046,,MMD_BRFSS
15.953873,6.879835,BRFSS,409427,,MMD_BRFSS
12.852562,3.3853505,BRFSS,343905,,MMD_BRFSS
1.5609363,11.635962,BRFSS,80307,,MMD_BRFSS
13.573594,8.364068,BRFSS,51982,,MMD_BRFSS
13.069859,18.541151,BRFSS,245058,,MMD_BRFSS
12.657939,6.2269855,BRFSS,420535,,MMD_BRFSS
2.8697407,-0.10865481,BRFSS,230458,,MMD_BRFSS
12.208718,0.48858052,BRFSS,172601,,MMD_BRFSS
0.29089516,12.020195,BRFSS,408795,,MMD_BRFSS
-0.13036822,9.373775,BRFSS,448064,,MMD_BRFSS
1.0814236,12.564336,BRFSS,378362,,MMD_BRFSS
7.581768,2.5386667,BRFSS,172411,,MMD_BRFSS
15.878398,2.8032331,BRFSS,391773,,MMD_BRFSS
13.060537,-0.75829035,BRFSS,108487,,MMD_BRFSS
-15.277,14.146977,BRFSS,342387,,MMD_BRFSS
1.2558666,11.348907,BRFSS,143890,,MMD_BRFSS
15.9208765,6.870706,BRFSS,252088,,MMD_BRFSS
15.174401,4.6074524,BRFSS,265683,,MMD_BRFSS
5.237386,1.0484787,BRFSS,348029,,MMD_BRFSS
1.5349195,11.035277,BRFSS,42149,,MMD_BRFSS
2.2121105,5.612351,BRFSS,250960,,MMD_BRFSS
3.983286,0.92006344,BRFSS,381705,,MMD_BRFSS
1.7974453,5.6699295,BRFSS,307510,,MMD_BRFSS
11.649207,8.143074,BRFSS,427415,,MMD_BRFSS
3.9379804,3.0584943,BRFSS,222260,,MMD_BRFSS
3.8579752,-3.5040631,BRFSS,332591,,MMD_BRFSS
5.1617227,2.2329223,BRFSS,300829,,MMD_BRFSS
10.877189,0.6272836,BRFSS,32266,,MMD_BRFSS
10.00831,-0.030925438,BRFSS,64696,,MMD_BRFSS
0.67352897,5.3347874,BRFSS,224764,,MMD_BRFSS
2.2141495,5.749732,BRFSS,188403,,MMD_BRFSS
11.990358,-1.2820947,BRFSS,405192,,MMD_BRFSS
15.810346,10.212645,BRFSS,128238,,MMD_BRFSS
9.864756,2.7303092,BRFSS,194678,,MMD_BRFSS
1.2902654,4.5497336,BRFSS,180851,,MMD_BRFSS
1.8029251,10.528588,BRFSS,295765,,MMD_BRFSS
12.427595,6.3877153,BRFSS,72734,,MMD_BRFSS
-11.825211,13.309132,BRFSS,24629,,MMD_BRFSS
-0.18844065,2.9547944,BRFSS,186768,,MMD_BRFSS
1.7077512,1.3599272,BRFSS,60793,,MMD_BRFSS
11.946698,1.6970967,BRFSS,78162,,MMD_BRFSS
3.4122283,0.8769804,BRFSS,293425,,MMD_BRFSS
0.049187105,10.898522,BRFSS,124910,,MMD_BRFSS
15.453968,8.646415,BRFSS,261113,,MMD_BRFSS
3.2066822,2.743515,BRFSS,359397,,MMD_BRFSS
7.568536,2.5131829,BRFSS,237301,,MMD_BRFSS
1.5185494,5.3842344,BRFSS,17368,,MMD_BRFSS
4.015469,2.7763743,BRFSS,368003,,MMD_BRFSS
14.720812,8.244642,BRFSS,44839,,MMD_BRFSS
15.812017,4.4134655,BRFSS,278104,,MMD_BRFSS
1.2256198,11.335655,BRFSS,230271,,MMD_BRFSS
13.188034,1.1493995,BRFSS,332814,,MMD_BRFSS
1.516441,8.13112,BRFSS,443905,,MMD_BRFSS
15.464304,5.6751556,BRFSS,280750,,MMD_BRFSS
13.194993,-0.75528574,BRFSS,129644,,MMD_BRFSS
6.044006,-1.8233742,BRFSS,282764,,MMD_BRFSS
-4.106032,-5.269136,NHANES,6675,Non-Hispanic White,MMD_BRFSS
1.0664524,10.076642,BRFSS,63308,,MMD_BRFSS
15.054952,3.5489907,BRFSS,100152,,MMD_BRFSS
14.932335,3.7299304,BRFSS,144427,,MMD_BRFSS
9.578109,0.8243787,BRFSS,122894,,MMD_BRFSS
7.331364,3.438993,BRFSS,290960,,MMD_BRFSS
12.668228,4.7204757,BRFSS,22709,,MMD_BRFSS
4.0486765,3.445439,BRFSS,89977,,MMD_BRFSS
13.065009,3.3250906,BRFSS,97259,,MMD_BRFSS
12.161392,-1.400169,BRFSS,413423,,MMD_BRFSS
-15.265201,14.158295,BRFSS,181795,,MMD_BRFSS
-15.721751,12.848223,BRFSS,377791,,MMD_BRFSS
3.4640226,3.057933,BRFSS,28748,,MMD_BRFSS
3.9321992,4.381131,BRFSS,142794,,MMD_BRFSS
6.3925495,-0.8804351,BRFSS,390737,,MMD_BRFSS
14.366896,0.54192334,BRFSS,207744,,MMD_BRFSS
16.681091,9.404995,BRFSS,427498,,MMD_BRFSS
6.811686,-0.4921434,BRFSS,345283,,MMD_BRFSS
14.960629,5.065196,BRFSS,91884,,MMD_BRFSS
4.6239204,-3.0668309,BRFSS,117422,,MMD_BRFSS
16.551348,10.430276,BRFSS,135303,,MMD_BRFSS
5.0392585,-4.852897,BRFSS,58615,,MMD_BRFSS
11.227793,6.723746,BRFSS,171320,,MMD_BRFSS
3.928175,3.6446083,BRFSS,77101,,MMD_BRFSS
9.774243,-1.2024316,BRFSS,79150,,MMD_BRFSS
6.06839,-1.7760882,BRFSS,426542,,MMD_BRFSS
18.546415,13.768545,BRFSS,193012,,MMD_BRFSS
4.8529053,-3.6466074,BRFSS,199882,,MMD_BRFSS
1.7059903,9.126576,BRFSS,156002,,MMD_BRFSS
13.856409,7.7951217,BRFSS,104376,,MMD_BRFSS
13.976097,7.873652,BRFSS,72351,,MMD_BRFSS
1.6489676,9.057486,BRFSS,257533,,MMD_BRFSS
16.297817,10.129142,BRFSS,145376,,MMD_BRFSS
15.627045,4.554319,BRFSS,412469,,MMD_BRFSS
13.232181,1.1307312,BRFSS,71774,,MMD_BRFSS
-14.21369,14.718169,BRFSS,450086,,MMD_BRFSS
9.36325,4.7857704,BRFSS,330595,,MMD_BRFSS
1.28849,10.167349,BRFSS,168872,,MMD_BRFSS
1.6925029,9.135575,BRFSS,144207,,MMD_BRFSS
3.0020306,-1.9700466,BRFSS,402254,,MMD_BRFSS
14.161721,8.095949,BRFSS,89665,,MMD_BRFSS
5.3627157,2.502247,BRFSS,122164,,MMD_BRFSS
4.679107,-3.4132748,BRFSS,194437,,MMD_BRFSS
16.40395,9.814301,BRFSS,448940,,MMD_BRFSS
5.3653603,2.8142524,BRFSS,325319,,MMD_BRFSS
13.520394,3.229081,BRFSS,24619,,MMD_BRFSS
11.756664,5.243154,BRFSS,11376,,MMD_BRFSS
1.0196457,2.7759242,BRFSS,380347,,MMD_BRFSS
-3.8015578,-5.5720615,NHANES,5187,Non-Hispanic Asian,MMD_BRFSS
-10.355565,13.644942,BRFSS,282058,,MMD_BRFSS
16.318567,8.968876,BRFSS,355954,,MMD_BRFSS
1.3080661,4.5275483,BRFSS,101164,,MMD_BRFSS
2.1856515,8.073658,BRFSS,20612,,MMD_BRFSS
12.672688,4.341607,BRFSS,132919,,MMD_BRFSS
4.527991,-3.2071187,BRFSS,398295,,MMD_BRFSS
11.029753,3.1248727,BRFSS,173654,,MMD_BRFSS
15.525871,10.11961,BRFSS,398096,,MMD_BRFSS
11.781093,1.4369203,BRFSS,423942,,MMD_BRFSS
0.3836285,10.625074,BRFSS,180233,,MMD_BRFSS
14.730657,1.927766,BRFSS,139603,,MMD_BRFSS
3.7576487,-3.3198097,BRFSS,399565,,MMD_BRFSS
2.4544384,1.4534432,BRFSS,349856,,MMD_BRFSS
16.210052,1.6948427,BRFSS,304441,,MMD_BRFSS
3.7134254,3.3202264,BRFSS,229831,,MMD_BRFSS
4.612751,-3.0814154,BRFSS,158766,,MMD_BRFSS
1.7172499,3.306637,BRFSS,391520,,MMD_BRFSS
-13.880244,14.546295,BRFSS,48342,,MMD_BRFSS
7.0652084,0.2496143,BRFSS,271723,,MMD_BRFSS
0.5872665,11.228382,BRFSS,197836,,MMD_BRFSS
14.08813,7.153896,BRFSS,64348,,MMD_BRFSS
16.10006,12.16875,BRFSS,47439,,MMD_BRFSS
12.7629,17.233921,BRFSS,376557,,MMD_BRFSS
10.902461,5.0959034,BRFSS,23182,,MMD_BRFSS
15.550967,1.0581107,BRFSS,432412,,MMD_BRFSS
1.6155993,8.619101,BRFSS,282181,,MMD_BRFSS
9.875841,2.1824026,BRFSS,376500,,MMD_BRFSS
-0.14990522,2.7968364,BRFSS,198315,,MMD_BRFSS
9.763291,-1.1931555,BRFSS,321635,,MMD_BRFSS
15.492159,7.2717943,BRFSS,194256,,MMD_BRFSS
0.45323056,5.0360374,BRFSS,220869,,MMD_BRFSS
1.1713154,11.01031,BRFSS,118218,,MMD_BRFSS
-11.970658,13.300052,BRFSS,434548,,MMD_BRFSS
11.767011,6.2086654,BRFSS,192926,,MMD_BRFSS
3.140638,-0.6956222,BRFSS,13228,,MMD_BRFSS
18.547152,13.770274,BRFSS,85960,,MMD_BRFSS
4.795155,-0.34309685,BRFSS,361842,,MMD_BRFSS
-12.737905,13.600631,BRFSS,101048,,MMD_BRFSS
6.561153,0.595614,BRFSS,92498,,MMD_BRFSS
12.962978,18.018993,BRFSS,270898,,MMD_BRFSS
11.301566,4.1492786,BRFSS,304485,,MMD_BRFSS
11.941694,-1.2613609,BRFSS,57157,,MMD_BRFSS
0.331639,10.513339,BRFSS,274110,,MMD_BRFSS
-12.3663025,13.315915,BRFSS,155852,,MMD_BRFSS
3.2686632,4.312196,BRFSS,200178,,MMD_BRFSS
12.798858,9.326594,BRFSS,359436,,MMD_BRFSS
2.6586525,1.6948198,BRFSS,210196,,MMD_BRFSS
8.190776,4.7322445,BRFSS,292693,,MMD_BRFSS
14.846206,8.241723,BRFSS,375258,,MMD_BRFSS
6.662244,-0.6571404,BRFSS,449208,,MMD_BRFSS
4.355103,-1.4005144,BRFSS,102915,,MMD_BRFSS
13.109659,4.1906767,BRFSS,94498,,MMD_BRFSS
3.6350248,-1.6900526,BRFSS,362176,,MMD_BRFSS
4.851964,-0.2803148,BRFSS,265914,,MMD_BRFSS
-3.8037937,-5.569848,PIMA,326,Pima Indian,MMD_BRFSS
4.3090806,0.41648477,BRFSS,106723,,MMD_BRFSS
15.351602,4.5641155,BRFSS,132587,,MMD_BRFSS
8.932248,4.87646,BRFSS,211326,,MMD_BRFSS
10.493103,-0.27390343,BRFSS,275887,,MMD_BRFSS
11.675453,7.7819138,BRFSS,438729,,MMD_BRFSS
14.276632,8.938381,BRFSS,283356,,MMD_BRFSS
13.550396,0.92316276,BRFSS,20071,,MMD_BRFSS
-0.43753576,3.4443834,BRFSS,70880,,MMD_BRFSS
8.188595,4.7447023,BRFSS,184572,,MMD_BRFSS
11.248525,6.1862636,BRFSS,60638,,MMD_BRFSS
-15.702435,13.574872,BRFSS,236191,,MMD_BRFSS
-13.57182,14.333877,BRFSS,311451,,MMD_BRFSS
12.923434,17.950748,BRFSS,24760,,MMD_BRFSS
11.195073,-0.056051895,BRFSS,307025,,MMD_BRFSS
2.983099,5.2815475,BRFSS,444426,,MMD_BRFSS
2.8329759,-0.09667517,BRFSS,108042,,MMD_BRFSS
-15.750503,13.48866,BRFSS,83744,,MMD_BRFSS
6.954562,1.7567855,BRFSS,11978,,MMD_BRFSS
13.995595,5.2016397,BRFSS,296827,,MMD_BRFSS
13.11047,18.60006,BRFSS,161921,,MMD_BRFSS
15.864032,2.7965083,BRFSS,387348,,MMD_BRFSS
6.261546,-1.0118148,BRFSS,258566,,MMD_BRFSS
4.48203,-3.910094,BRFSS,353033,,MMD_BRFSS
5.2102013,0.82254964,BRFSS,434283,,MMD_BRFSS
16.485952,6.1294017,BRFSS,176634,,MMD_BRFSS
16.246065,12.030055,BRFSS,440700,,MMD_BRFSS
8.108781,3.1311846,BRFSS,179491,,MMD_BRFSS
16.160458,1.758218,BRFSS,272113,,MMD_BRFSS
3.9654825,4.4115057,BRFSS,430262,,MMD_BRFSS
5.0131817,-4.8170595,BRFSS,85958,,MMD_BRFSS
0.31045687,11.993946,BRFSS,69028,,MMD_BRFSS
10.037298,2.3604584,BRFSS,439961,,MMD_BRFSS
-14.072828,14.651324,BRFSS,77736,,MMD_BRFSS
0.529875,5.079331,BRFSS,362000,,MMD_BRFSS
19.43935,10.428858,BRFSS,49473,,MMD_BRFSS
13.721172,6.6140594,BRFSS,165683,,MMD_BRFSS
3.6171973,-1.5508399,BRFSS,215613,,MMD_BRFSS
3.180947,1.0654075,BRFSS,248273,,MMD_BRFSS
0.8448719,10.888169,BRFSS,58680,,MMD_BRFSS
1.6393859,8.318561,BRFSS,380378,,MMD_BRFSS
1.632201,10.384178,BRFSS,217802,,MMD_BRFSS
-6.482774,15.239772,BRFSS,394121,,MMD_BRFSS
12.928215,3.3870623,BRFSS,258729,,MMD_BRFSS
4.8285947,-4.151893,BRFSS,171561,,MMD_BRFSS
-4.0164514,-5.3588285,NHANES,2139,Non-Hispanic Black,MMD_BRFSS
14.330491,0.5841952,BRFSS,279315,,MMD_BRFSS
16.009706,8.452203,BRFSS,121572,,MMD_BRFSS
9.169321,4.891287,BRFSS,24208,,MMD_BRFSS
10.306223,2.0447903,BRFSS,214121,,MMD_BRFSS
6.515968,2.0991404,BRFSS,301917,,MMD_BRFSS
16.220917,9.576678,BRFSS,369409,,MMD_BRFSS
-12.455009,13.388053,BRFSS,72256,,MMD_BRFSS
3.8009167,-3.1966836,BRFSS,253502,,MMD_BRFSS
1.9101204,10.49053,BRFSS,133171,,MMD_BRFSS
1.5283767,10.20344,BRFSS,153937,,MMD_BRFSS
17.189241,12.169204,BRFSS,232134,,MMD_BRFSS
-10.35227,13.648244,BRFSS,409829,,MMD_BRFSS
1.7953051,0.59009814,BRFSS,274220,,MMD_BRFSS
-15.766676,13.431372,BRFSS,203311,,MMD_BRFSS
-6.5317974,15.217732,BRFSS,54597,,MMD_BRFSS
3.1914458,-0.48001373,BRFSS,47659,,MMD_BRFSS
12.01892,6.407521,BRFSS,432765,,MMD_BRFSS
13.208591,1.1342031,BRFSS,115226,,MMD_BRFSS
13.498444,0.52265245,BRFSS,19835,,MMD_BRFSS
0.8703278,10.057316,BRFSS,293609,,MMD_BRFSS
12.7893715,3.4548786,BRFSS,36737,,MMD_BRFSS
6.535671,3.1601822,BRFSS,430138,,MMD_BRFSS
2.4346995,8.388592,BRFSS,38261,,MMD_BRFSS
15.109653,7.6654024,BRFSS,240125,,MMD_BRFSS
15.60024,10.039353,BRFSS,10208,,MMD_BRFSS
12.344576,-0.6010455,BRFSS,312098,,MMD_BRFSS
-11.272589,13.394228,BRFSS,331696,,MMD_BRFSS
4.4844594,-3.1866717,BRFSS,68780,,MMD_BRFSS
12.050244,6.4103475,BRFSS,292008,,MMD_BRFSS
1.307473,3.2491946,BRFSS,46503,,MMD_BRFSS
16.230043,12.045162,BRFSS,24389,,MMD_BRFSS
0.8044743,11.223939,BRFSS,168337,,MMD_BRFSS
10.965375,5.056533,BRFSS,97268,,MMD_BRFSS
16.076399,9.327724,BRFSS,399403,,MMD_BRFSS
11.608558,5.229997,BRFSS,183169,,MMD_BRFSS
0.7154655,11.028332,BRFSS,270620,,MMD_BRFSS
16.541515,6.096071,BRFSS,400778,,MMD_BRFSS
4.433795,3.440302,BRFSS,57455,,MMD_BRFSS
-11.884658,-0.68289065,BRFSS,242488,,MMD_BRFSS
-15.698415,12.754203,BRFSS,337947,,MMD_BRFSS
7.3576264,1.64794,BRFSS,245773,,MMD_BRFSS
-4.079977,-5.2949076,NHANES,8593,Non-Hispanic Black,MMD_BRFSS
5.0663548,-4.779564,BRFSS,284888,,MMD_BRFSS
4.6333327,-1.6590927,BRFSS,44897,,MMD_BRFSS
0.85189664,9.33294,BRFSS,353069,,MMD_BRFSS
16.306913,11.980617,BRFSS,202600,,MMD_BRFSS
15.599023,6.8168406,BRFSS,69037,,MMD_BRFSS
-15.766318,13.433082,BRFSS,122209,,MMD_BRFSS
12.131233,1.1035538,BRFSS,443583,,MMD_BRFSS
8.117355,4.7318354,BRFSS,45260,,MMD_BRFSS
0.33750302,11.901825,BRFSS,392141,,MMD_BRFSS
2.4246194,5.6845746,BRFSS,140636,,MMD_BRFSS
1.5748013,10.548041,BRFSS,294306,,MMD_BRFSS
1.6904074,10.426833,BRFSS,395257,,MMD_BRFSS
0.13813895,11.005566,BRFSS,87003,,MMD_BRFSS
1.1180129,6.735021,BRFSS,326138,,MMD_BRFSS
10.820244,3.4405925,BRFSS,332023,,MMD_BRFSS
10.785504,3.464432,BRFSS,326247,,MMD_BRFSS
8.314088,18.992912,BRFSS,25885,,MMD_BRFSS
18.561304,13.7866745,BRFSS,394513,,MMD_BRFSS
6.704102,1.800702,BRFSS,198025,,MMD_BRFSS
5.019225,-1.7484441,BRFSS,395175,,MMD_BRFSS
0.43801373,5.01984,BRFSS,422871,,MMD_BRFSS
13.9780035,4.6751976,BRFSS,225654,,MMD_BRFSS
-15.466181,13.963365,BRFSS,439482,,MMD_BRFSS
5.362536,2.8812568,BRFSS,174738,,MMD_BRFSS
10.902546,0.5924945,BRFSS,260205,,MMD_BRFSS
11.636741,7.8734345,BRFSS,130902,,MMD_BRFSS
15.54533,1.064087,BRFSS,278868,,MMD_BRFSS
-3.8225758,-5.551257,NHANES,2481,Non-Hispanic White,MMD_BRFSS
-13.385238,14.187821,BRFSS,301020,,MMD_BRFSS
13.10509,5.902439,BRFSS,374395,,MMD_BRFSS
8.308646,0.11310175,BRFSS,375387,,MMD_BRFSS
4.227473,-3.0094786,BRFSS,143215,,MMD_BRFSS
16.354616,1.7765036,BRFSS,231649,,MMD_BRFSS
6.9717436,-1.3617067,NHANES,9358,Non-Hispanic Asian,MMD_BRFSS
16.813047,11.789413,BRFSS,47230,,MMD_BRFSS
1.865947,1.0717887,BRFSS,15088,,MMD_BRFSS
1.6653812,0.63621885,BRFSS,294568,,MMD_BRFSS
3.8234355,-1.5969205,BRFSS,272246,,MMD_BRFSS
15.388775,6.7670217,BRFSS,396560,,MMD_BRFSS
15.394462,6.7459497,BRFSS,397379,,MMD_BRFSS
0.19731861,2.2607384,BRFSS,203893,,MMD_BRFSS
0.29291344,3.1043782,BRFSS,77930,,MMD_BRFSS
12.52787,16.60176,BRFSS,146335,,MMD_BRFSS
16.019299,8.44814,BRFSS,309527,,MMD_BRFSS
1.2392211,2.438179,BRFSS,311117,,MMD_BRFSS
-15.744116,13.48952,BRFSS,110810,,MMD_BRFSS
-11.074866,13.445137,BRFSS,353511,,MMD_BRFSS
-13.552505,14.321076,BRFSS,104653,,MMD_BRFSS
4.552433,-3.1445792,BRFSS,411770,,MMD_BRFSS
0.90124124,9.874311,BRFSS,68424,,MMD_BRFSS
9.83068,3.8716986,BRFSS,33069,,MMD_BRFSS
5.5012064,2.5136454,BRFSS,154511,,MMD_BRFSS
-10.270292,13.660299,BRFSS,44208,,MMD_BRFSS
0.8937919,3.0716298,BRFSS,324256,,MMD_BRFSS
11.073771,1.3734018,BRFSS,162990,,MMD_BRFSS
5.815499,-1.7205689,BRFSS,199060,,MMD_BRFSS
4.075335,4.4239054,BRFSS,59450,,MMD_BRFSS
-15.745053,13.098334,BRFSS,277728,,MMD_BRFSS
12.925028,17.978344,BRFSS,183855,,MMD_BRFSS
16.154917,9.281391,BRFSS,374296,,MMD_BRFSS
6.707792,-0.11223198,BRFSS,235473,,MMD_BRFSS
10.824692,1.579312,BRFSS,110003,,MMD_BRFSS
1.0747603,11.426342,BRFSS,224500,,MMD_BRFSS
12.736897,3.515302,BRFSS,319271,,MMD_BRFSS
11.683375,2.4785092,BRFSS,103829,,MMD_BRFSS
1.137007,11.451393,BRFSS,368731,,MMD_BRFSS
1.3383499,12.015289,BRFSS,399744,,MMD_BRFSS
1.2554464,11.384134,BRFSS,80592,,MMD_BRFSS
9.825505,0.8797314,BRFSS,325463,,MMD_BRFSS
11.084913,3.6289952,BRFSS,144832,,MMD_BRFSS
-3.8113208,-5.562606,NHANES,6008,Other Hispanic,MMD_BRFSS
-4.006707,-5.368323,NHANES,940,Non-Hispanic White,MMD_BRFSS
4.7324233,-1.5234684,BRFSS,398192,,MMD_BRFSS
4.4296274,-3.7859418,BRFSS,407431,,MMD_BRFSS
-9.058292,14.138798,BRFSS,250864,,MMD_BRFSS
12.694733,6.377038,BRFSS,446135,,MMD_BRFSS
10.121183,4.440724,BRFSS,378031,,MMD_BRFSS
16.14252,2.4778905,BRFSS,180217,,MMD_BRFSS
0.8402828,8.490005,BRFSS,192657,,MMD_BRFSS
3.4207177,3.7755435,BRFSS,132677,,MMD_BRFSS
0.28229398,2.845251,BRFSS,69641,,MMD_BRFSS
1.5672582,11.624736,BRFSS,449222,,MMD_BRFSS
0.5209401,11.922606,BRFSS,46172,,MMD_BRFSS
11.734356,7.8207593,BRFSS,182082,,MMD_BRFSS
1.959489,8.102687,BRFSS,408600,,MMD_BRFSS
14.882184,7.1402454,BRFSS,120808,,MMD_BRFSS
1.3888186,10.2788925,BRFSS,140068,,MMD_BRFSS
2.0416665,0.30535817,BRFSS,18159,,MMD_BRFSS
12.189756,-0.8762842,BRFSS,37108,,MMD_BRFSS
3.8203835,-3.456198,BRFSS,335368,,MMD_BRFSS
14.354265,8.942415,BRFSS,143178,,MMD_BRFSS
16.496996,1.9549675,BRFSS,51106,,MMD_BRFSS
1.9330357,8.869988,BRFSS,359894,,MMD_BRFSS
7.086988,-1.2277452,BRFSS,332878,,MMD_BRFSS
7.921827,2.918854,BRFSS,203758,,MMD_BRFSS
13.272889,-0.77261204,BRFSS,352767,,MMD_BRFSS
15.687378,1.727244,BRFSS,403493,,MMD_BRFSS
-14.240704,14.7386875,BRFSS,441861,,MMD_BRFSS
1.0678596,6.842544,BRFSS,18044,,MMD_BRFSS
4.3727264,-3.8485742,BRFSS,125883,,MMD_BRFSS
3.6292388,-3.1044557,BRFSS,145188,,MMD_BRFSS
16.523485,9.886721,BRFSS,416408,,MMD_BRFSS
2.5388548,8.256997,BRFSS,81939,,MMD_BRFSS
3.0962186,5.1714115,BRFSS,441069,,MMD_BRFSS
5.8009324,-1.7444625,BRFSS,126668,,MMD_BRFSS
16.139519,12.132362,BRFSS,356258,,MMD_BRFSS
1.2581444,4.5666714,BRFSS,99309,,MMD_BRFSS
6.9866834,0.2111035,BRFSS,135013,,MMD_BRFSS
-11.985386,13.296135,BRFSS,259649,,MMD_BRFSS
11.937658,1.3343573,BRFSS,257298,,MMD_BRFSS
11.832489,6.19437,BRFSS,240816,,MMD_BRFSS
16.167606,1.7660042,BRFSS,422886,,MMD_BRFSS
15.047198,5.7864513,BRFSS,103055,,MMD_BRFSS
16.43358,9.945407,BRFSS,97338,,MMD_BRFSS
0.07648392,10.894087,BRFSS,236141,,MMD_BRFSS
7.8780804,0.24940073,BRFSS,371089,,MMD_BRFSS
12.881165,9.304498,BRFSS,22221,,MMD_BRFSS
12.071151,-1.4308811,BRFSS,421568,,MMD_BRFSS
10.504143,-0.31072706,BRFSS,30017,,MMD_BRFSS
6.909293,2.8701878,BRFSS,342736,,MMD_BRFSS
7.0553365,-1.2841123,BRFSS,401303,,MMD_BRFSS
4.989747,1.0383859,NHANES,1547,Mexican American,MMD_BRFSS
0.2501434,4.753818,BRFSS,283574,,MMD_BRFSS
3.8085165,-1.2651383,BRFSS,144084,,MMD_BRFSS
15.219628,2.9205682,BRFSS,103515,,MMD_BRFSS
6.4303584,3.280804,BRFSS,343418,,MMD_BRFSS
4.8655868,-4.448199,BRFSS,367866,,MMD_BRFSS
15.222347,8.558364,BRFSS,445667,,MMD_BRFSS
11.744721,8.280335,BRFSS,95614,,MMD_BRFSS
1.5901213,11.53514,BRFSS,425270,,MMD_BRFSS
1.8420166,1.3817331,BRFSS,59243,,MMD_BRFSS
11.946568,5.733084,BRFSS,131793,,MMD_BRFSS
16.058897,8.521087,BRFSS,176842,,MMD_BRFSS
13.487243,0.93722105,BRFSS,306320,,MMD_BRFSS
-12.456035,13.389671,BRFSS,134576,,MMD_BRFSS
19.513353,10.431107,BRFSS,221903,,MMD_BRFSS
3.5022187,2.5162137,BRFSS,391451,,MMD_BRFSS
0.27980372,10.136563,BRFSS,160863,,MMD_BRFSS
0.7910363,12.42982,BRFSS,51359,,MMD_BRFSS
0.27803302,11.932691,BRFSS,392761,,MMD_BRFSS
-12.430842,13.366408,BRFSS,369086,,MMD_BRFSS
6.502509,3.3157084,BRFSS,259312,,MMD_BRFSS
9.07233,4.869118,BRFSS,361634,,MMD_BRFSS
0.21209358,3.65143,BRFSS,444324,,MMD_BRFSS
15.94146,10.135996,BRFSS,140882,,MMD_BRFSS
13.907478,9.3117895,BRFSS,127908,,MMD_BRFSS
2.6641867,-1.5069394,BRFSS,29315,,MMD_BRFSS
0.692046,10.886669,BRFSS,318287,,MMD_BRFSS
12.53175,6.244682,BRFSS,446128,,MMD_BRFSS
10.271841,-0.9222728,BRFSS,119188,,MMD_BRFSS
2.2832189,2.1440642,BRFSS,264113,,MMD_BRFSS
11.652725,7.742242,BRFSS,82569,,MMD_BRFSS
15.141562,6.1501527,BRFSS,152958,,MMD_BRFSS
4.8770123,1.2550558,BRFSS,169389,,MMD_BRFSS
0.38848808,3.0890343,BRFSS,231099,,MMD_BRFSS
5.643133,0.06093292,BRFSS,301659,,MMD_BRFSS
16.605524,11.715811,BRFSS,301242,,MMD_BRFSS
2.8872616,3.1281261,BRFSS,443823,,MMD_BRFSS
11.205682,6.1764674,BRFSS,414034,,MMD_BRFSS
2.8598027,1.6956003,BRFSS,184988,,MMD_BRFSS
15.91536,6.857898,BRFSS,423141,,MMD_BRFSS
14.42564,8.149227,BRFSS,196099,,MMD_BRFSS
12.171199,-1.4071535,NHANES,6895,Non-Hispanic White,MMD_BRFSS
6.2265534,2.6172242,BRFSS,355497,,MMD_BRFSS
12.594087,-1.3206768,BRFSS,398529,,MMD_BRFSS
9.633406,-0.91110396,BRFSS,311976,,MMD_BRFSS
4.107901,2.0800989,BRFSS,358952,,MMD_BRFSS
9.231851,4.89167,BRFSS,196180,,MMD_BRFSS
14.362756,8.934592,BRFSS,185649,,MMD_BRFSS
2.4865525,-1.3832841,BRFSS,281775,,MMD_BRFSS
0.50559336,12.095305,BRFSS,381326,,MMD_BRFSS
0.9339622,8.27099,BRFSS,43916,,MMD_BRFSS
-15.710727,12.805197,BRFSS,231888,,MMD_BRFSS
4.930449,-4.280714,BRFSS,413447,,MMD_BRFSS
12.410588,3.70643,BRFSS,177951,,MMD_BRFSS
2.4441605,8.398757,BRFSS,192888,,MMD_BRFSS
-0.47489372,2.345068,BRFSS,425540,,MMD_BRFSS
0.0696992,4.6117253,BRFSS,151716,,MMD_BRFSS
1.8057413,1.3727889,BRFSS,312138,,MMD_BRFSS
10.814734,3.824297,BRFSS,230450,,MMD_BRFSS
1.8870293,0.2843692,BRFSS,152018,,MMD_BRFSS
5.556988,-1.4913772,BRFSS,64309,,MMD_BRFSS
7.08667,-1.2437675,BRFSS,218655,,MMD_BRFSS
19.237904,10.442345,BRFSS,287537,,MMD_BRFSS
0.61883557,5.0577197,BRFSS,194243,,MMD_BRFSS
6.427593,-0.3808052,BRFSS,260686,,MMD_BRFSS
0.92544746,1.9791933,BRFSS,408734,,MMD_BRFSS
3.8319025,4.4203377,BRFSS,390765,,MMD_BRFSS
4.636744,-1.6789382,BRFSS,224701,,MMD_BRFSS
15.210481,8.568982,BRFSS,123450,,MMD_BRFSS
8.314419,18.992767,BRFSS,29959,,MMD_BRFSS
-13.231593,14.059935,BRFSS,28634,,MMD_BRFSS
14.565295,7.918503,BRFSS,356065,,MMD_BRFSS
-9.237478,14.05677,BRFSS,393881,,MMD_BRFSS
4.585767,0.18106522,BRFSS,69816,,MMD_BRFSS
9.948653,4.514781,BRFSS,395032,,MMD_BRFSS
8.24613,0.2398395,BRFSS,42828,,MMD_BRFSS
0.4713517,3.0610435,BRFSS,366660,,MMD_BRFSS
4.875258,3.6081502,BRFSS,195781,,MMD_BRFSS
2.1795042,8.912515,BRFSS,70624,,MMD_BRFSS
1.3743639,4.900789,BRFSS,101892,,MMD_BRFSS
0.96282226,7.192189,BRFSS,422344,,MMD_BRFSS
14.177654,-0.14586563,BRFSS,129882,,MMD_BRFSS
16.0136,6.927839,BRFSS,431740,,MMD_BRFSS
-11.84317,-0.64141726,BRFSS,269844,,MMD_BRFSS
0.13790536,9.898975,BRFSS,234728,,MMD_BRFSS
1.4280064,11.3787565,BRFSS,80471,,MMD_BRFSS
-0.12256096,9.756107,BRFSS,431825,,MMD_BRFSS
3.8533843,3.0138586,BRFSS,278394,,MMD_BRFSS
16.5992,1.9477626,BRFSS,50467,,MMD_BRFSS
9.331773,4.447052,BRFSS,130788,,MMD_BRFSS
1.8200094,10.523585,BRFSS,218416,,MMD_BRFSS
16.42852,11.855126,BRFSS,135148,,MMD_BRFSS
9.913723,3.975276,BRFSS,385425,,MMD_BRFSS
8.919237,0.07906819,BRFSS,341498,,MMD_BRFSS
2.126104,5.717963,BRFSS,382428,,MMD_BRFSS
10.140573,1.7060056,BRFSS,414160,,MMD_BRFSS
1.0653867,12.571816,BRFSS,192647,,MMD_BRFSS
-15.344234,14.086449,BRFSS,376402,,MMD_BRFSS
3.3194237,1.9090717,BRFSS,349068,,MMD_BRFSS
16.114721,10.124715,BRFSS,338266,,MMD_BRFSS
1.3561909,2.48031,NHANES,6183,Mexican American,MMD_BRFSS
1.6084667,7.765014,NHANES,3366,Non-Hispanic White,MMD_BRFSS
5.901927,2.5423863,BRFSS,165224,,MMD_BRFSS
4.222718,-3.057063,BRFSS,363366,,MMD_BRFSS
6.652462,-1.5575637,BRFSS,200600,,MMD_BRFSS
8.238745,0.21788162,BRFSS,409917,,MMD_BRFSS
5.7550488,-1.7958107,BRFSS,162206,,MMD_BRFSS
2.1718092,8.084302,BRFSS,359711,,MMD_BRFSS
0.20599739,9.98147,BRFSS,402903,,MMD_BRFSS
13.994431,8.037843,BRFSS,333809,,MMD_BRFSS
9.267136,3.3226566,BRFSS,181473,,MMD_BRFSS
3.9595287,4.3869176,BRFSS,326076,,MMD_BRFSS
13.119045,5.90198,BRFSS,33825,,MMD_BRFSS
16.210041,12.040149,BRFSS,187796,,MMD_BRFSS
14.872165,3.118108,BRFSS,349303,,MMD_BRFSS
14.745613,4.5562987,BRFSS,248584,,MMD_BRFSS
5.1123466,0.60846585,BRFSS,224233,,MMD_BRFSS
11.870609,0.84997934,BRFSS,184325,,MMD_BRFSS
14.516394,7.936076,BRFSS,289948,,MMD_BRFSS
1.5462991,8.172854,BRFSS,182825,,MMD_BRFSS
2.6934166,-1.5110444,BRFSS,437161,,MMD_BRFSS
14.58713,7.9359007,BRFSS,448752,,MMD_BRFSS
-15.773278,13.444828,BRFSS,309549,,MMD_BRFSS
14.138041,6.875727,BRFSS,253921,,MMD_BRFSS
16.242733,1.766569,BRFSS,158207,,MMD_BRFSS
3.9800496,3.2351458,BRFSS,87806,,MMD_BRFSS
2.5322628,8.22806,BRFSS,412528,,MMD_BRFSS
-0.0048264232,4.1578507,BRFSS,66960,,MMD_BRFSS
16.482492,11.815387,BRFSS,37827,,MMD_BRFSS
5.7095985,-1.32754,BRFSS,71424,,MMD_BRFSS
0.72765243,9.940954,BRFSS,386356,,MMD_BRFSS
-0.012964529,4.1907268,BRFSS,25143,,MMD_BRFSS
2.9561203,1.4971592,BRFSS,305211,,MMD_BRFSS
-3.954986,-5.4199376,NHANES,7300,Non-Hispanic Black,MMD_BRFSS
0.74856836,9.941282,BRFSS,28739,,MMD_BRFSS
1.5637406,0.9284681,BRFSS,275518,,MMD_BRFSS
3.313653,1.2781003,BRFSS,272471,,MMD_BRFSS
0.015145208,3.785687,BRFSS,429827,,MMD_BRFSS
5.746665,-1.8277845,BRFSS,97408,,MMD_BRFSS
10.017519,2.3992481,BRFSS,195090,,MMD_BRFSS
1.0444355,6.9210105,BRFSS,318523,,MMD_BRFSS
6.423139,1.145684,BRFSS,177322,,MMD_BRFSS
3.8611617,-1.2335883,BRFSS,15457,,MMD_BRFSS
-8.819476,14.279529,BRFSS,105953,,MMD_BRFSS
12.055307,6.6252246,BRFSS,90551,,MMD_BRFSS
2.4965081,8.2516,BRFSS,148564,,MMD_BRFSS
4.5564547,-3.9125512,BRFSS,13169,,MMD_BRFSS
2.1636062,1.5025097,BRFSS,388634,,MMD_BRFSS
0.77485275,10.781796,BRFSS,54638,,MMD_BRFSS
4.8482604,-4.06896,BRFSS,177696,,MMD_BRFSS
3.7506094,1.4910287,BRFSS,299544,,MMD_BRFSS
-0.07858201,4.6004252,BRFSS,276822,,MMD_BRFSS
13.787339,-0.16299747,BRFSS,343827,,MMD_BRFSS
4.850546,-4.5134306,BRFSS,413356,,MMD_BRFSS
-15.263257,14.160923,BRFSS,332074,,MMD_BRFSS
-0.02733398,4.1931396,BRFSS,176101,,MMD_BRFSS
1.3354734,4.1569033,BRFSS,358550,,MMD_BRFSS
13.386513,5.9464545,BRFSS,340850,,MMD_BRFSS
12.290148,2.7919593,NHANES,7774,Non-Hispanic Black,MMD_BRFSS
4.9071183,-4.6798368,BRFSS,144025,,MMD_BRFSS
1.732338,3.511924,BRFSS,12957,,MMD_BRFSS
18.990305,10.451326,BRFSS,84966,,MMD_BRFSS
-15.701347,12.763795,BRFSS,360200,,MMD_BRFSS
10.973364,7.926527,BRFSS,148744,,MMD_BRFSS
-4.001189,-5.3740873,NHANES,9386,Non-Hispanic White,MMD_BRFSS
3.9861326,2.4892228,BRFSS,278145,,MMD_BRFSS
4.823767,-3.2525868,BRFSS,304954,,MMD_BRFSS
0.9960575,2.782378,BRFSS,87505,,MMD_BRFSS
3.2957213,0.32283774,BRFSS,391668,,MMD_BRFSS
12.930444,17.960814,BRFSS,90251,,MMD_BRFSS
11.256852,4.5663548,BRFSS,87318,,MMD_BRFSS
15.947657,9.390069,BRFSS,80673,,MMD_BRFSS
12.736136,-1.1124732,BRFSS,164373,,MMD_BRFSS
16.711441,9.431674,BRFSS,151704,,MMD_BRFSS
14.156315,7.328273,BRFSS,21310,,MMD_BRFSS
-12.292233,13.297887,BRFSS,364318,,MMD_BRFSS
1.0725791,6.8491387,BRFSS,69362,,MMD_BRFSS
3.5838404,-1.0178399,BRFSS,183728,,MMD_BRFSS
5.4158993,-0.110267095,BRFSS,236440,,MMD_BRFSS
2.2577693,2.1866863,BRFSS,184374,,MMD_BRFSS
-14.0411415,14.622512,BRFSS,25347,,MMD_BRFSS
-3.92121,-5.453516,NHANES,3999,Non-Hispanic Black,MMD_BRFSS
9.998277,-0.74232423,BRFSS,47742,,MMD_BRFSS
1.5211284,8.157209,BRFSS,307595,,MMD_BRFSS
5.186351,0.71181446,BRFSS,270622,,MMD_BRFSS
13.899799,9.294718,BRFSS,243461,,MMD_BRFSS
-12.822274,13.677373,BRFSS,443029,,MMD_BRFSS
17.921572,13.023239,BRFSS,131165,,MMD_BRFSS
3.9123726,-3.1248848,BRFSS,34864,,MMD_BRFSS
18.953636,14.944859,BRFSS,107686,,MMD_BRFSS
16.149893,12.121895,BRFSS,179067,,MMD_BRFSS
12.169406,3.8691351,BRFSS,190027,,MMD_BRFSS
6.612966,3.41152,BRFSS,429569,,MMD_BRFSS
10.461206,2.4969866,BRFSS,161915,,MMD_BRFSS
0.41894957,2.8681188,BRFSS,201303,,MMD_BRFSS
2.4318526,3.0979922,BRFSS,199313,,MMD_BRFSS
3.3244035,1.894434,BRFSS,231987,,MMD_BRFSS
8.225013,0.21952116,BRFSS,393043,,MMD_BRFSS
14.369752,8.938321,BRFSS,100478,,MMD_BRFSS
9.629923,-0.90690446,BRFSS,213352,,MMD_BRFSS
3.3973331,1.9992381,BRFSS,172046,,MMD_BRFSS
4.425635,-3.82396,BRFSS,395180,,MMD_BRFSS
15.502655,10.094282,BRFSS,226916,,MMD_BRFSS
7.146676,-1.0388696,BRFSS,342154,,MMD_BRFSS
12.8637705,1.7301316,BRFSS,188517,,MMD_BRFSS
11.087884,-0.028877866,BRFSS,9937,,MMD_BRFSS
3.9338145,4.3509398,BRFSS,186143,,MMD_BRFSS
6.262114,-0.11836338,BRFSS,56668,,MMD_BRFSS
1.1678123,8.170068,BRFSS,263899,,MMD_BRFSS
12.114079,6.60102,BRFSS,420109,,MMD_BRFSS
15.517492,10.114359,BRFSS,173642,,MMD_BRFSS
12.419169,5.0322156,NHANES,5877,Non-Hispanic Black,MMD_BRFSS
5.385227,2.577745,BRFSS,225116,,MMD_BRFSS
14.539534,2.132985,BRFSS,432542,,MMD_BRFSS
10.4032545,1.2133485,BRFSS,254072,,MMD_BRFSS
-8.829987,14.271101,BRFSS,148416,,MMD_BRFSS
4.5057273,-0.054513585,BRFSS,36816,,MMD_BRFSS
3.6504104,-1.5013294,BRFSS,434376,,MMD_BRFSS
0.3093492,10.119206,BRFSS,124924,,MMD_BRFSS
15.545405,10.171757,BRFSS,419695,,MMD_BRFSS
18.954132,14.946693,BRFSS,344653,,MMD_BRFSS
7.7283034,2.8258932,BRFSS,165170,,MMD_BRFSS
13.121741,18.620337,BRFSS,104170,,MMD_BRFSS
-15.43077,13.997934,BRFSS,173355,,MMD_BRFSS
9.796413,-1.2193974,BRFSS,367854,,MMD_BRFSS
12.565159,5.4076705,BRFSS,120725,,MMD_BRFSS
16.295563,2.7520912,BRFSS,327939,,MMD_BRFSS
15.147984,7.969778,BRFSS,343986,,MMD_BRFSS
11.786266,8.467711,BRFSS,128800,,MMD_BRFSS
5.72519,-1.8412409,BRFSS,227591,,MMD_BRFSS
16.221699,6.5379987,BRFSS,218595,,MMD_BRFSS
14.614395,3.0693197,BRFSS,176658,,MMD_BRFSS
15.039699,6.148725,BRFSS,70969,,MMD_BRFSS
-0.08295893,4.571996,BRFSS,410421,,MMD_BRFSS
2.4594023,8.235808,BRFSS,79523,,MMD_BRFSS
12.741566,4.6852484,BRFSS,25244,,MMD_BRFSS
3.947119,-1.1882628,BRFSS,197522,,MMD_BRFSS
15.840211,10.190418,BRFSS,215948,,MMD_BRFSS
2.597216,-0.18260737,BRFSS,106962,,MMD_BRFSS
1.7118084,10.640351,BRFSS,201315,,MMD_BRFSS
4.492671,-0.08913408,BRFSS,303912,,MMD_BRFSS
-4.0384874,-5.336901,PIMA,407,Pima Indian,MMD_BRFSS
-0.26481378,3.0953546,BRFSS,71912,,MMD_BRFSS
0.430231,3.5919368,BRFSS,236975,,MMD_BRFSS
14.4402895,2.4061048,BRFSS,448127,,MMD_BRFSS
2.5804362,5.425006,BRFSS,240497,,MMD_BRFSS
8.189528,4.762968,BRFSS,141492,,MMD_BRFSS
12.204081,0.49047336,BRFSS,243503,,MMD_BRFSS
0.38130295,2.85617,BRFSS,335091,,MMD_BRFSS
-14.185993,14.730663,BRFSS,447350,,MMD_BRFSS
14.011624,8.062467,BRFSS,387786,,MMD_BRFSS
3.5947268,-1.5695196,BRFSS,199902,,MMD_BRFSS
0.8851654,12.233334,BRFSS,44096,,MMD_BRFSS
13.380408,-0.46065155,BRFSS,409760,,MMD_BRFSS
4.9743767,-4.067811,BRFSS,239628,,MMD_BRFSS
13.848992,7.4914846,BRFSS,220961,,MMD_BRFSS
1.9838494,2.8319135,BRFSS,388647,,MMD_BRFSS
13.060608,18.488789,BRFSS,183761,,MMD_BRFSS
6.0195756,-0.88853806,BRFSS,158304,,MMD_BRFSS
10.057064,4.0545354,BRFSS,436502,,MMD_BRFSS
0.019789325,10.803038,BRFSS,33710,,MMD_BRFSS
11.380116,-0.17324114,BRFSS,327018,,MMD_BRFSS
0.115254164,4.6507773,NHANES,9264,Mexican American,MMD_BRFSS
9.403763,0.40181267,BRFSS,160218,,MMD_BRFSS
-12.363236,13.303092,BRFSS,270456,,MMD_BRFSS
13.906528,-0.23959051,BRFSS,11640,,MMD_BRFSS
14.814075,1.91043,BRFSS,313807,,MMD_BRFSS
10.27945,-0.9031779,BRFSS,321864,,MMD_BRFSS
13.48829,-0.52131134,BRFSS,383785,,MMD_BRFSS
-0.30819306,9.368681,BRFSS,38951,,MMD_BRFSS
-0.30445695,4.192273,BRFSS,54968,,MMD_BRFSS
1.6689161,8.905869,BRFSS,41115,,MMD_BRFSS
0.039873764,8.971023,BRFSS,191455,,MMD_BRFSS
3.9878812,2.439854,BRFSS,88572,,MMD_BRFSS
13.174513,6.31965,BRFSS,30875,,MMD_BRFSS
4.054129,1.2333862,BRFSS,324831,,MMD_BRFSS
1.4134043,0.95671743,BRFSS,449002,,MMD_BRFSS
10.414279,-0.24062745,BRFSS,381349,,MMD_BRFSS
16.494135,6.131253,BRFSS,234225,,MMD_BRFSS
17.775124,12.854955,BRFSS,85024,,MMD_BRFSS
3.581689,-1.0024222,BRFSS,188318,,MMD_BRFSS
0.9363737,10.207068,BRFSS,176887,,MMD_BRFSS
1.439222,5.1309094,BRFSS,60064,,MMD_BRFSS
10.695139,7.614289,BRFSS,357696,,MMD_BRFSS
-13.556603,14.327662,BRFSS,449972,,MMD_BRFSS
14.534243,8.155948,BRFSS,243237,,MMD_BRFSS
-12.733806,13.597414,BRFSS,355164,,MMD_BRFSS
11.518981,2.119839,BRFSS,377061,,MMD_BRFSS
12.952391,17.993582,BRFSS,358393,,MMD_BRFSS
13.895848,-0.24227735,BRFSS,165400,,MMD_BRFSS
1.5190665,11.749126,BRFSS,107698,,MMD_BRFSS
5.8269067,2.4167237,BRFSS,258607,,MMD_BRFSS
-0.09777351,10.185561,BRFSS,247731,,MMD_BRFSS
10.58695,7.4612155,BRFSS,344970,,MMD_BRFSS
0.32914335,5.0969853,BRFSS,16085,,MMD_BRFSS
0.21693994,3.440949,BRFSS,278946,,MMD_BRFSS
4.2727294,-3.1382446,BRFSS,30250,,MMD_BRFSS
15.732082,2.2934155,BRFSS,350412,,MMD_BRFSS
6.97706,0.18585303,BRFSS,149211,,MMD_BRFSS
-6.4750204,15.230629,BRFSS,415326,,MMD_BRFSS
12.106841,2.7596498,BRFSS,382618,,MMD_BRFSS
16.662706,11.397594,BRFSS,124061,,MMD_BRFSS
4.6730785,-3.0413303,BRFSS,385065,,MMD_BRFSS
13.952082,9.306302,BRFSS,410424,,MMD_BRFSS
7.378392,1.6927824,BRFSS,145808,,MMD_BRFSS
11.43369,5.2097335,BRFSS,218989,,MMD_BRFSS
3.018504,-2.0467243,BRFSS,200095,,MMD_BRFSS
2.509765,-1.3950182,BRFSS,35839,,MMD_BRFSS
15.664095,10.127945,BRFSS,397700,,MMD_BRFSS
1.382925,3.8155253,BRFSS,414009,,MMD_BRFSS
4.1287723,3.6649132,BRFSS,408149,,MMD_BRFSS
10.931698,5.2418466,BRFSS,263525,,MMD_BRFSS
-0.32826948,2.9865863,BRFSS,218457,,MMD_BRFSS
0.2196661,3.427378,BRFSS,117842,,MMD_BRFSS
14.090421,7.137449,BRFSS,187170,,MMD_BRFSS
2.4243517,8.408139,BRFSS,248454,,MMD_BRFSS
6.0820255,1.5817338,BRFSS,44342,,MMD_BRFSS
-15.787889,13.410531,BRFSS,144941,,MMD_BRFSS
1.6625808,9.086686,BRFSS,94190,,MMD_BRFSS
-3.7543333,-5.6189427,NHANES,3606,Non-Hispanic White,MMD_BRFSS
1.6832035,8.731361,BRFSS,98644,,MMD_BRFSS
-15.2779,14.146733,BRFSS,327159,,MMD_BRFSS
12.122315,-1.4001441,BRFSS,449318,,MMD_BRFSS
12.710226,17.083517,BRFSS,63964,,MMD_BRFSS
1.4903069,2.7198062,BRFSS,197141,,MMD_BRFSS
11.086549,-0.020438034,BRFSS,358247,,MMD_BRFSS
9.628228,4.5806885,BRFSS,119749,,MMD_BRFSS
16.480703,6.1297097,BRFSS,277888,,MMD_BRFSS
11.657147,7.5661073,BRFSS,144594,,MMD_BRFSS
-0.38332057,3.9464185,BRFSS,200867,,MMD_BRFSS
7.5813036,2.0015457,BRFSS,230036,,MMD_BRFSS
14.43715,8.11335,BRFSS,230743,,MMD_BRFSS
1.2895933,11.160343,BRFSS,409525,,MMD_BRFSS
9.2854805,4.8108606,BRFSS,332931,,MMD_BRFSS
11.910266,5.427523,BRFSS,241609,,MMD_BRFSS
8.9251,5.0492277,BRFSS,349657,,MMD_BRFSS
6.7527685,-0.058356326,BRFSS,293989,,MMD_BRFSS
1.3191237,2.7433808,BRFSS,187990,,MMD_BRFSS
3.1162755,3.4808755,BRFSS,258029,,MMD_BRFSS
13.05504,2.3643224,BRFSS,172608,,MMD_BRFSS
0.946178,3.3711562,BRFSS,198456,,MMD_BRFSS
16.545681,11.72783,BRFSS,196917,,MMD_BRFSS
1.8079045,10.516789,BRFSS,425578,,MMD_BRFSS
5.020152,-0.07760697,BRFSS,10502,,MMD_BRFSS
13.167033,0.90792114,BRFSS,103748,,MMD_BRFSS
16.490221,2.451531,BRFSS,390448,,MMD_BRFSS
12.443332,1.2317046,BRFSS,347827,,MMD_BRFSS
1.6822544,8.061953,BRFSS,444445,,MMD_BRFSS
8.325808,3.2933433,BRFSS,64789,,MMD_BRFSS
16.065756,1.6119001,BRFSS,423923,,MMD_BRFSS
-0.35793516,3.4676502,BRFSS,118142,,MMD_BRFSS
-0.0916424,10.158586,BRFSS,69014,,MMD_BRFSS
12.684078,4.7060556,BRFSS,333459,,MMD_BRFSS
0.9769564,10.81195,BRFSS,97943,,MMD_BRFSS
14.4746065,0.5228175,BRFSS,199613,,MMD_BRFSS
12.11599,2.76844,BRFSS,310354,,MMD_BRFSS
-14.202881,14.714962,BRFSS,240849,,MMD_BRFSS
14.283332,0.08298671,BRFSS,131016,,MMD_BRFSS
11.306061,4.1525517,BRFSS,394713,,MMD_BRFSS
2.5092008,-1.3903068,BRFSS,122494,,MMD_BRFSS
9.486969,0.671785,BRFSS,345835,,MMD_BRFSS
13.415388,5.9440227,BRFSS,331609,,MMD_BRFSS
3.5091453,3.472654,BRFSS,96196,,MMD_BRFSS
7.459309,1.8394414,BRFSS,180821,,MMD_BRFSS
16.013618,9.825186,BRFSS,52437,,MMD_BRFSS
3.6702082,0.6871566,BRFSS,85695,,MMD_BRFSS
12.933536,17.96878,BRFSS,415536,,MMD_BRFSS
4.605208,0.18518245,BRFSS,204237,,MMD_BRFSS
15.5993185,10.031751,BRFSS,355512,,MMD_BRFSS
-15.757798,13.478232,BRFSS,391491,,MMD_BRFSS
9.822957,0.4698668,BRFSS,250344,,MMD_BRFSS
3.2425554,4.254283,NHANES,7001,Non-Hispanic White,MMD_BRFSS
16.663685,11.396249,BRFSS,131523,,MMD_BRFSS
9.872011,-0.701597,BRFSS,365083,,MMD_BRFSS
3.1778576,4.2720566,BRFSS,433176,,MMD_BRFSS
3.7302155,-1.6495342,BRFSS,408335,,MMD_BRFSS
9.830864,0.13741462,BRFSS,10040,,MMD_BRFSS
15.764334,1.6037161,BRFSS,256351,,MMD_BRFSS
10.923737,1.4681062,BRFSS,358392,,MMD_BRFSS
1.1895292,6.5966697,BRFSS,59709,,MMD_BRFSS
8.429217,18.854425,BRFSS,289635,,MMD_BRFSS
1.3105375,3.2544115,BRFSS,118961,,MMD_BRFSS
10.75888,3.8410332,BRFSS,245100,,MMD_BRFSS
10.520664,2.445337,BRFSS,400230,,MMD_BRFSS
12.014728,0.7594631,BRFSS,101149,,MMD_BRFSS
12.0751505,0.67664057,BRFSS,383815,,MMD_BRFSS
10.859772,1.5459669,BRFSS,129880,,MMD_BRFSS
6.8343797,-1.4887323,BRFSS,23567,,MMD_BRFSS
1.1709542,10.066728,BRFSS,399422,,MMD_BRFSS
10.806655,3.853471,BRFSS,92703,,MMD_BRFSS
5.529089,-1.5019847,BRFSS,237245,,MMD_BRFSS
7.706878,3.5543787,BRFSS,211574,,MMD_BRFSS
9.593235,-0.89828396,NHANES,5271,Other Race,MMD_BRFSS
5.502734,-0.53130794,BRFSS,99600,,MMD_BRFSS
13.883585,9.303043,BRFSS,399729,,MMD_BRFSS
14.305729,0.6062257,BRFSS,150339,,MMD_BRFSS
0.10626542,3.4052696,BRFSS,398022,,MMD_BRFSS
0.17027834,4.8173256,BRFSS,418208,,MMD_BRFSS
17.29229,12.28547,BRFSS,166465,,MMD_BRFSS
2.132982,8.984877,BRFSS,299915,,MMD_BRFSS
5.4328227,2.5912254,BRFSS,236205,,MMD_BRFSS
15.137839,2.986512,BRFSS,32210,,MMD_BRFSS
-6.4832067,15.228717,BRFSS,55300,,MMD_BRFSS
15.942777,4.2217393,BRFSS,153084,,MMD_BRFSS
18.658377,13.991931,BRFSS,419950,,MMD_BRFSS
0.84747595,12.681142,BRFSS,356212,,MMD_BRFSS
6.004619,2.840641,BRFSS,179372,,MMD_BRFSS
13.111215,5.907676,BRFSS,316194,,MMD_BRFSS
1.7631757,0.5894075,BRFSS,216502,,MMD_BRFSS
10.524355,2.4276226,BRFSS,379226,,MMD_BRFSS
-15.125956,14.262461,BRFSS,440203,,MMD_BRFSS
9.783594,-1.1827072,BRFSS,349531,,MMD_BRFSS
4.5718594,-2.9206123,BRFSS,34852,,MMD_BRFSS
12.223065,0.5172511,BRFSS,408078,,MMD_BRFSS
3.154453,5.076986,BRFSS,70664,,MMD_BRFSS
15.643718,7.376326,BRFSS,150365,,MMD_BRFSS
2.9712083,-1.7533023,BRFSS,402232,,MMD_BRFSS
11.047345,0.10337781,BRFSS,216856,,MMD_BRFSS
6.0842094,-1.3267852,BRFSS,237821,,MMD_BRFSS
10.728833,4.9486175,BRFSS,424545,,MMD_BRFSS
11.98722,1.6923431,BRFSS,16190,,MMD_BRFSS
1.0543611,6.659742,BRFSS,169700,,MMD_BRFSS
12.191751,9.093441,BRFSS,444976,,MMD_BRFSS
15.324571,4.587284,BRFSS,343971,,MMD_BRFSS
10.974251,2.1397026,BRFSS,186976,,MMD_BRFSS
16.38203,2.0951953,BRFSS,327217,,MMD_BRFSS
1.190614,3.435309,BRFSS,380829,,MMD_BRFSS
15.552049,10.147472,BRFSS,227234,,MMD_BRFSS
16.23353,1.7615533,BRFSS,65522,,MMD_BRFSS
-0.0082899295,3.1212242,BRFSS,385166,,MMD_BRFSS
14.209068,0.6400759,BRFSS,158367,,MMD_BRFSS
13.661908,7.954885,BRFSS,372942,,MMD_BRFSS
-0.1120001,4.4235024,BRFSS,447429,,MMD_BRFSS
12.439093,16.504457,BRFSS,12058,,MMD_BRFSS
1.6530983,8.676583,BRFSS,43685,,MMD_BRFSS
-0.45573983,2.846621,BRFSS,407251,,MMD_BRFSS
1.7080994,4.4892974,BRFSS,437302,,MMD_BRFSS
2.9572968,3.1605387,BRFSS,239512,,MMD_BRFSS
6.2881,1.395147,BRFSS,358105,,MMD_BRFSS
3.5541818,-1.6207952,BRFSS,181045,,MMD_BRFSS
-12.407351,13.345867,BRFSS,200079,,MMD_BRFSS
6.687184,1.9700751,BRFSS,305942,,MMD_BRFSS
-15.718728,12.845463,BRFSS,157263,,MMD_BRFSS
5.302266,1.7104435,BRFSS,172761,,MMD_BRFSS
4.20261,3.3990076,BRFSS,41461,,MMD_BRFSS
1.243987,3.4591374,BRFSS,49179,,MMD_BRFSS
11.575211,5.3685117,BRFSS,197948,,MMD_BRFSS
-13.892607,14.553211,BRFSS,207082,,MMD_BRFSS
10.322862,2.5739467,BRFSS,125360,,MMD_BRFSS
9.832155,0.13096137,BRFSS,395011,,MMD_BRFSS
-0.48679265,2.3872697,BRFSS,241744,,MMD_BRFSS
13.017437,4.2021685,BRFSS,173897,,MMD_BRFSS
18.308535,13.490606,BRFSS,312233,,MMD_BRFSS
12.260487,9.16537,BRFSS,303852,,MMD_BRFSS
16.426159,10.161266,BRFSS,428308,,MMD_BRFSS
-10.244369,13.669703,BRFSS,61133,,MMD_BRFSS
17.853989,12.944766,BRFSS,304702,,MMD_BRFSS
-15.509102,13.913251,BRFSS,12083,,MMD_BRFSS
4.5686746,3.3207045,NHANES,3249,Non-Hispanic White,MMD_BRFSS
10.896352,6.484069,BRFSS,116537,,MMD_BRFSS
15.124872,7.9573812,BRFSS,133719,,MMD_BRFSS
-15.695194,12.734834,BRFSS,160922,,MMD_BRFSS
5.54804,0.5554614,BRFSS,420326,,MMD_BRFSS
-0.0926733,9.294949,BRFSS,144212,,MMD_BRFSS
16.000448,6.932673,BRFSS,277876,,MMD_BRFSS
-12.387527,13.343349,BRFSS,285580,,MMD_BRFSS
2.1795936,1.3755603,BRFSS,384794,,MMD_BRFSS
14.132973,7.296169,BRFSS,62844,,MMD_BRFSS
-13.056632,13.898319,BRFSS,296153,,MMD_BRFSS
16.597136,11.705931,BRFSS,233233,,MMD_BRFSS
2.2889895,5.675908,BRFSS,190999,,MMD_BRFSS
0.01551983,4.70181,BRFSS,263942,,MMD_BRFSS
3.5547836,-1.6131771,BRFSS,16188,,MMD_BRFSS
16.030994,6.9512467,BRFSS,218588,,MMD_BRFSS
15.679982,1.735001,BRFSS,27271,,MMD_BRFSS
4.007112,2.7924986,BRFSS,368007,,MMD_BRFSS
6.434117,0.05454904,BRFSS,142455,,MMD_BRFSS
14.800305,8.545464,BRFSS,310755,,MMD_BRFSS
11.095641,-0.028588515,BRFSS,225663,,MMD_BRFSS
14.462531,0.5526284,BRFSS,161919,,MMD_BRFSS
1.8873341,4.2866197,BRFSS,215496,,MMD_BRFSS
11.063732,0.08348076,BRFSS,282674,,MMD_BRFSS
8.438894,18.845642,BRFSS,73628,,MMD_BRFSS
4.9015565,-3.923639,BRFSS,15912,,MMD_BRFSS
5.8109794,-1.7394248,BRFSS,313780,,MMD_BRFSS
15.638551,7.3497906,BRFSS,371791,,MMD_BRFSS
1.5329264,1.8688457,BRFSS,319465,,MMD_BRFSS
12.21974,6.596048,BRFSS,357587,,MMD_BRFSS
5.84109,-1.6901932,BRFSS,218337,,MMD_BRFSS
13.981908,8.063149,BRFSS,444128,,MMD_BRFSS
12.209456,9.113935,BRFSS,113547,,MMD_BRFSS
11.356797,4.9856315,BRFSS,156526,,MMD_BRFSS
17.196152,12.177799,BRFSS,405515,,MMD_BRFSS
13.917401,4.689001,BRFSS,281381,,MMD_BRFSS
-10.917902,13.489086,BRFSS,335944,,MMD_BRFSS
7.5676537,1.7960597,BRFSS,268306,,MMD_BRFSS
11.022546,6.7881618,BRFSS,377985,,MMD_BRFSS
1.8992504,8.578203,BRFSS,100231,,MMD_BRFSS
9.978246,0.008649916,BRFSS,288850,,MMD_BRFSS
5.0103736,1.0692397,BRFSS,166089,,MMD_BRFSS
13.976587,4.982955,BRFSS,341266,,MMD_BRFSS
1.363124,5.086683,BRFSS,335675,,MMD_BRFSS
0.86947036,12.530395,BRFSS,199303,,MMD_BRFSS
8.048656,4.7197084,BRFSS,141840,,MMD_BRFSS
8.776608,3.217891,BRFSS,204174,,MMD_BRFSS
-8.75163,14.314534,BRFSS,337546,,MMD_BRFSS
1.3109441,8.2608385,BRFSS,447586,,MMD_BRFSS
9.738392,3.0662167,BRFSS,25543,,MMD_BRFSS
-11.842705,13.297117,BRFSS,262723,,MMD_BRFSS
-15.711846,13.553884,BRFSS,377478,,MMD_BRFSS
11.775818,2.3922439,BRFSS,296924,,MMD_BRFSS
-11.853585,-0.6518066,BRFSS,82346,,MMD_BRFSS
4.4928794,-3.7202392,BRFSS,361641,,MMD_BRFSS
3.71317,4.4394865,BRFSS,350857,,MMD_BRFSS
1.3049904,4.9217525,BRFSS,437665,,MMD_BRFSS
1.9781017,5.734549,BRFSS,200860,,MMD_BRFSS
18.234476,13.407842,BRFSS,277672,,MMD_BRFSS
2.2949185,8.821871,BRFSS,17883,,MMD_BRFSS
-15.306895,14.125016,BRFSS,159288,,MMD_BRFSS
-6.5180917,15.254105,BRFSS,14928,,MMD_BRFSS
0.0681933,4.5667834,BRFSS,254405,,MMD_BRFSS
15.967122,10.124384,BRFSS,48992,,MMD_BRFSS
14.876883,1.8866881,BRFSS,397334,,MMD_BRFSS
16.13182,12.139154,BRFSS,244076,,MMD_BRFSS
-0.5049779,3.806944,BRFSS,232630,,MMD_BRFSS
3.3599257,-2.58756,BRFSS,186425,,MMD_BRFSS
15.763689,1.6236368,BRFSS,388650,,MMD_BRFSS
9.312049,4.81725,BRFSS,364507,,MMD_BRFSS
1.0264007,6.958211,BRFSS,44290,,MMD_BRFSS
15.117888,6.7048755,BRFSS,74443,,MMD_BRFSS
-15.720984,12.851146,BRFSS,290061,,MMD_BRFSS
9.660796,1.1574125,BRFSS,363680,,MMD_BRFSS
5.099891,2.0693052,BRFSS,43295,,MMD_BRFSS
18.889496,10.461626,BRFSS,449481,,MMD_BRFSS
2.7741587,-1.3010442,BRFSS,309129,,MMD_BRFSS
0.36596084,12.045934,BRFSS,189832,,MMD_BRFSS
10.948442,3.2340267,BRFSS,430788,,MMD_BRFSS
17.968687,13.078743,BRFSS,240701,,MMD_BRFSS
15.062799,7.910826,BRFSS,95627,,MMD_BRFSS
10.4040365,6.5729136,BRFSS,385102,,MMD_BRFSS
1.7204992,8.728889,BRFSS,448822,,MMD_BRFSS
2.3643317,1.4275191,BRFSS,181527,,MMD_BRFSS
3.8757262,3.603434,BRFSS,216393,,MMD_BRFSS
-0.37497202,3.146514,BRFSS,252260,,MMD_BRFSS
0.42389977,8.292443,BRFSS,16370,,MMD_BRFSS
15.584736,10.043731,BRFSS,308492,,MMD_BRFSS
13.620252,9.073152,BRFSS,226147,,MMD_BRFSS
16.29527,8.925943,BRFSS,328053,,MMD_BRFSS
-12.748506,13.608943,BRFSS,330100,,MMD_BRFSS
17.99579,13.112976,BRFSS,306893,,MMD_BRFSS
-8.8005,14.28472,BRFSS,391089,,MMD_BRFSS
11.388934,1.1336497,BRFSS,349516,,MMD_BRFSS
13.592673,8.755986,BRFSS,116500,,MMD_BRFSS
8.953961,-0.013864746,BRFSS,416775,,MMD_BRFSS
4.352733,-3.0778701,BRFSS,202992,,MMD_BRFSS
2.314136,2.202454,BRFSS,367434,,MMD_BRFSS
10.533651,6.6560307,BRFSS,361216,,MMD_BRFSS
13.330565,-0.73739004,BRFSS,291081,,MMD_BRFSS
7.5634356,1.9643145,BRFSS,153853,,MMD_BRFSS
10.046754,2.5211794,BRFSS,427370,,MMD_BRFSS
13.574713,0.9046723,BRFSS,411772,,MMD_BRFSS
-11.851934,-0.650139,BRFSS,204931,,MMD_BRFSS
10.141602,1.7224215,BRFSS,214494,,MMD_BRFSS
13.29471,4.157864,BRFSS,147856,,MMD_BRFSS
16.162968,9.27746,BRFSS,82344,,MMD_BRFSS
11.892472,1.7317922,BRFSS,261963,,MMD_BRFSS
13.871278,9.286699,BRFSS,347081,,MMD_BRFSS
1.5070368,4.119995,BRFSS,251087,,MMD_BRFSS
2.0211987,8.99212,BRFSS,199448,,MMD_BRFSS
12.614254,2.5637407,BRFSS,255633,,MMD_BRFSS
1.5269611,3.8369603,BRFSS,264938,,MMD_BRFSS
3.2350664,0.7348338,BRFSS,435425,,MMD_BRFSS
13.139434,1.2084961,BRFSS,432751,,MMD_BRFSS
2.6151745,2.8249454,BRFSS,106224,,MMD_BRFSS
6.5209017,2.1568413,BRFSS,127860,,MMD_BRFSS
0.9404222,8.278191,BRFSS,100646,,MMD_BRFSS
11.455115,1.0894067,BRFSS,153865,,MMD_BRFSS
16.139519,12.133204,BRFSS,414612,,MMD_BRFSS
9.8246,0.5220326,BRFSS,309620,,MMD_BRFSS
8.653961,3.2913218,BRFSS,373643,,MMD_BRFSS
12.212994,1.0434899,BRFSS,384199,,MMD_BRFSS
18.937826,14.929786,BRFSS,427310,,MMD_BRFSS
-8.966759,14.186375,BRFSS,283347,,MMD_BRFSS
2.229455,1.5279673,BRFSS,123798,,MMD_BRFSS
-0.5285763,3.7120962,BRFSS,25081,,MMD_BRFSS
12.222823,9.129773,BRFSS,328687,,MMD_BRFSS
7.9456377,3.3141594,NHANES,1582,Other Hispanic,MMD_BRFSS
16.790249,11.768001,BRFSS,407508,,MMD_BRFSS
15.149817,7.2122474,BRFSS,321295,,MMD_BRFSS
16.677383,9.355546,BRFSS,35031,,MMD_BRFSS
10.738698,0.84289175,BRFSS,413040,,MMD_BRFSS
12.142803,-1.4548354,BRFSS,25664,,MMD_BRFSS
3.3275948,-1.7421886,BRFSS,425494,,MMD_BRFSS
12.819041,4.262043,BRFSS,441826,,MMD_BRFSS
-13.878377,14.5431595,BRFSS,326902,,MMD_BRFSS
16.509872,6.1191545,BRFSS,305493,,MMD_BRFSS
14.293255,0.5946123,BRFSS,399313,,MMD_BRFSS
11.974662,1.3244586,BRFSS,425616,,MMD_BRFSS
5.075127,1.235239,BRFSS,174560,,MMD_BRFSS
8.63849,3.2757292,BRFSS,337229,,MMD_BRFSS
1.7044617,8.385088,BRFSS,250711,,MMD_BRFSS
2.6636777,-1.5613624,BRFSS,185769,,MMD_BRFSS
10.276016,2.1365447,BRFSS,36596,,MMD_BRFSS
11.876802,5.2044897,BRFSS,282462,,MMD_BRFSS
4.8508306,1.247511,BRFSS,430221,,MMD_BRFSS
10.594947,6.725853,BRFSS,355698,,MMD_BRFSS
12.46352,16.531445,BRFSS,71122,,MMD_BRFSS
-15.501377,13.92011,BRFSS,373933,,MMD_BRFSS
0.13991317,2.376204,BRFSS,207371,,MMD_BRFSS
18.587126,13.825765,BRFSS,29117,,MMD_BRFSS
13.518798,-0.51585263,BRFSS,35490,,MMD_BRFSS
10.809789,6.4842467,BRFSS,149102,,MMD_BRFSS
8.336293,18.9807,BRFSS,207726,,MMD_BRFSS
1.7119292,3.844953,BRFSS,14892,,MMD_BRFSS
18.199863,13.365385,BRFSS,86166,,MMD_BRFSS
1.6634171,2.5320237,BRFSS,279218,,MMD_BRFSS
15.796993,4.42476,BRFSS,255075,,MMD_BRFSS
6.643825,2.0482662,BRFSS,402443,,MMD_BRFSS
11.976711,1.3486118,BRFSS,142399,,MMD_BRFSS
0.7719159,12.155713,BRFSS,249808,,MMD_BRFSS
8.450406,18.833076,BRFSS,396135,,MMD_BRFSS
10.126193,1.733903,BRFSS,17462,,MMD_BRFSS
3.864533,3.1911712,BRFSS,319360,,MMD_BRFSS
11.032371,6.799088,BRFSS,29459,,MMD_BRFSS
-13.305981,14.126567,BRFSS,269051,,MMD_BRFSS
17.96939,13.079163,BRFSS,226321,,MMD_BRFSS
-12.43439,13.376724,BRFSS,11066,,MMD_BRFSS
5.058232,-0.087510504,BRFSS,262994,,MMD_BRFSS
6.9902587,-1.3620931,BRFSS,431706,,MMD_BRFSS
-13.524623,14.295163,BRFSS,358330,,MMD_BRFSS
1.4293566,10.016642,BRFSS,335718,,MMD_BRFSS
0.9292144,8.834228,BRFSS,276542,,MMD_BRFSS
4.9167075,-1.8425318,BRFSS,188160,,MMD_BRFSS
5.047717,-4.7106004,BRFSS,438521,,MMD_BRFSS
-11.852099,-0.6502876,BRFSS,376291,,MMD_BRFSS
0.2579388,10.447094,BRFSS,213899,,MMD_BRFSS
-15.255442,14.16978,BRFSS,130798,,MMD_BRFSS
14.724805,5.0156007,BRFSS,369993,,MMD_BRFSS
16.69522,9.422759,BRFSS,138177,,MMD_BRFSS
0.16031231,10.728075,BRFSS,70054,,MMD_BRFSS
5.2082357,-0.37736416,BRFSS,239837,,MMD_BRFSS
-14.252111,14.756687,BRFSS,287557,,MMD_BRFSS
-13.733672,14.450969,BRFSS,229128,,MMD_BRFSS
10.812399,0.7281821,BRFSS,68741,,MMD_BRFSS
9.406338,0.1764121,BRFSS,203681,,MMD_BRFSS
9.894095,-0.7280276,BRFSS,381767,,MMD_BRFSS
9.628382,-0.9170134,BRFSS,194379,,MMD_BRFSS
15.254977,6.1517286,BRFSS,155957,,MMD_BRFSS
11.999671,5.4567986,BRFSS,104684,,MMD_BRFSS
5.6534343,-1.9230958,BRFSS,257179,,MMD_BRFSS
10.6966715,2.983174,BRFSS,97030,,MMD_BRFSS
16.372852,9.017326,BRFSS,103791,,MMD_BRFSS
17.974445,13.077991,BRFSS,103429,,MMD_BRFSS
-11.132041,13.428583,BRFSS,206154,,MMD_BRFSS
16.062471,8.527238,BRFSS,94321,,MMD_BRFSS
-12.851604,13.701661,BRFSS,181649,,MMD_BRFSS
-0.49255857,3.8076372,BRFSS,80802,,MMD_BRFSS
-0.30330706,9.372657,BRFSS,44203,,MMD_BRFSS
-13.219226,14.047969,BRFSS,59157,,MMD_BRFSS
16.51561,11.773787,BRFSS,12359,,MMD_BRFSS
12.008541,-1.293132,BRFSS,208798,,MMD_BRFSS
-4.109805,-5.26509,NHANES,9346,Mexican American,MMD_BRFSS
11.086671,-0.023580652,BRFSS,114837,,MMD_BRFSS
1.9072645,8.362367,BRFSS,448248,,MMD_BRFSS
3.8234,1.1162561,BRFSS,67953,,MMD_BRFSS
11.765226,8.410612,BRFSS,138974,,MMD_BRFSS
4.818359,-3.7359285,BRFSS,71838,,MMD_BRFSS
9.987963,0.0055168946,BRFSS,259238,,MMD_BRFSS
9.567183,-0.8485879,BRFSS,407189,,MMD_BRFSS
13.608021,4.10981,NHANES,5920,Non-Hispanic Black,MMD_BRFSS
11.526545,4.442339,BRFSS,248828,,MMD_BRFSS
8.381484,4.8317533,BRFSS,77577,,MMD_BRFSS
2.5520027,8.239916,BRFSS,429533,,MMD_BRFSS
0.2827631,2.5521371,BRFSS,72048,,MMD_BRFSS
14.293603,-0.058779698,BRFSS,338395,,MMD_BRFSS
5.0327215,-4.8689456,BRFSS,192161,,MMD_BRFSS
0.64777565,11.341894,BRFSS,33456,,MMD_BRFSS
15.090551,4.6417885,BRFSS,357122,,MMD_BRFSS
14.007679,8.063573,BRFSS,12942,,MMD_BRFSS
15.998725,4.121134,BRFSS,373429,,MMD_BRFSS
-9.322161,14.022368,BRFSS,49702,,MMD_BRFSS
15.63035,8.518782,BRFSS,385438,,MMD_BRFSS
3.0081968,5.207873,BRFSS,249274,,MMD_BRFSS
14.068803,7.1502385,BRFSS,388995,,MMD_BRFSS
-14.187152,14.712372,BRFSS,232937,,MMD_BRFSS
7.154532,-1.0240058,BRFSS,258314,,MMD_BRFSS
12.906656,5.45495,BRFSS,114092,,MMD_BRFSS
16.162537,9.436426,BRFSS,169133,,MMD_BRFSS
8.42773,18.855532,BRFSS,200559,,MMD_BRFSS
18.713156,13.995199,BRFSS,86488,,MMD_BRFSS
15.153471,8.355177,BRFSS,146881,,MMD_BRFSS
15.179835,8.354026,BRFSS,266457,,MMD_BRFSS
-0.45788136,3.8727696,BRFSS,158727,,MMD_BRFSS
3.6503925,-1.5058208,BRFSS,88479,,MMD_BRFSS
7.6999846,2.411251,BRFSS,197882,,MMD_BRFSS
10.698655,7.1821647,BRFSS,53760,,MMD_BRFSS
8.332787,-0.0111747505,BRFSS,14147,,MMD_BRFSS
8.937797,4.919639,NHANES,2455,Non-Hispanic Black,MMD_BRFSS
14.413357,2.4441402,BRFSS,36066,,MMD_BRFSS
1.3520781,12.025253,BRFSS,409913,,MMD_BRFSS
6.6887712,-0.11956929,BRFSS,260658,,MMD_BRFSS
7.087256,-1.2302313,BRFSS,311131,,MMD_BRFSS
10.68133,7.598429,BRFSS,434024,,MMD_BRFSS
14.130908,6.8896117,BRFSS,114918,,MMD_BRFSS
1.1742395,3.7023892,BRFSS,319414,,MMD_BRFSS
7.885211,1.728129,BRFSS,214268,,MMD_BRFSS
-0.47958478,2.4100149,BRFSS,284539,,MMD_BRFSS
3.4892468,-1.1320994,BRFSS,272795,,MMD_BRFSS
13.560897,4.128602,BRFSS,264074,,MMD_BRFSS
12.419731,3.6934304,BRFSS,407422,,MMD_BRFSS
2.3651743,2.7430015,BRFSS,337306,,MMD_BRFSS
1.6486754,10.369833,BRFSS,201710,,MMD_BRFSS
10.189167,2.4953003,BRFSS,364963,,MMD_BRFSS
16.696152,9.341035,BRFSS,182642,,MMD_BRFSS
4.8685274,-0.67537963,BRFSS,192983,,MMD_BRFSS
12.717614,-0.62666106,NHANES,2962,Non-Hispanic White,MMD_BRFSS
-13.890464,14.55105,BRFSS,269106,,MMD_BRFSS
0.956199,6.29927,BRFSS,258246,,MMD_BRFSS
1.4234768,3.4936593,BRFSS,239804,,MMD_BRFSS
1.1462151,11.229891,BRFSS,359003,,MMD_BRFSS
-9.309741,14.028141,BRFSS,442660,,MMD_BRFSS
12.958377,18.000784,BRFSS,98724,,MMD_BRFSS
-11.851746,-0.64993733,BRFSS,228231,,MMD_BRFSS
18.698301,13.977124,BRFSS,79596,,MMD_BRFSS
-12.345662,13.310913,BRFSS,81366,,MMD_BRFSS
9.081898,4.7650933,BRFSS,395737,,MMD_BRFSS
12.285189,-0.5914001,BRFSS,339643,,MMD_BRFSS
1.1236316,6.724877,BRFSS,244055,,MMD_BRFSS
2.4205997,1.4628791,BRFSS,354066,,MMD_BRFSS
0.8575802,8.156813,BRFSS,138343,,MMD_BRFSS
16.451868,2.5229213,BRFSS,261940,,MMD_BRFSS
6.4285026,3.1428406,BRFSS,373290,,MMD_BRFSS
7.3035855,2.1255338,BRFSS,171544,,MMD_BRFSS
-15.720789,12.816345,BRFSS,90417,,MMD_BRFSS
14.137247,5.162072,BRFSS,441345,,MMD_BRFSS
9.186597,4.7291636,BRFSS,33688,,MMD_BRFSS
14.141738,4.049428,BRFSS,419485,,MMD_BRFSS
14.486435,6.8067346,BRFSS,64333,,MMD_BRFSS
15.159639,2.9904196,BRFSS,339769,,MMD_BRFSS
13.038742,4.183048,BRFSS,387548,,MMD_BRFSS
14.810699,1.8718208,BRFSS,64285,,MMD_BRFSS
16.347075,1.8155967,BRFSS,360001,,MMD_BRFSS
0.07067626,3.415447,BRFSS,98610,,MMD_BRFSS
10.8350935,4.965712,BRFSS,114312,,MMD_BRFSS
13.068276,18.540714,BRFSS,159873,,MMD_BRFSS
3.6024277,1.0191903,BRFSS,234682,,MMD_BRFSS
4.033183,2.2982984,NHANES,3239,Non-Hispanic Black,MMD_BRFSS
0.19263928,10.13366,BRFSS,420647,,MMD_BRFSS
12.07793,1.550427,BRFSS,12137,,MMD_BRFSS
11.466015,2.1549091,BRFSS,63513,,MMD_BRFSS
16.04457,9.530592,BRFSS,26718,,MMD_BRFSS
-11.081076,13.4372015,BRFSS,159755,,MMD_BRFSS
1.3794336,1.0155622,BRFSS,63360,,MMD_BRFSS
9.734368,-1.1478816,BRFSS,429467,,MMD_BRFSS
3.9748263,-3.299545,BRFSS,111191,,MMD_BRFSS
3.2374897,1.577229,BRFSS,247678,,MMD_BRFSS
15.785368,4.4352617,BRFSS,123460,,MMD_BRFSS
16.624828,2.0273256,BRFSS,239941,,MMD_BRFSS
2.4297082,2.9090652,BRFSS,201049,,MMD_BRFSS
10.633052,6.6378407,BRFSS,121399,,MMD_BRFSS
-0.11701846,2.9443748,BRFSS,38085,,MMD_BRFSS
9.925668,3.9318712,BRFSS,283974,,MMD_BRFSS
13.0480585,-0.18856433,BRFSS,168908,,MMD_BRFSS
11.165069,1.9355544,BRFSS,260583,,MMD_BRFSS
19.470806,10.412532,BRFSS,225924,,MMD_BRFSS
9.915142,3.6270158,BRFSS,110782,,MMD_BRFSS
16.069586,8.541606,BRFSS,128679,,MMD_BRFSS
0.018657522,2.3435657,BRFSS,424611,,MMD_BRFSS
-4.0809345,-5.2941656,NHANES,3133,Non-Hispanic White,MMD_BRFSS
6.3790936,2.2085025,BRFSS,320180,,MMD_BRFSS
15.967251,9.189255,BRFSS,339902,,MMD_BRFSS
8.365832,3.2812717,BRFSS,357221,,MMD_BRFSS
11.07748,-0.019228145,BRFSS,448039,,MMD_BRFSS
13.197492,0.85766184,BRFSS,178443,,MMD_BRFSS
12.967874,17.945747,BRFSS,231285,,MMD_BRFSS
16.507523,6.123785,BRFSS,163490,,MMD_BRFSS
-6.4707603,15.225807,BRFSS,415957,,MMD_BRFSS
7.7133117,2.970934,BRFSS,12560,,MMD_BRFSS
10.281377,-0.90660197,BRFSS,196886,,MMD_BRFSS
0.5066545,3.0759866,BRFSS,274793,,MMD_BRFSS
11.63133,7.9290853,BRFSS,205091,,MMD_BRFSS
15.054605,3.5804656,BRFSS,168084,,MMD_BRFSS
-6.4836726,15.229819,BRFSS,351680,,MMD_BRFSS
14.525238,7.928162,BRFSS,261067,,MMD_BRFSS
1.13323,6.581772,BRFSS,421398,,MMD_BRFSS
14.040221,7.14603,BRFSS,92086,,MMD_BRFSS
11.131675,2.413016,BRFSS,324446,,MMD_BRFSS
1.7284735,4.3115797,BRFSS,122544,,MMD_BRFSS
15.077882,7.6577797,BRFSS,92022,,MMD_BRFSS
6.4894457,3.1260724,BRFSS,169840,,MMD_BRFSS
18.252342,13.426947,BRFSS,272083,,MMD_BRFSS
8.096179,4.681328,BRFSS,193769,,MMD_BRFSS
0.6790868,11.398016,BRFSS,190700,,MMD_BRFSS
12.470375,3.6603045,BRFSS,328228,,MMD_BRFSS
4.9538355,-4.532157,BRFSS,306898,,MMD_BRFSS
3.9382179,4.3284197,BRFSS,339425,,MMD_BRFSS
3.8090332,3.8741398,BRFSS,394722,,MMD_BRFSS
3.2307804,-1.7745361,BRFSS,98799,,MMD_BRFSS
4.042325,3.6621242,BRFSS,97939,,MMD_BRFSS
1.0531362,4.936522,BRFSS,254714,,MMD_BRFSS
13.099896,5.9010386,BRFSS,449293,,MMD_BRFSS
5.0664473,0.52332145,BRFSS,123682,,MMD_BRFSS
5.8089876,-1.9408337,BRFSS,171323,,MMD_BRFSS
8.320745,18.986431,BRFSS,237968,,MMD_BRFSS
15.5801735,2.542725,BRFSS,21281,,MMD_BRFSS
0.35811898,2.8585124,BRFSS,291007,,MMD_BRFSS
10.383187,2.5404148,BRFSS,113895,,MMD_BRFSS
16.585838,11.70572,BRFSS,320893,,MMD_BRFSS
0.9039358,10.957885,BRFSS,146328,,MMD_BRFSS
3.8573341,-1.2194566,BRFSS,330903,,MMD_BRFSS
0.010480716,4.6929064,BRFSS,173602,,MMD_BRFSS
4.7884507,3.3954995,BRFSS,387509,,MMD_BRFSS
4.356532,-3.8302703,BRFSS,113763,,MMD_BRFSS
7.830799,0.23703867,BRFSS,104952,,MMD_BRFSS
3.9532015,2.4214442,BRFSS,35879,,MMD_BRFSS
5.0212917,-4.8542643,BRFSS,266624,,MMD_BRFSS
1.8909261,2.5345757,BRFSS,124111,,MMD_BRFSS
-0.026609037,4.1453633,BRFSS,305384,,MMD_BRFSS
6.87424,0.053551152,BRFSS,344969,,MMD_BRFSS
15.178108,8.561034,BRFSS,371705,,MMD_BRFSS
1.705081,2.7401106,BRFSS,383976,,MMD_BRFSS
12.913586,-0.10708431,BRFSS,90958,,MMD_BRFSS
12.160708,2.7526598,BRFSS,348889,,MMD_BRFSS
10.265501,3.9918325,BRFSS,187395,,MMD_BRFSS
10.498712,6.8237376,BRFSS,253273,,MMD_BRFSS
4.834703,-3.6856265,BRFSS,234335,,MMD_BRFSS
5.694575,0.6250524,BRFSS,224363,,MMD_BRFSS
12.101158,-1.3926982,BRFSS,365877,,MMD_BRFSS
8.428214,18.855211,BRFSS,427350,,MMD_BRFSS
12.747265,-1.112009,BRFSS,424482,,MMD_BRFSS
8.389924,3.0768433,BRFSS,288190,,MMD_BRFSS
1.2685642,11.346558,BRFSS,409549,,MMD_BRFSS
10.910417,0.51409036,BRFSS,280233,,MMD_BRFSS
16.226694,1.687706,BRFSS,311701,,MMD_BRFSS
1.6877553,3.5202363,BRFSS,389421,,MMD_BRFSS
1.6430972,8.8624735,BRFSS,283501,,MMD_BRFSS
15.913173,4.27136,BRFSS,329534,,MMD_BRFSS
0.9633398,12.307745,BRFSS,350213,,MMD_BRFSS
9.6375885,1.242304,BRFSS,64203,,MMD_BRFSS
13.575105,8.758753,BRFSS,393037,,MMD_BRFSS
2.1119506,5.603793,BRFSS,137745,,MMD_BRFSS
12.300619,4.8045073,BRFSS,337262,,MMD_BRFSS
-15.461564,13.973072,BRFSS,440800,,MMD_BRFSS
1.1283144,7.0305367,BRFSS,274727,,MMD_BRFSS
-3.7766924,-5.5967116,PIMA,159,Pima Indian,MMD_BRFSS
16.207945,8.814656,BRFSS,128364,,MMD_BRFSS
3.7097342,-3.2500198,BRFSS,25800,,MMD_BRFSS
16.34991,9.094657,BRFSS,57527,,MMD_BRFSS
12.439449,16.505621,BRFSS,297833,,MMD_BRFSS
12.38532,9.211725,BRFSS,306981,,MMD_BRFSS
12.621188,-1.089275,BRFSS,237409,,MMD_BRFSS
18.259739,13.4351425,BRFSS,226022,,MMD_BRFSS
11.409586,6.711289,BRFSS,180445,,MMD_BRFSS
18.878895,10.462058,BRFSS,418437,,MMD_BRFSS
18.594166,13.830149,BRFSS,115064,,MMD_BRFSS
13.632039,0.90071356,BRFSS,259751,,MMD_BRFSS
19.51187,10.429474,BRFSS,385105,,MMD_BRFSS
0.4567659,5.0363884,BRFSS,442343,,MMD_BRFSS
13.9822235,9.352691,BRFSS,22117,,MMD_BRFSS
10.775574,3.8310504,BRFSS,387724,,MMD_BRFSS
12.163034,-1.4141098,BRFSS,238839,,MMD_BRFSS
1.316406,4.145381,BRFSS,288375,,MMD_BRFSS
15.151694,5.105275,BRFSS,352263,,MMD_BRFSS
-13.710338,14.428637,BRFSS,115491,,MMD_BRFSS
8.302368,19.004221,BRFSS,290409,,MMD_BRFSS
3.3984015,-0.25383642,BRFSS,18793,,MMD_BRFSS
10.138945,2.4470074,BRFSS,421726,,MMD_BRFSS
-9.023319,14.161891,BRFSS,229854,,MMD_BRFSS
9.42783,0.09496051,BRFSS,416274,,MMD_BRFSS
1.7381395,0.90356964,BRFSS,273556,,MMD_BRFSS
16.295433,6.3775024,BRFSS,323775,,MMD_BRFSS
11.498668,6.8012795,BRFSS,445454,,MMD_BRFSS
4.9727387,-4.9067125,BRFSS,96750,,MMD_BRFSS
14.452479,0.543288,BRFSS,235581,,MMD_BRFSS
13.472462,8.479463,BRFSS,135346,,MMD_BRFSS
0.9470616,2.3989763,BRFSS,179163,,MMD_BRFSS
4.2519293,-3.1327183,BRFSS,273332,,MMD_BRFSS
1.2335479,6.589689,BRFSS,229932,,MMD_BRFSS
11.158818,-0.062032238,BRFSS,151877,,MMD_BRFSS
15.5498495,1.0614246,BRFSS,35093,,MMD_BRFSS
4.8317347,1.215817,BRFSS,118386,,MMD_BRFSS
10.510499,2.448376,BRFSS,412395,,MMD_BRFSS
15.247709,7.755799,BRFSS,346932,,MMD_BRFSS
9.643728,-0.9489103,BRFSS,345200,,MMD_BRFSS
16.49073,2.3797026,BRFSS,36317,,MMD_BRFSS
3.3064747,-0.36904404,BRFSS,306500,,MMD_BRFSS
-15.495502,13.930632,BRFSS,23238,,MMD_BRFSS
0.106949545,3.4315753,BRFSS,218228,,MMD_BRFSS
-9.320369,14.021373,BRFSS,378812,,MMD_BRFSS
14.29853,0.59782195,BRFSS,405401,,MMD_BRFSS
-0.33639014,9.327118,BRFSS,249350,,MMD_BRFSS
-10.22336,13.690744,BRFSS,319892,,MMD_BRFSS
0.9307134,9.145061,BRFSS,168649,,MMD_BRFSS
12.507754,9.252332,BRFSS,328762,,MMD_BRFSS
12.674292,16.984068,BRFSS,94022,,MMD_BRFSS
14.609283,3.9415545,BRFSS,258706,,MMD_BRFSS
4.2013836,-3.0544817,BRFSS,445717,,MMD_BRFSS
12.672026,16.977531,BRFSS,241025,,MMD_BRFSS
11.008445,7.954041,BRFSS,64785,,MMD_BRFSS
1.3808485,11.968187,BRFSS,319515,,MMD_BRFSS
15.333929,8.415462,BRFSS,377603,,MMD_BRFSS
15.838652,10.118974,BRFSS,75344,,MMD_BRFSS
18.171675,13.336296,BRFSS,405867,,MMD_BRFSS
14.978686,3.0802808,BRFSS,322067,,MMD_BRFSS
11.155044,6.349708,BRFSS,355279,,MMD_BRFSS
8.727199,0.32816288,BRFSS,229830,,MMD_BRFSS
12.756026,2.464174,BRFSS,122493,,MMD_BRFSS
12.20318,0.49307168,BRFSS,207539,,MMD_BRFSS
12.499004,-1.3334259,BRFSS,296716,,MMD_BRFSS
1.7702237,0.97223675,NHANES,6537,Non-Hispanic Black,MMD_BRFSS
11.994296,1.2968796,BRFSS,50345,,MMD_BRFSS
6.086347,-1.7663863,BRFSS,164132,,MMD_BRFSS
12.288484,3.7834425,BRFSS,176059,,MMD_BRFSS
12.446352,16.511961,BRFSS,328949,,MMD_BRFSS
1.9659822,9.0051365,BRFSS,267848,,MMD_BRFSS
0.8778078,3.0868006,BRFSS,75613,,MMD_BRFSS
4.730795,-3.0721078,BRFSS,284950,,MMD_BRFSS
10.02901,2.379444,BRFSS,120731,,MMD_BRFSS
11.246886,-0.10376499,BRFSS,72197,,MMD_BRFSS
16.30063,1.7690467,BRFSS,187967,,MMD_BRFSS
0.58001274,5.321693,BRFSS,99480,,MMD_BRFSS
2.4301403,2.7865117,NHANES,2475,Non-Hispanic Black,MMD_BRFSS
8.325379,18.982014,BRFSS,84868,,MMD_BRFSS
7.3961754,1.6205393,BRFSS,193159,,MMD_BRFSS
2.2959974,5.693495,BRFSS,55015,,MMD_BRFSS
2.9770253,-1.7431786,BRFSS,31917,,MMD_BRFSS
12.996704,4.9079423,BRFSS,139058,,MMD_BRFSS
1.0828093,12.55674,BRFSS,330197,,MMD_BRFSS
3.7090874,-1.6528748,BRFSS,272013,,MMD_BRFSS
13.941754,9.319231,BRFSS,374564,,MMD_BRFSS
7.8066964,3.2717643,BRFSS,184302,,MMD_BRFSS
6.8616185,-1.4840168,BRFSS,245339,,MMD_BRFSS
15.884766,7.4491754,BRFSS,327465,,MMD_BRFSS
11.540238,5.216523,BRFSS,101417,,MMD_BRFSS
15.467308,4.5850606,BRFSS,70740,,MMD_BRFSS
0.25893313,11.949379,BRFSS,183010,,MMD_BRFSS
8.133595,4.707238,BRFSS,309942,,MMD_BRFSS
3.3967524,-0.2838996,BRFSS,399069,,MMD_BRFSS
2.6842844,-1.4865749,BRFSS,27635,,MMD_BRFSS
12.160254,1.0856992,BRFSS,63420,,MMD_BRFSS
0.21976669,4.73457,BRFSS,326836,,MMD_BRFSS
9.352372,4.416376,BRFSS,260359,,MMD_BRFSS
4.0742536,0.24830489,BRFSS,92961,,MMD_BRFSS
3.7512293,-1.3149465,BRFSS,278299,,MMD_BRFSS
0.5978638,11.283264,BRFSS,199200,,MMD_BRFSS
2.9177768,4.946129,BRFSS,335633,,MMD_BRFSS
17.185816,12.167276,BRFSS,382600,,MMD_BRFSS
12.17054,9.078246,BRFSS,242633,,MMD_BRFSS
13.802066,-0.17739333,BRFSS,302346,,MMD_BRFSS
13.746292,-0.14206597,BRFSS,448354,,MMD_BRFSS
4.923552,-4.6500626,BRFSS,345015,,MMD_BRFSS
14.710053,1.9545944,BRFSS,235840,,MMD_BRFSS
1.1411506,6.6804724,BRFSS,357852,,MMD_BRFSS
8.211893,4.7780485,BRFSS,332462,,MMD_BRFSS
7.370783,1.7606447,BRFSS,188493,,MMD_BRFSS
14.732654,1.9231117,BRFSS,351066,,MMD_BRFSS
14.652935,8.507924,BRFSS,246054,,MMD_BRFSS
1.3368936,1.3029972,BRFSS,446335,,MMD_BRFSS
-0.3267064,2.7802334,BRFSS,432483,,MMD_BRFSS
-0.48480254,2.4839103,BRFSS,386851,,MMD_BRFSS
1.1337239,12.109818,BRFSS,338117,,MMD_BRFSS
-11.840614,-0.63878924,BRFSS,64174,,MMD_BRFSS
7.8963337,2.5158873,BRFSS,281752,,MMD_BRFSS
0.27736655,10.44732,BRFSS,263583,,MMD_BRFSS
12.757311,17.210133,BRFSS,259216,,MMD_BRFSS
8.67541,3.3972447,BRFSS,228249,,MMD_BRFSS
3.6293678,-0.6513868,BRFSS,164544,,MMD_BRFSS
4.940844,-1.8141613,BRFSS,102253,,MMD_BRFSS
17.92919,13.031434,BRFSS,83474,,MMD_BRFSS
9.697704,-1.0083115,BRFSS,273502,,MMD_BRFSS
9.5369005,3.0080729,BRFSS,13982,,MMD_BRFSS
0.26924118,11.916969,BRFSS,281189,,MMD_BRFSS
-4.045871,-5.329211,PIMA,452,Pima Indian,MMD_BRFSS
3.384862,1.9815718,BRFSS,312278,,MMD_BRFSS
11.416333,4.5193343,BRFSS,129095,,MMD_BRFSS
3.0137413,-0.0021821663,BRFSS,242469,,MMD_BRFSS
-11.135531,13.427632,BRFSS,372915,,MMD_BRFSS
12.140052,9.033694,BRFSS,261746,,MMD_BRFSS
1.0104266,12.645093,BRFSS,408294,,MMD_BRFSS
-0.30372116,9.342092,BRFSS,43921,,MMD_BRFSS
15.164167,4.6070094,BRFSS,26783,,MMD_BRFSS
7.9873123,2.609479,BRFSS,441555,,MMD_BRFSS
-12.852107,13.703961,BRFSS,319121,,MMD_BRFSS
16.500242,10.099858,BRFSS,377354,,MMD_BRFSS
10.305679,2.178462,BRFSS,86509,,MMD_BRFSS
13.066593,-0.19139096,BRFSS,66044,,MMD_BRFSS
6.4960914,1.9980733,BRFSS,170169,,MMD_BRFSS
2.7677124,-1.2969602,BRFSS,398543,,MMD_BRFSS
15.908283,6.872531,BRFSS,84121,,MMD_BRFSS
2.0186582,5.7036533,BRFSS,150706,,MMD_BRFSS
3.4142463,4.326297,BRFSS,430231,,MMD_BRFSS
3.9642508,2.190632,BRFSS,437465,,MMD_BRFSS
4.936471,-1.3126633,BRFSS,166277,,MMD_BRFSS
0.02126468,11.132323,BRFSS,218151,,MMD_BRFSS
14.042894,0.19419603,BRFSS,282454,,MMD_BRFSS
12.951062,18.007042,BRFSS,235276,,MMD_BRFSS
3.3931808,-0.27739382,BRFSS,199338,,MMD_BRFSS
15.751152,2.217408,BRFSS,371401,,MMD_BRFSS
6.2549253,-1.0256995,BRFSS,272762,,MMD_BRFSS
1.8176638,3.5052047,BRFSS,253210,,MMD_BRFSS
0.79247034,11.186133,BRFSS,16409,,MMD_BRFSS
4.20694,4.2293077,BRFSS,218489,,MMD_BRFSS
10.552465,6.7692795,BRFSS,294146,,MMD_BRFSS
11.62006,1.992536,BRFSS,53849,,MMD_BRFSS
1.9821997,0.32706797,BRFSS,90309,,MMD_BRFSS
12.034114,-1.3165246,BRFSS,58415,,MMD_BRFSS
10.90221,2.233354,BRFSS,243188,,MMD_BRFSS
18.1729,13.333168,BRFSS,86300,,MMD_BRFSS
8.072702,3.186271,BRFSS,202624,,MMD_BRFSS
4.8579817,-4.5069685,BRFSS,16930,,MMD_BRFSS
6.2583184,-1.0371404,BRFSS,428617,,MMD_BRFSS
8.318316,3.1590543,BRFSS,189410,,MMD_BRFSS
0.8360678,12.524006,BRFSS,152644,,MMD_BRFSS
-8.704944,14.341939,BRFSS,424176,,MMD_BRFSS
18.906252,10.473081,BRFSS,440278,,MMD_BRFSS
16.082611,12.185433,BRFSS,413781,,MMD_BRFSS
10.581397,6.6838746,BRFSS,129347,,MMD_BRFSS
10.114918,2.0577862,BRFSS,392398,,MMD_BRFSS
10.809254,3.4772458,BRFSS,134684,,MMD_BRFSS
4.965602,-0.50519454,BRFSS,25085,,MMD_BRFSS
4.3264766,-1.3858315,BRFSS,287058,,MMD_BRFSS
15.848053,6.850441,BRFSS,214190,,MMD_BRFSS
10.486904,1.1365459,BRFSS,380494,,MMD_BRFSS
2.6831515,-1.431083,BRFSS,85733,,MMD_BRFSS
12.331714,-0.58025736,BRFSS,76745,,MMD_BRFSS
1.1012272,11.440948,BRFSS,45326,,MMD_BRFSS
15.9143505,1.5200621,BRFSS,73658,,MMD_BRFSS
16.422407,2.5423145,BRFSS,280077,,MMD_BRFSS
13.575211,8.74781,BRFSS,403092,,MMD_BRFSS
10.925815,3.2739372,BRFSS,38860,,MMD_BRFSS
1.5708985,1.8858416,BRFSS,391293,,MMD_BRFSS
14.078704,0.19413811,BRFSS,204416,,MMD_BRFSS
13.947898,0.7648178,BRFSS,436921,,MMD_BRFSS
16.57342,1.9834095,BRFSS,28552,,MMD_BRFSS
0.028192488,10.800678,BRFSS,146012,,MMD_BRFSS
13.663036,0.88930947,BRFSS,331296,,MMD_BRFSS
1.7856287,10.5297985,BRFSS,381224,,MMD_BRFSS
3.2377188,0.6808223,BRFSS,424331,,MMD_BRFSS
19.437239,10.4269495,BRFSS,172293,,MMD_BRFSS
0.81089914,12.5033655,BRFSS,431238,,MMD_BRFSS
1.3310345,4.1681724,BRFSS,313142,,MMD_BRFSS
5.68106,0.120227285,BRFSS,304161,,MMD_BRFSS
0.8028624,11.2129135,BRFSS,336754,,MMD_BRFSS
11.460576,6.7093205,BRFSS,371138,,MMD_BRFSS
5.1876264,0.12733151,BRFSS,405460,,MMD_BRFSS
1.8844732,0.27722108,BRFSS,107730,,MMD_BRFSS
4.912077,-3.8553782,BRFSS,189119,,MMD_BRFSS
2.5056531,8.21186,BRFSS,420664,,MMD_BRFSS
10.985767,7.942835,BRFSS,438927,,MMD_BRFSS
14.540843,8.407253,BRFSS,431939,,MMD_BRFSS
-0.05246098,4.148641,BRFSS,183883,,MMD_BRFSS
0.16377492,10.114455,BRFSS,359206,,MMD_BRFSS
18.697495,13.976048,BRFSS,54644,,MMD_BRFSS
11.748674,8.400452,BRFSS,402222,,MMD_BRFSS
3.0950892,-1.938916,BRFSS,426843,,MMD_BRFSS
-15.487855,13.943404,BRFSS,60881,,MMD_BRFSS
13.775182,4.6768723,BRFSS,341349,,MMD_BRFSS
0.57390845,11.9772415,BRFSS,190647,,MMD_BRFSS
-15.698318,12.748852,BRFSS,412265,,MMD_BRFSS
11.319848,4.946088,BRFSS,364980,,MMD_BRFSS
14.235404,4.970736,BRFSS,38360,,MMD_BRFSS
5.1607957,0.64132446,BRFSS,435612,,MMD_BRFSS
15.9815235,8.139621,BRFSS,86466,,MMD_BRFSS
16.092121,6.6146426,BRFSS,109869,,MMD_BRFSS
-0.29534173,2.9676018,BRFSS,336617,,MMD_BRFSS
6.978951,2.804467,BRFSS,115794,,MMD_BRFSS
11.259385,6.693024,BRFSS,378190,,MMD_BRFSS
0.34688494,11.916474,BRFSS,424951,,MMD_BRFSS
5.0261874,-4.870543,BRFSS,382200,,MMD_BRFSS
-15.767506,13.4553795,BRFSS,134064,,MMD_BRFSS
-13.287252,14.106687,BRFSS,330971,,MMD_BRFSS
1.1841654,8.190953,BRFSS,393632,,MMD_BRFSS
2.0370378,1.4565767,BRFSS,258719,,MMD_BRFSS
2.624088,2.9409835,BRFSS,200537,,MMD_BRFSS
13.121309,5.9068675,BRFSS,217217,,MMD_BRFSS
11.698689,4.83897,BRFSS,315774,,MMD_BRFSS
4.700527,-1.550363,BRFSS,420801,,MMD_BRFSS
11.715926,7.643359,BRFSS,300077,,MMD_BRFSS
12.781686,5.8945103,BRFSS,228498,,MMD_BRFSS
11.30533,4.151689,BRFSS,154403,,MMD_BRFSS
0.1304139,2.3669078,BRFSS,24772,,MMD_BRFSS
0.6497201,5.351411,BRFSS,199796,,MMD_BRFSS
0.38103583,8.3643875,BRFSS,60273,,MMD_BRFSS
14.50733,7.9321537,BRFSS,152689,,MMD_BRFSS
9.992806,2.5078819,BRFSS,273124,,MMD_BRFSS
1.8533416,4.297064,BRFSS,137758,,MMD_BRFSS
15.627946,7.3166375,BRFSS,370785,,MMD_BRFSS
2.5624669,-1.2832819,BRFSS,207850,,MMD_BRFSS
-10.25207,13.679,BRFSS,283704,,MMD_BRFSS
0.056299824,10.252089,BRFSS,105619,,MMD_BRFSS
14.198986,8.110342,BRFSS,193867,,MMD_BRFSS
1.5899615,8.844546,BRFSS,282334,,MMD_BRFSS
15.456275,7.2298493,BRFSS,360227,,MMD_BRFSS
7.9288907,0.36237565,BRFSS,383266,,MMD_BRFSS
-13.20582,14.033368,BRFSS,200454,,MMD_BRFSS
8.34873,3.0611317,BRFSS,169994,,MMD_BRFSS
1.287589,11.397333,BRFSS,247441,,MMD_BRFSS
1.5756865,0.90312564,BRFSS,400216,,MMD_BRFSS
-0.13424367,3.7908287,BRFSS,241712,,MMD_BRFSS
5.597617,2.56532,BRFSS,167385,,MMD_BRFSS
18.584997,13.82372,BRFSS,233963,,MMD_BRFSS
6.7477384,-0.07699497,BRFSS,27435,,MMD_BRFSS
14.3342,8.127067,BRFSS,57507,,MMD_BRFSS
11.39497,5.227348,BRFSS,176599,,MMD_BRFSS
0.9341153,7.303623,BRFSS,59009,,MMD_BRFSS
1.1355832,11.519777,BRFSS,337437,,MMD_BRFSS
-13.88618,14.552092,BRFSS,288799,,MMD_BRFSS
-11.822102,-0.62028337,BRFSS,23423,,MMD_BRFSS
3.365897,3.0107346,BRFSS,222695,,MMD_BRFSS
5.025741,1.0292791,BRFSS,372448,,MMD_BRFSS
12.589696,-1.341232,BRFSS,385452,,MMD_BRFSS
2.4426057,8.2270775,BRFSS,442696,,MMD_BRFSS
16.798944,11.772367,BRFSS,241117,,MMD_BRFSS
12.84321,4.278301,BRFSS,384449,,MMD_BRFSS
-0.46106553,2.620364,BRFSS,323204,,MMD_BRFSS
-11.829399,13.29876,BRFSS,102163,,MMD_BRFSS
1.3103265,1.3042233,BRFSS,67920,,MMD_BRFSS
4.9840264,-1.7728323,BRFSS,83535,,MMD_BRFSS
0.8697353,12.691024,BRFSS,257689,,MMD_BRFSS
18.868929,10.452817,BRFSS,417956,,MMD_BRFSS
16.357462,2.279015,BRFSS,171124,,MMD_BRFSS
16.007156,9.828715,BRFSS,153270,,MMD_BRFSS
-6.494402,15.230647,BRFSS,159278,,MMD_BRFSS
-3.772883,-5.6005116,NHANES,2513,Non-Hispanic White,MMD_BRFSS
16.652685,9.313274,BRFSS,417328,,MMD_BRFSS
3.8313658,0.7826444,BRFSS,383953,,MMD_BRFSS
4.607383,-1.7003119,BRFSS,232957,,MMD_BRFSS
12.684676,-1.1576363,BRFSS,296931,,MMD_BRFSS
3.6497633,3.2991133,BRFSS,403856,,MMD_BRFSS
0.06729399,2.3984337,BRFSS,211895,,MMD_BRFSS
18.892818,10.462541,BRFSS,75821,,MMD_BRFSS
4.8355517,-1.974647,BRFSS,179700,,MMD_BRFSS
2.9707181,-1.8777428,BRFSS,290792,,MMD_BRFSS
15.175352,8.552148,BRFSS,443405,,MMD_BRFSS
15.586499,1.0881435,BRFSS,439615,,MMD_BRFSS
13.850092,5.2663307,BRFSS,412860,,MMD_BRFSS
0.29133773,9.91358,BRFSS,224428,,MMD_BRFSS
10.65736,7.567495,BRFSS,288188,,MMD_BRFSS
2.950293,5.3218083,BRFSS,275463,,MMD_BRFSS
10.619424,7.2950664,BRFSS,52052,,MMD_BRFSS
-14.294952,14.781511,BRFSS,314917,,MMD_BRFSS
6.0239434,-0.8859639,BRFSS,228984,,MMD_BRFSS
16.57478,1.9548379,BRFSS,330221,,MMD_BRFSS
11.784335,0.8915243,BRFSS,143449,,MMD_BRFSS
15.839549,8.010726,BRFSS,227065,,MMD_BRFSS
14.955353,3.7007143,BRFSS,336110,,MMD_BRFSS
-0.5274088,3.7471356,BRFSS,203282,,MMD_BRFSS
10.998778,5.5944586,BRFSS,249913,,MMD_BRFSS
5.7783003,0.23353942,BRFSS,401858,,MMD_BRFSS
1.748218,4.3831363,BRFSS,79462,,MMD_BRFSS
2.5220158,-1.3944604,BRFSS,289287,,MMD_BRFSS
13.121691,18.620077,BRFSS,424588,,MMD_BRFSS
14.04726,7.1448874,BRFSS,52839,,MMD_BRFSS
13.386176,0.6178281,BRFSS,311005,,MMD_BRFSS
1.5130901,11.749214,BRFSS,281809,,MMD_BRFSS
15.936945,8.36729,BRFSS,404311,,MMD_BRFSS
15.765066,4.430961,BRFSS,246022,,MMD_BRFSS
8.243393,0.24684037,BRFSS,215165,,MMD_BRFSS
-0.0033954803,10.597436,BRFSS,431294,,MMD_BRFSS
14.415775,2.4412656,BRFSS,104876,,MMD_BRFSS
7.2094293,1.6161238,BRFSS,345411,,MMD_BRFSS
14.727861,3.0885541,BRFSS,111569,,MMD_BRFSS
13.923218,-0.22612149,BRFSS,253298,,MMD_BRFSS
12.83746,-1.0814452,BRFSS,168101,,MMD_BRFSS
1.234536,3.734452,BRFSS,77589,,MMD_BRFSS
14.292223,4.5671296,BRFSS,278947,,MMD_BRFSS
3.2287436,3.6215763,BRFSS,406914,,MMD_BRFSS
15.939478,4.225677,BRFSS,418894,,MMD_BRFSS
0.6506462,11.401252,BRFSS,421473,,MMD_BRFSS
4.4940615,-0.03390089,BRFSS,330843,,MMD_BRFSS
16.686974,9.404432,BRFSS,29941,,MMD_BRFSS
14.640251,2.0165105,BRFSS,107240,,MMD_BRFSS
9.731199,-1.0883547,BRFSS,438550,,MMD_BRFSS
1.5935901,8.241442,BRFSS,61839,,MMD_BRFSS
4.964128,-0.5054529,BRFSS,387801,,MMD_BRFSS
4.6310663,-3.0622308,BRFSS,175322,,MMD_BRFSS
11.053459,4.1558695,BRFSS,415236,,MMD_BRFSS
-0.36985222,2.6487222,BRFSS,54299,,MMD_BRFSS
10.7348175,7.6647477,BRFSS,66141,,MMD_BRFSS
14.586246,2.0783885,BRFSS,148096,,MMD_BRFSS
0.11217114,4.6050363,BRFSS,312206,,MMD_BRFSS
12.705224,5.440053,BRFSS,420169,,MMD_BRFSS
6.4820776,1.3221604,BRFSS,122702,,MMD_BRFSS
16.284254,8.8934,BRFSS,177695,,MMD_BRFSS
12.34188,-0.5886714,BRFSS,393020,,MMD_BRFSS
7.182943,-1.0032197,BRFSS,288508,,MMD_BRFSS
0.853611,12.675809,BRFSS,293069,,MMD_BRFSS
-8.83631,14.262675,BRFSS,41379,,MMD_BRFSS
-11.869597,-0.6677974,BRFSS,261795,,MMD_BRFSS
4.86599,1.2455112,BRFSS,252045,,MMD_BRFSS
15.7283125,10.191256,BRFSS,223918,,MMD_BRFSS
-12.282792,13.305884,BRFSS,123266,,MMD_BRFSS
7.2111144,1.6105899,BRFSS,354767,,MMD_BRFSS
3.171385,0.19341475,BRFSS,131159,,MMD_BRFSS
16.036327,9.476572,BRFSS,35635,,MMD_BRFSS
5.8252406,2.8913062,BRFSS,190212,,MMD_BRFSS
11.041728,6.5133495,BRFSS,428190,,MMD_BRFSS
18.707348,13.987931,BRFSS,201866,,MMD_BRFSS
12.112046,2.7531562,BRFSS,426297,,MMD_BRFSS
-11.852269,-0.6504301,BRFSS,395278,,MMD_BRFSS
18.827192,10.427746,BRFSS,402344,,MMD_BRFSS
9.824847,0.13744211,BRFSS,25850,,MMD_BRFSS
4.766874,-4.3905735,BRFSS,233398,,MMD_BRFSS
11.156302,8.032405,BRFSS,296879,,MMD_BRFSS
2.1888006,1.3483187,BRFSS,13961,,MMD_BRFSS
7.5904922,2.77367,BRFSS,318018,,MMD_BRFSS
0.55603856,11.976768,BRFSS,55490,,MMD_BRFSS
4.919773,-4.6392565,BRFSS,183071,,MMD_BRFSS
0.1236107,4.249914,BRFSS,112941,,MMD_BRFSS
0.54535663,8.399134,BRFSS,331816,,MMD_BRFSS
-11.126973,13.426232,BRFSS,103632,,MMD_BRFSS
12.726341,4.7028146,BRFSS,303288,,MMD_BRFSS
14.849636,5.0469003,BRFSS,243807,,MMD_BRFSS
1.0570846,6.740118,BRFSS,376198,,MMD_BRFSS
12.778593,-0.66200304,BRFSS,355087,,MMD_BRFSS
12.733659,2.482961,BRFSS,132305,,MMD_BRFSS
6.2200747,-0.1682148,BRFSS,303254,,MMD_BRFSS
16.429045,9.866565,BRFSS,230196,,MMD_BRFSS
4.5471363,-1.7409207,BRFSS,243403,,MMD_BRFSS
10.947618,5.199062,BRFSS,23890,,MMD_BRFSS
16.117159,12.154685,BRFSS,51579,,MMD_BRFSS
18.73506,14.020368,BRFSS,342594,,MMD_BRFSS
-11.705043,13.3175,BRFSS,19689,,MMD_BRFSS
0.3024091,10.499044,BRFSS,421300,,MMD_BRFSS
2.3583193,5.5953445,BRFSS,143069,,MMD_BRFSS
6.7563753,2.8092868,BRFSS,248546,,MMD_BRFSS
3.3878307,-0.23782898,BRFSS,172503,,MMD_BRFSS
-9.057065,14.142166,BRFSS,45518,,MMD_BRFSS
3.5543344,-2.7322679,BRFSS,112193,,MMD_BRFSS
12.220135,4.8098483,BRFSS,138203,,MMD_BRFSS
1.5395136,8.133235,BRFSS,34273,,MMD_BRFSS
13.932624,-0.21871775,BRFSS,408572,,MMD_BRFSS
18.175978,13.337339,BRFSS,301784,,MMD_BRFSS
14.738804,4.560257,BRFSS,349699,,MMD_BRFSS
-11.848409,13.290901,BRFSS,318290,,MMD_BRFSS
6.2487826,-1.033344,BRFSS,187603,,MMD_BRFSS
7.5595922,1.8156072,BRFSS,114880,,MMD_BRFSS
1.9302748,2.5605497,BRFSS,56114,,MMD_BRFSS
-8.729606,14.3245125,BRFSS,400949,,MMD_BRFSS
13.964872,4.9797,BRFSS,408539,,MMD_BRFSS
6.268678,0.6683116,BRFSS,428274,,MMD_BRFSS
15.51266,4.564073,BRFSS,438218,,MMD_BRFSS
4.899458,-4.435865,BRFSS,216073,,MMD_BRFSS
14.971984,3.70737,BRFSS,328725,,MMD_BRFSS
1.54868,8.158568,BRFSS,430463,,MMD_BRFSS
16.526678,2.3507695,BRFSS,77488,,MMD_BRFSS
0.53364384,8.389791,BRFSS,305890,,MMD_BRFSS
13.454701,8.479302,BRFSS,254794,,MMD_BRFSS
11.782334,8.335371,BRFSS,446874,,MMD_BRFSS
11.115224,6.365189,BRFSS,372954,,MMD_BRFSS
13.491617,-0.52217114,BRFSS,82668,,MMD_BRFSS
11.495675,5.2237453,BRFSS,427752,,MMD_BRFSS
3.6476474,3.4668412,BRFSS,178954,,MMD_BRFSS
5.5961604,-1.940245,BRFSS,204543,,MMD_BRFSS
0.7052038,11.007195,BRFSS,354566,,MMD_BRFSS
1.5189353,7.762071,BRFSS,305575,,MMD_BRFSS
11.124375,6.5177665,BRFSS,413275,,MMD_BRFSS
13.522551,8.555627,BRFSS,201827,,MMD_BRFSS
6.7986646,-1.5242933,BRFSS,106261,,MMD_BRFSS
3.4791174,4.1025515,BRFSS,91309,,MMD_BRFSS
3.9248557,2.722389,BRFSS,113955,,MMD_BRFSS
8.181098,4.7030697,BRFSS,114599,,MMD_BRFSS
1.9068708,8.365458,BRFSS,212941,,MMD_BRFSS
-11.1333475,13.430646,BRFSS,28990,,MMD_BRFSS
15.700938,1.7151779,BRFSS,336559,,MMD_BRFSS
12.756075,5.876151,NHANES,2996,Non-Hispanic Black,MMD_BRFSS
15.818446,8.004169,BRFSS,312325,,MMD_BRFSS
4.603951,-3.5883377,BRFSS,119600,,MMD_BRFSS
14.68511,3.8870342,BRFSS,56524,,MMD_BRFSS
14.323057,0.5944481,BRFSS,174281,,MMD_BRFSS
12.124973,-1.3996453,BRFSS,351842,,MMD_BRFSS
2.7176788,-1.4066365,BRFSS,279427,,MMD_BRFSS
5.4490314,-0.5862964,BRFSS,65672,,MMD_BRFSS
12.252879,9.160856,BRFSS,133149,,MMD_BRFSS
-15.251016,14.175913,BRFSS,22802,,MMD_BRFSS
0.22596858,2.3334622,BRFSS,424860,,MMD_BRFSS
14.4247055,2.3847983,BRFSS,11317,,MMD_BRFSS
10.549661,7.413115,BRFSS,199180,,MMD_BRFSS
16.502361,6.1296954,BRFSS,431692,,MMD_BRFSS
1.261729,2.4810255,BRFSS,115206,,MMD_BRFSS
6.6171274,2.884202,BRFSS,190236,,MMD_BRFSS
13.328167,4.1564918,BRFSS,73924,,MMD_BRFSS
5.2994456,-0.70990884,BRFSS,256276,,MMD_BRFSS
6.399516,-0.8358061,BRFSS,443112,,MMD_BRFSS
-11.85177,-0.6499352,BRFSS,397213,,MMD_BRFSS
10.563617,7.4160743,BRFSS,79713,,MMD_BRFSS
9.30064,4.8103166,BRFSS,150173,,MMD_BRFSS
1.8082076,1.4094049,BRFSS,274317,,MMD_BRFSS
1.724966,11.173275,BRFSS,367413,,MMD_BRFSS
8.646929,3.2522118,BRFSS,416951,,MMD_BRFSS
19.002464,15.029139,BRFSS,284879,,MMD_BRFSS
1.700519,0.90116346,BRFSS,54909,,MMD_BRFSS
4.790837,-3.2099626,BRFSS,439654,,MMD_BRFSS
11.100575,6.790955,BRFSS,288841,,MMD_BRFSS
3.651269,-1.5072958,BRFSS,186055,,MMD_BRFSS
15.521487,5.1467094,BRFSS,135084,,MMD_BRFSS
0.08876846,9.82689,BRFSS,118577,,MMD_BRFSS
7.605832,2.7009661,BRFSS,201515,,MMD_BRFSS
15.182511,7.705034,BRFSS,349367,,MMD_BRFSS
0.6066523,11.255335,BRFSS,339047,,MMD_BRFSS
16.157358,10.053357,BRFSS,230760,,MMD_BRFSS
-9.3437805,14.004315,BRFSS,447465,,MMD_BRFSS
-0.0062334267,9.199118,BRFSS,44412,,MMD_BRFSS
-14.376856,14.676183,BRFSS,147114,,MMD_BRFSS
16.335907,2.738814,BRFSS,144236,,MMD_BRFSS
-14.086673,14.665927,BRFSS,219032,,MMD_BRFSS
-4.0605063,-5.3147693,NHANES,2654,Non-Hispanic White,MMD_BRFSS
12.247764,4.8134785,BRFSS,262812,,MMD_BRFSS
15.937677,6.883543,BRFSS,212544,,MMD_BRFSS
-0.06941236,9.627325,BRFSS,123505,,MMD_BRFSS
11.145435,4.7058654,BRFSS,102758,,MMD_BRFSS
10.931743,5.073198,BRFSS,445748,,MMD_BRFSS
14.139922,6.861075,BRFSS,163752,,MMD_BRFSS
18.987753,15.005329,BRFSS,128277,,MMD_BRFSS
1.5288479,4.1260157,BRFSS,273877,,MMD_BRFSS
15.906585,9.508839,BRFSS,417365,,MMD_BRFSS
1.7174239,0.60324794,BRFSS,42959,,MMD_BRFSS
6.4196434,-0.3840055,BRFSS,432155,,MMD_BRFSS
11.131971,4.736021,BRFSS,156489,,MMD_BRFSS
0.37076196,8.442779,BRFSS,276075,,MMD_BRFSS
1.8201499,10.533841,BRFSS,197397,,MMD_BRFSS
2.2592933,8.022565,BRFSS,199707,,MMD_BRFSS
8.126068,4.6234984,BRFSS,11746,,MMD_BRFSS
0.9224856,6.3451505,BRFSS,301412,,MMD_BRFSS
-13.302737,14.122009,BRFSS,232237,,MMD_BRFSS
15.824511,10.148299,BRFSS,308639,,MMD_BRFSS
6.4917636,2.1411211,BRFSS,122563,,MMD_BRFSS
8.065615,3.1591535,BRFSS,443434,,MMD_BRFSS
-11.817619,13.276805,BRFSS,342910,,MMD_BRFSS
-15.550152,13.844516,BRFSS,372300,,MMD_BRFSS
3.273908,0.7912784,BRFSS,220348,,MMD_BRFSS
5.268839,0.17272861,BRFSS,291993,,MMD_BRFSS
-0.06146097,4.429157,BRFSS,336108,,MMD_BRFSS
3.5533721,0.9602656,BRFSS,104021,,MMD_BRFSS
16.169779,9.505363,BRFSS,337385,,MMD_BRFSS
17.875427,12.970048,BRFSS,356589,,MMD_BRFSS
3.3442695,-0.3036753,BRFSS,112234,,MMD_BRFSS
1.8918647,8.346521,BRFSS,28246,,MMD_BRFSS
11.768154,8.417178,BRFSS,260420,,MMD_BRFSS
-4.060762,-5.314596,PIMA,434,Pima Indian,MMD_BRFSS
6.5747027,0.77880645,BRFSS,158882,,MMD_BRFSS
12.4627695,16.52933,BRFSS,416898,,MMD_BRFSS
2.102201,9.026599,BRFSS,20146,,MMD_BRFSS
12.914259,17.908468,BRFSS,412648,,MMD_BRFSS
-14.281471,14.741406,BRFSS,410761,,MMD_BRFSS
15.857158,2.8042676,BRFSS,326907,,MMD_BRFSS
11.159745,1.2963874,BRFSS,281388,,MMD_BRFSS
-15.133596,14.253458,BRFSS,79697,,MMD_BRFSS
-0.5614884,3.6860092,BRFSS,418234,,MMD_BRFSS
12.313897,4.3575187,BRFSS,326819,,MMD_BRFSS
8.045958,2.8208039,BRFSS,32830,,MMD_BRFSS
2.4016416,1.6401837,BRFSS,54504,,MMD_BRFSS
12.765319,17.235994,BRFSS,109966,,MMD_BRFSS
16.380014,6.2973976,BRFSS,415696,,MMD_BRFSS
5.0996356,2.387587,BRFSS,220095,,MMD_BRFSS
11.467998,6.7170367,BRFSS,123571,,MMD_BRFSS
-10.223076,13.694219,BRFSS,414585,,MMD_BRFSS
15.684166,10.168468,BRFSS,439272,,MMD_BRFSS
16.085976,12.178822,BRFSS,93099,,MMD_BRFSS
12.26425,3.809601,BRFSS,413027,,MMD_BRFSS
0.87740177,12.703627,BRFSS,190920,,MMD_BRFSS
14.1320715,6.886049,BRFSS,155481,,MMD_BRFSS
4.758433,3.341376,BRFSS,422502,,MMD_BRFSS
12.921962,3.3769403,BRFSS,91699,,MMD_BRFSS
9.130519,4.9003553,BRFSS,325087,,MMD_BRFSS
3.9452767,3.0279632,BRFSS,221202,,MMD_BRFSS
15.478494,8.653181,BRFSS,348878,,MMD_BRFSS
-8.704365,14.347029,BRFSS,51889,,MMD_BRFSS
6.13386,2.8162174,BRFSS,126138,,MMD_BRFSS
6.503818,2.1423542,BRFSS,115031,,MMD_BRFSS
1.3920554,2.48497,BRFSS,251252,,MMD_BRFSS
15.575456,6.790918,BRFSS,395590,,MMD_BRFSS
14.968311,3.693123,BRFSS,289698,,MMD_BRFSS
12.504027,1.1790727,BRFSS,318004,,MMD_BRFSS
8.226778,0.24543886,BRFSS,106365,,MMD_BRFSS
8.906692,4.889026,BRFSS,308543,,MMD_BRFSS
13.172404,-0.76321745,BRFSS,347997,,MMD_BRFSS
9.998772,2.47392,BRFSS,88857,,MMD_BRFSS
12.1373,6.2122355,BRFSS,400293,,MMD_BRFSS
4.8085523,-4.2525096,BRFSS,352418,,MMD_BRFSS
2.1640239,5.657608,BRFSS,42780,,MMD_BRFSS
-8.942785,14.204103,BRFSS,216341,,MMD_BRFSS
2.4267607,-0.27307835,BRFSS,414944,,MMD_BRFSS
15.610575,10.088033,BRFSS,38806,,MMD_BRFSS
1.3290225,5.645951,BRFSS,93431,,MMD_BRFSS
4.3457117,3.4783092,BRFSS,330491,,MMD_BRFSS
0.87897,8.866022,BRFSS,101716,,MMD_BRFSS
4.9368215,-0.53831965,BRFSS,57161,,MMD_BRFSS
-0.5365682,3.6966856,BRFSS,77434,,MMD_BRFSS
12.042367,-1.4710529,BRFSS,417020,,MMD_BRFSS
12.048947,1.5925754,BRFSS,36377,,MMD_BRFSS
3.3071702,4.1590176,BRFSS,159592,,MMD_BRFSS
11.735897,2.4094028,BRFSS,187499,,MMD_BRFSS
12.816866,4.6852536,BRFSS,243882,,MMD_BRFSS
-13.710724,14.429515,BRFSS,434056,,MMD_BRFSS
18.957037,14.957216,BRFSS,378051,,MMD_BRFSS
15.162172,6.7366176,BRFSS,78949,,MMD_BRFSS
-12.383396,13.333443,BRFSS,17110,,MMD_BRFSS
10.823576,3.841544,BRFSS,393886,,MMD_BRFSS
0.05606483,11.0249405,BRFSS,380201,,MMD_BRFSS
4.379296,-0.1734642,BRFSS,361555,,MMD_BRFSS
-0.3209857,9.321777,BRFSS,424506,,MMD_BRFSS
15.086236,5.770636,BRFSS,194378,,MMD_BRFSS
0.95565933,7.201368,BRFSS,157187,,MMD_BRFSS
2.545759,5.4550257,BRFSS,319134,,MMD_BRFSS
6.847331,-1.4884123,BRFSS,59834,,MMD_BRFSS
3.133708,3.5720518,BRFSS,205351,,MMD_BRFSS
15.777795,10.054211,BRFSS,286489,,MMD_BRFSS
1.1514058,12.442061,BRFSS,57473,,MMD_BRFSS
-0.05228241,4.15855,BRFSS,301168,,MMD_BRFSS
12.499613,16.592047,BRFSS,225497,,MMD_BRFSS
2.9061391,-0.106812395,BRFSS,163260,,MMD_BRFSS
-10.223707,13.689677,BRFSS,427377,,MMD_BRFSS
-15.440605,13.993133,BRFSS,203036,,MMD_BRFSS
12.481415,16.565157,BRFSS,23696,,MMD_BRFSS
11.169486,6.8743033,BRFSS,31335,,MMD_BRFSS
1.7865107,10.497053,BRFSS,42854,,MMD_BRFSS
-9.064918,14.135959,BRFSS,107592,,MMD_BRFSS
4.6779046,0.24260272,BRFSS,287969,,MMD_BRFSS
1.1050318,6.6238556,BRFSS,371982,,MMD_BRFSS
11.380701,1.6781974,BRFSS,193994,,MMD_BRFSS
3.4329207,3.7910745,BRFSS,343238,,MMD_BRFSS
-15.447165,13.986902,BRFSS,127252,,MMD_BRFSS
5.366898,-0.21414511,BRFSS,127197,,MMD_BRFSS
9.481867,4.4196467,BRFSS,194229,,MMD_BRFSS
1.9444762,0.33352873,NHANES,4726,Non-Hispanic Black,MMD_BRFSS
-0.056907475,2.918403,BRFSS,398285,,MMD_BRFSS
10.121514,1.9435414,BRFSS,121859,,MMD_BRFSS
12.005818,0.7589517,BRFSS,206005,,MMD_BRFSS
9.899737,1.5469222,BRFSS,248083,,MMD_BRFSS
14.122181,4.0655904,BRFSS,238398,,MMD_BRFSS
13.330663,4.1450877,BRFSS,95856,,MMD_BRFSS
2.9760733,-0.021190457,BRFSS,370207,,MMD_BRFSS
1.462228,3.5217643,BRFSS,324764,,MMD_BRFSS
9.359548,4.485585,BRFSS,384359,,MMD_BRFSS
0.8951457,3.104528,BRFSS,133073,,MMD_BRFSS
6.875383,-1.4693694,BRFSS,249236,,MMD_BRFSS
3.0715115,5.181293,BRFSS,324347,,MMD_BRFSS
14.411407,2.4370153,BRFSS,48237,,MMD_BRFSS
4.005747,4.2555513,BRFSS,16035,,MMD_BRFSS
9.880471,1.2543284,BRFSS,22904,,MMD_BRFSS
11.170476,1.937448,BRFSS,312831,,MMD_BRFSS
-0.14320014,10.018162,BRFSS,230053,,MMD_BRFSS
-10.185353,13.706675,BRFSS,157935,,MMD_BRFSS
12.154071,4.828649,BRFSS,438012,,MMD_BRFSS
15.754582,4.9755497,BRFSS,333795,,MMD_BRFSS
16.629484,2.0669265,BRFSS,270435,,MMD_BRFSS
1.8250238,8.544847,BRFSS,94704,,MMD_BRFSS
12.6747,16.968576,BRFSS,219872,,MMD_BRFSS
-13.397701,14.199931,BRFSS,169102,,MMD_BRFSS
16.173351,9.515406,BRFSS,376896,,MMD_BRFSS
12.587663,4.7274513,BRFSS,280339,,MMD_BRFSS
3.6071851,0.65280056,NHANES,5447,Non-Hispanic Black,MMD_BRFSS
12.785628,9.321055,BRFSS,311679,,MMD_BRFSS
-0.5085008,3.8086011,BRFSS,193001,,MMD_BRFSS
1.8989172,10.559672,BRFSS,429375,,MMD_BRFSS
-13.192667,14.020224,BRFSS,351238,,MMD_BRFSS
12.760931,2.4484181,BRFSS,213256,,MMD_BRFSS
16.481997,6.127847,BRFSS,130385,,MMD_BRFSS
-14.242422,14.719035,BRFSS,260000,,MMD_BRFSS
-11.088353,13.433807,BRFSS,387141,,MMD_BRFSS
11.646848,2.4942982,BRFSS,159078,,MMD_BRFSS
12.334064,3.7629666,BRFSS,234372,,MMD_BRFSS
4.9037743,-4.379978,BRFSS,342043,,MMD_BRFSS
11.514031,6.7259564,BRFSS,81615,,MMD_BRFSS
10.253433,2.239116,BRFSS,189398,,MMD_BRFSS
-14.228361,14.721526,BRFSS,113440,,MMD_BRFSS
-0.04798464,4.1497526,BRFSS,423652,,MMD_BRFSS
-8.843121,14.262598,BRFSS,117222,,MMD_BRFSS
1.4722439,0.927145,BRFSS,70707,,MMD_BRFSS
12.844288,9.316404,BRFSS,23826,,MMD_BRFSS
-15.234037,14.191396,BRFSS,256045,,MMD_BRFSS
8.020804,3.243454,NHANES,2856,Non-Hispanic White,MMD_BRFSS
18.587826,13.823288,BRFSS,281864,,MMD_BRFSS
12.839468,-1.083883,BRFSS,337390,,MMD_BRFSS
1.5283227,11.741576,BRFSS,134858,,MMD_BRFSS
4.7455554,0.26938075,BRFSS,281138,,MMD_BRFSS
4.874821,-3.491297,BRFSS,414456,,MMD_BRFSS
-0.02325421,4.535841,BRFSS,419406,,MMD_BRFSS
1.4066005,10.809347,BRFSS,93778,,MMD_BRFSS
0.9336026,6.306869,BRFSS,231806,,MMD_BRFSS
-10.251019,13.679271,BRFSS,390346,,MMD_BRFSS
1.1065346,12.094091,BRFSS,67783,,MMD_BRFSS
6.323402,0.72104454,BRFSS,245943,,MMD_BRFSS
1.168591,10.071457,BRFSS,213841,,MMD_BRFSS
12.436339,16.514078,BRFSS,304980,,MMD_BRFSS
15.801691,4.415296,BRFSS,439777,,MMD_BRFSS
16.241575,12.029635,BRFSS,22274,,MMD_BRFSS
1.3320771,1.3120295,BRFSS,272172,,MMD_BRFSS
15.101588,7.9143047,BRFSS,357943,,MMD_BRFSS
17.88487,12.9800825,BRFSS,185346,,MMD_BRFSS
13.405171,-0.51350856,BRFSS,26179,,MMD_BRFSS
16.443865,9.962962,BRFSS,207110,,MMD_BRFSS
1.8787444,3.3001595,BRFSS,383062,,MMD_BRFSS
1.1200484,11.438724,BRFSS,445213,,MMD_BRFSS
1.861697,3.489509,BRFSS,281639,,MMD_BRFSS
10.547658,7.365874,BRFSS,126505,,MMD_BRFSS
10.745053,3.8549373,BRFSS,10948,,MMD_BRFSS
0.2048076,8.65423,BRFSS,44262,,MMD_BRFSS
9.191009,4.897091,BRFSS,432994,,MMD_BRFSS
0.045683727,4.6890965,BRFSS,183463,,MMD_BRFSS
12.087194,5.136226,BRFSS,440110,,MMD_BRFSS
7.921928,0.30321965,BRFSS,415564,,MMD_BRFSS
16.206999,12.067972,BRFSS,9833,,MMD_BRFSS
0.20060775,10.296163,BRFSS,317435,,MMD_BRFSS
11.154757,6.501705,BRFSS,412062,,MMD_BRFSS
1.5960499,8.267409,BRFSS,87393,,MMD_BRFSS
16.616693,11.698535,BRFSS,445886,,MMD_BRFSS
0.3884701,8.346554,BRFSS,392389,,MMD_BRFSS
3.6456237,-0.93891186,BRFSS,306695,,MMD_BRFSS
12.838908,-1.0816612,BRFSS,226332,,MMD_BRFSS
1.4991585,11.75274,BRFSS,213177,,MMD_BRFSS
0.8528388,10.886705,BRFSS,46303,,MMD_BRFSS
15.792754,9.982868,BRFSS,221658,,MMD_BRFSS
11.176795,3.6410904,BRFSS,396720,,MMD_BRFSS
2.231205,5.7320304,BRFSS,165317,,MMD_BRFSS
15.33787,0.797763,BRFSS,59613,,MMD_BRFSS
4.193687,0.37539023,BRFSS,67909,,MMD_BRFSS
2.1155522,2.8760767,BRFSS,242954,,MMD_BRFSS
5.0051856,-4.8563437,BRFSS,419572,,MMD_BRFSS
9.497143,0.70245403,BRFSS,259470,,MMD_BRFSS
-15.572504,13.816571,BRFSS,217034,,MMD_BRFSS
11.11015,6.3644853,BRFSS,185675,,MMD_BRFSS
1.3521467,2.440256,BRFSS,218800,,MMD_BRFSS
3.7115705,3.165028,BRFSS,364307,,MMD_BRFSS
3.864912,0.8099258,BRFSS,237322,,MMD_BRFSS
11.933406,6.214824,BRFSS,375657,,MMD_BRFSS
2.0898197,8.970841,BRFSS,220275,,MMD_BRFSS
-12.747967,13.609837,BRFSS,123311,,MMD_BRFSS
3.175352,1.0811371,BRFSS,200633,,MMD_BRFSS
12.813419,9.323769,BRFSS,165655,,MMD_BRFSS
12.4064,-0.6060103,BRFSS,357272,,MMD_BRFSS
3.2848225,5.019809,BRFSS,430372,,MMD_BRFSS
12.180333,9.086018,BRFSS,114716,,MMD_BRFSS
-0.28773826,3.081398,BRFSS,215395,,MMD_BRFSS
9.773535,-1.1889448,BRFSS,256809,,MMD_BRFSS
14.126839,0.083535366,BRFSS,413668,,MMD_BRFSS
12.850824,9.3144865,BRFSS,209207,,MMD_BRFSS
11.24537,6.9239583,BRFSS,33548,,MMD_BRFSS
1.4734913,1.3236003,BRFSS,304277,,MMD_BRFSS
15.5289955,1.0376396,BRFSS,169084,,MMD_BRFSS
3.074569,1.5484941,BRFSS,182708,,MMD_BRFSS
3.274099,0.7666067,BRFSS,225344,,MMD_BRFSS
10.975498,7.9359627,BRFSS,133611,,MMD_BRFSS
6.501157,-0.3185332,BRFSS,278332,,MMD_BRFSS
-11.950051,13.293566,BRFSS,324965,,MMD_BRFSS
-15.484366,13.943267,BRFSS,363485,,MMD_BRFSS
14.876364,3.0981452,BRFSS,439905,,MMD_BRFSS
16.646454,9.333492,BRFSS,104852,,MMD_BRFSS
9.941648,2.5759416,BRFSS,247544,,MMD_BRFSS
4.429038,-3.7980618,BRFSS,197113,,MMD_BRFSS
6.4833364,2.1376252,BRFSS,92408,,MMD_BRFSS
11.397467,4.4943175,BRFSS,238845,,MMD_BRFSS
7.45804,2.0786421,BRFSS,214346,,MMD_BRFSS
10.966313,7.9260564,BRFSS,177915,,MMD_BRFSS
7.1847467,1.5984794,BRFSS,161884,,MMD_BRFSS
14.476214,0.52446914,BRFSS,276315,,MMD_BRFSS
1.4459393,0.959892,BRFSS,245309,,MMD_BRFSS
-6.4504395,15.212002,BRFSS,57091,,MMD_BRFSS
7.960745,2.5451694,BRFSS,392906,,MMD_BRFSS
14.286208,4.533523,BRFSS,262261,,MMD_BRFSS
12.519138,-1.32617,BRFSS,402697,,MMD_BRFSS
15.787382,1.586135,BRFSS,165279,,MMD_BRFSS
0.89916176,12.708126,BRFSS,444208,,MMD_BRFSS
3.4442055,0.91022986,BRFSS,157992,,MMD_BRFSS
2.482134,8.277166,BRFSS,273181,,MMD_BRFSS
4.6597624,0.23545745,BRFSS,420704,,MMD_BRFSS
2.9430757,-1.7493191,BRFSS,68497,,MMD_BRFSS
1.8886389,10.52385,BRFSS,307755,,MMD_BRFSS
2.4016225,5.5798254,BRFSS,115012,,MMD_BRFSS
16.077356,9.451962,BRFSS,261775,,MMD_BRFSS
-0.07889797,4.5899453,BRFSS,143635,,MMD_BRFSS
15.987948,7.5362616,BRFSS,51880,,MMD_BRFSS
6.888756,1.8366525,BRFSS,301380,,MMD_BRFSS
11.77383,8.435381,BRFSS,205987,,MMD_BRFSS
-14.2760935,14.769818,BRFSS,177901,,MMD_BRFSS
0.39072675,8.325151,BRFSS,307051,,MMD_BRFSS
2.4906952,8.314793,BRFSS,56921,,MMD_BRFSS
15.522732,10.114312,BRFSS,385772,,MMD_BRFSS
2.552973,8.239693,BRFSS,223004,,MMD_BRFSS
9.438084,0.06958968,BRFSS,435197,,MMD_BRFSS
7.2084002,1.5312233,BRFSS,448068,,MMD_BRFSS
-13.580258,14.34496,BRFSS,230456,,MMD_BRFSS
7.7683764,2.9078245,BRFSS,127188,,MMD_BRFSS
6.4738755,-0.31119937,BRFSS,418708,,MMD_BRFSS
16.002092,2.5802774,BRFSS,110023,,MMD_BRFSS
1.3699597,5.120049,BRFSS,26205,,MMD_BRFSS
3.616443,0.96908164,BRFSS,291259,,MMD_BRFSS
1.8950377,10.485325,BRFSS,333516,,MMD_BRFSS
0.20924814,11.775467,BRFSS,140301,,MMD_BRFSS
0.3188219,8.4905615,BRFSS,326074,,MMD_BRFSS
3.4095767,1.2826005,BRFSS,249883,,MMD_BRFSS
18.528904,13.754369,BRFSS,214152,,MMD_BRFSS
3.330336,-2.5375588,BRFSS,178929,,MMD_BRFSS
15.331675,5.706946,BRFSS,446702,,MMD_BRFSS
18.88786,10.46186,BRFSS,149530,,MMD_BRFSS
18.319937,13.501124,BRFSS,433893,,MMD_BRFSS
3.9738815,2.181779,BRFSS,310882,,MMD_BRFSS
4.9797273,-1.7653897,BRFSS,15640,,MMD_BRFSS
0.4950686,8.281911,BRFSS,300857,,MMD_BRFSS
13.545968,8.719032,BRFSS,193382,,MMD_BRFSS
1.7909986,0.6037819,BRFSS,427299,,MMD_BRFSS
14.733445,1.918932,BRFSS,171739,,MMD_BRFSS
13.862718,9.271993,BRFSS,334098,,MMD_BRFSS
-15.762122,13.466623,BRFSS,195515,,MMD_BRFSS
-0.20496392,2.381848,BRFSS,92895,,MMD_BRFSS
2.0832398,2.5760374,BRFSS,162270,,MMD_BRFSS
1.00444,12.671212,BRFSS,397212,,MMD_BRFSS
3.9688911,4.4821973,NHANES,4718,Other Race,MMD_BRFSS
7.809277,2.0901415,BRFSS,448177,,MMD_BRFSS
6.568521,0.40147778,BRFSS,300811,,MMD_BRFSS
11.16972,6.8367214,BRFSS,399568,,MMD_BRFSS
12.886096,17.786922,BRFSS,50065,,MMD_BRFSS
12.5331135,6.246104,BRFSS,376035,,MMD_BRFSS
12.477168,5.054672,BRFSS,225803,,MMD_BRFSS
-12.657708,13.533726,BRFSS,223421,,MMD_BRFSS
5.1973376,2.1100154,BRFSS,186638,,MMD_BRFSS
12.730488,6.2325373,BRFSS,375019,,MMD_BRFSS
1.4310831,5.516989,BRFSS,426536,,MMD_BRFSS
6.6107745,-0.6291361,BRFSS,402474,,MMD_BRFSS
15.307553,0.7668968,BRFSS,374682,,MMD_BRFSS
11.076907,2.4730127,BRFSS,225936,,MMD_BRFSS
14.837605,3.784136,BRFSS,78662,,MMD_BRFSS
13.962805,4.9655075,BRFSS,37311,,MMD_BRFSS
7.9571934,3.1567435,BRFSS,152203,,MMD_BRFSS
0.9290933,7.3045387,BRFSS,433232,,MMD_BRFSS
12.270583,3.81477,BRFSS,236436,,MMD_BRFSS
15.881028,2.757522,BRFSS,85166,,MMD_BRFSS
8.571748,3.1554341,BRFSS,280977,,MMD_BRFSS
11.612312,1.9786216,BRFSS,70163,,MMD_BRFSS
5.193607,0.7719565,BRFSS,91301,,MMD_BRFSS
13.371725,5.9396563,BRFSS,279361,,MMD_BRFSS
10.909583,4.189941,BRFSS,245222,,MMD_BRFSS
8.040009,2.784813,BRFSS,59565,,MMD_BRFSS
10.31564,2.1182072,BRFSS,359698,,MMD_BRFSS
5.018786,-4.524033,BRFSS,29796,,MMD_BRFSS
2.2243993,9.057624,BRFSS,394373,,MMD_BRFSS
12.458027,16.525711,BRFSS,194900,,MMD_BRFSS
4.337549,-3.1037586,BRFSS,323177,,MMD_BRFSS
12.492725,3.63342,BRFSS,363785,,MMD_BRFSS
9.813967,0.1471775,BRFSS,176467,,MMD_BRFSS
-10.247663,13.665319,BRFSS,337236,,MMD_BRFSS
13.5566635,0.9076954,BRFSS,49040,,MMD_BRFSS
10.637916,7.271363,BRFSS,274685,,MMD_BRFSS
16.136597,12.136163,BRFSS,372385,,MMD_BRFSS
2.2465084,5.608138,BRFSS,280283,,MMD_BRFSS
1.0533404,6.8921285,BRFSS,39468,,MMD_BRFSS
0.59512645,11.254385,BRFSS,210368,,MMD_BRFSS
12.046814,6.6340313,BRFSS,259085,,MMD_BRFSS
4.8086147,3.4828746,BRFSS,436163,,MMD_BRFSS
11.727148,5.9935675,BRFSS,199611,,MMD_BRFSS
6.584273,3.3881903,BRFSS,258900,,MMD_BRFSS
-0.30307022,9.3474,BRFSS,332770,,MMD_BRFSS
13.553855,8.413613,BRFSS,401689,,MMD_BRFSS
1.065866,10.07135,BRFSS,295442,,MMD_BRFSS
4.9915795,1.7841445,BRFSS,28553,,MMD_BRFSS
1.177335,6.6222477,BRFSS,399381,,MMD_BRFSS
2.265553,1.543859,BRFSS,45318,,MMD_BRFSS
14.182162,7.3520117,BRFSS,185724,,MMD_BRFSS
13.395599,5.940907,BRFSS,86935,,MMD_BRFSS
-0.4157431,2.337078,BRFSS,261738,,MMD_BRFSS
10.547693,7.4140863,BRFSS,173984,,MMD_BRFSS
14.691337,3.8983521,BRFSS,370793,,MMD_BRFSS
1.0945196,3.1310806,BRFSS,209867,,MMD_BRFSS
15.279076,6.15497,BRFSS,238458,,MMD_BRFSS
13.0494175,4.180556,BRFSS,217182,,MMD_BRFSS
-0.12408464,10.479753,BRFSS,89805,,MMD_BRFSS
15.275571,0.7469542,BRFSS,54723,,MMD_BRFSS
0.18617636,9.864059,BRFSS,422561,,MMD_BRFSS
16.638912,2.0303156,BRFSS,362388,,MMD_BRFSS
13.909446,9.299599,BRFSS,341814,,MMD_BRFSS
0.18769637,3.711247,BRFSS,60968,,MMD_BRFSS
3.7731698,3.5135286,BRFSS,101704,,MMD_BRFSS
6.466863,-0.32894674,BRFSS,311598,,MMD_BRFSS
14.924845,3.1041646,BRFSS,80446,,MMD_BRFSS
12.641647,6.2285743,BRFSS,428256,,MMD_BRFSS
0.16300228,4.6732006,BRFSS,119490,,MMD_BRFSS
-0.29842022,9.363377,BRFSS,291020,,MMD_BRFSS
-13.73692,14.451056,BRFSS,284091,,MMD_BRFSS
13.516248,3.2203205,BRFSS,64532,,MMD_BRFSS
-15.723019,12.849725,BRFSS,405195,,MMD_BRFSS
4.8551884,-4.5241804,BRFSS,76141,,MMD_BRFSS
7.9981937,4.6859007,BRFSS,141404,,MMD_BRFSS
0.91285414,9.047931,BRFSS,275832,,MMD_BRFSS
15.517251,5.173223,BRFSS,368173,,MMD_BRFSS
8.99592,0.009803478,BRFSS,75612,,MMD_BRFSS
5.2315784,3.0540216,BRFSS,352112,,MMD_BRFSS
0.87246865,2.0109127,BRFSS,353695,,MMD_BRFSS
1.7880099,3.507753,BRFSS,325458,,MMD_BRFSS
14.902204,7.956667,BRFSS,267632,,MMD_BRFSS
12.065533,2.8113658,BRFSS,349053,,MMD_BRFSS
4.5508447,0.1728744,BRFSS,249271,,MMD_BRFSS
12.653458,16.957844,BRFSS,395309,,MMD_BRFSS
11.055435,7.995963,BRFSS,282481,,MMD_BRFSS
1.3398062,12.007149,BRFSS,436732,,MMD_BRFSS
-15.792418,13.401014,BRFSS,372571,,MMD_BRFSS
12.693403,17.035719,BRFSS,195100,,MMD_BRFSS
14.13678,8.100645,BRFSS,73284,,MMD_BRFSS
-14.235312,14.739848,BRFSS,266559,,MMD_BRFSS
16.68098,9.368086,BRFSS,306983,,MMD_BRFSS
15.428736,4.6126494,BRFSS,435576,,MMD_BRFSS
15.957221,1.5665936,BRFSS,110383,,MMD_BRFSS
4.435145,-3.7999885,BRFSS,110465,,MMD_BRFSS
0.58418167,11.211713,BRFSS,33860,,MMD_BRFSS
-0.0640985,9.636268,BRFSS,368141,,MMD_BRFSS
12.878943,9.304826,BRFSS,361728,,MMD_BRFSS
16.678156,11.4069805,BRFSS,48032,,MMD_BRFSS
4.890302,1.599284,BRFSS,90468,,MMD_BRFSS
15.105595,7.1551933,BRFSS,59433,,MMD_BRFSS
2.6216214,5.4191537,BRFSS,380329,,MMD_BRFSS
2.565742,8.272927,BRFSS,149084,,MMD_BRFSS
2.6189356,8.170797,BRFSS,289733,,MMD_BRFSS
1.9086065,0.29682055,BRFSS,103527,,MMD_BRFSS
12.217247,9.100827,BRFSS,291634,,MMD_BRFSS
-3.9572742,-5.4178305,NHANES,2387,Non-Hispanic Black,MMD_BRFSS
-6.4847946,15.230278,BRFSS,450039,,MMD_BRFSS
1.5979759,8.598614,BRFSS,316450,,MMD_BRFSS
-0.48902842,2.372778,BRFSS,204537,,MMD_BRFSS
4.588136,3.3940763,BRFSS,366563,,MMD_BRFSS
3.7708485,0.71825475,NHANES,8778,Non-Hispanic White,MMD_BRFSS
-13.036274,13.8786335,BRFSS,418171,,MMD_BRFSS
13.048691,2.3540282,BRFSS,92726,,MMD_BRFSS
5.463962,-0.5844128,BRFSS,445715,,MMD_BRFSS
16.39275,11.900536,BRFSS,104678,,MMD_BRFSS
9.393636,4.5785365,BRFSS,308928,,MMD_BRFSS
13.935678,4.6895733,BRFSS,290135,,MMD_BRFSS
3.8847544,-3.5312583,NHANES,8449,Non-Hispanic Asian,MMD_BRFSS
13.374655,0.6201174,BRFSS,143609,,MMD_BRFSS
2.9722,-1.9075288,BRFSS,362154,,MMD_BRFSS
16.589401,2.0874863,BRFSS,129906,,MMD_BRFSS
-13.383498,14.187177,BRFSS,34017,,MMD_BRFSS
18.918917,10.461835,BRFSS,121944,,MMD_BRFSS
15.216912,8.588463,BRFSS,173509,,MMD_BRFSS
0.78839016,9.6635475,BRFSS,382985,,MMD_BRFSS
10.907157,0.5216467,BRFSS,293441,,MMD_BRFSS
9.341577,4.8003674,BRFSS,72149,,MMD_BRFSS
5.5929036,0.03908651,BRFSS,448395,,MMD_BRFSS
-11.86379,-0.6619509,BRFSS,68787,,MMD_BRFSS
1.4386071,5.099132,BRFSS,42180,,MMD_BRFSS
12.571481,6.260843,BRFSS,29479,,MMD_BRFSS
13.115759,18.61425,BRFSS,50730,,MMD_BRFSS
11.705513,6.2032437,BRFSS,276434,,MMD_BRFSS
4.123033,4.3012476,BRFSS,16325,,MMD_BRFSS
3.1439493,3.6898258,BRFSS,220418,,MMD_BRFSS
-10.151081,13.737019,BRFSS,269379,,MMD_BRFSS
-12.28203,13.302981,BRFSS,273164,,MMD_BRFSS
15.646838,4.5515294,BRFSS,368959,,MMD_BRFSS
0.19112152,4.7015285,BRFSS,142598,,MMD_BRFSS
4.0140796,4.3717995,BRFSS,75618,,MMD_BRFSS
19.524326,10.45296,BRFSS,181284,,MMD_BRFSS
4.4713936,-0.07276866,BRFSS,59158,,MMD_BRFSS
19.42932,10.426456,BRFSS,323530,,MMD_BRFSS
10.545856,7.394011,BRFSS,233584,,MMD_BRFSS
10.649769,7.206835,BRFSS,267052,,MMD_BRFSS
4.4261165,-3.810109,BRFSS,110165,,MMD_BRFSS
12.932279,17.958973,BRFSS,428459,,MMD_BRFSS
-6.4347754,15.195468,BRFSS,75591,,MMD_BRFSS
1.1153826,10.201412,BRFSS,300451,,MMD_BRFSS
16.630905,9.310069,BRFSS,340385,,MMD_BRFSS
-12.300001,13.3145,BRFSS,198964,,MMD_BRFSS
5.0126505,-4.8302755,BRFSS,221069,,MMD_BRFSS
3.3751876,-2.611514,BRFSS,394153,,MMD_BRFSS
3.7352386,-3.2829244,BRFSS,257213,,MMD_BRFSS
12.155681,1.0681485,BRFSS,77095,,MMD_BRFSS
11.1400795,6.660955,BRFSS,394518,,MMD_BRFSS
12.277185,0.46049497,BRFSS,383914,,MMD_BRFSS
18.952875,14.944949,BRFSS,125829,,MMD_BRFSS
2.5098863,5.4825897,BRFSS,274916,,MMD_BRFSS
15.159698,2.976785,BRFSS,120207,,MMD_BRFSS
4.900451,3.5469446,BRFSS,154211,,MMD_BRFSS
5.139042,1.8678741,BRFSS,181202,,MMD_BRFSS
7.5644107,1.9232732,BRFSS,205887,,MMD_BRFSS
14.878884,3.103273,BRFSS,166229,,MMD_BRFSS
6.866205,1.8805803,BRFSS,424236,,MMD_BRFSS
0.46124977,10.653554,BRFSS,337738,,MMD_BRFSS
15.448537,5.6722374,BRFSS,352793,,MMD_BRFSS
2.5484037,-1.3221909,BRFSS,238357,,MMD_BRFSS
2.256984,1.5340006,BRFSS,166794,,MMD_BRFSS
18.523468,13.74254,BRFSS,359220,,MMD_BRFSS
1.7077755,0.60708326,BRFSS,195187,,MMD_BRFSS
3.4079032,-0.21033198,BRFSS,252119,,MMD_BRFSS
3.1328206,-1.8589623,BRFSS,23643,,MMD_BRFSS
0.9595404,8.027519,BRFSS,111385,,MMD_BRFSS
4.2470365,4.3712955,BRFSS,382824,,MMD_BRFSS
11.207036,4.665483,BRFSS,209347,,MMD_BRFSS
13.226278,1.1364465,BRFSS,95386,,MMD_BRFSS
15.449903,5.679797,BRFSS,350041,,MMD_BRFSS
4.9606314,3.2106998,BRFSS,366923,,MMD_BRFSS
-13.217289,14.046118,BRFSS,258638,,MMD_BRFSS
0.091548316,3.4495807,BRFSS,60274,,MMD_BRFSS
-13.228608,14.0521345,BRFSS,371462,,MMD_BRFSS
