umap_x,umap_y,domain,sample_idx,protected,method
17.342436,-9.793432,BRFSS,159081,,DANN_BRFSS
-2.069777,1.0067383,BRFSS,86837,,DANN_BRFSS
1.9913771,12.630004,BRFSS,238844,,DANN_BRFSS
15.575538,2.1235251,BRFSS,25914,,DANN_BRFSS
8.875688,9.276328,BRFSS,209196,,DANN_BRFSS
11.137145,-2.5845518,BRFSS,385267,,DANN_BRFSS
-3.4170365,1.7236637,BRFSS,99794,,DANN_BRFSS
9.7126875,8.113899,BRFSS,200753,,DANN_BRFSS
11.898757,4.954308,BRFSS,256779,,DANN_BRFSS
8.658016,-0.847095,BRFSS,332914,,DANN_BRFSS
10.166679,13.715543,BRFSS,57255,,DANN_BRFSS
-2.588882,4.740423,BRFSS,34169,,DANN_BRFSS
10.100179,13.481527,BRFSS,110046,,DANN_BRFSS
-0.4936839,14.456385,BRFSS,227788,,DANN_BRFSS
7.596079,14.782785,BRFSS,68836,,DANN_BRFSS
-4.409883,3.673953,BRFSS,34197,,DANN_BRFSS
2.034563,10.579838,BRFSS,20963,,DANN_BRFSS
-2.32389,7.073471,BRFSS,54207,,DANN_BRFSS
-2.6296945,9.822798,BRFSS,440287,,DANN_BRFSS
-2.1843526,5.7828584,NHANES,4735,Non-Hispanic White,DANN_BRFSS
-2.1193185,1.4610385,BRFSS,382607,,DANN_BRFSS
9.701346,15.987574,BRFSS,268897,,DANN_BRFSS
7.3181396,-2.9729936,BRFSS,316928,,DANN_BRFSS
7.4881506,16.757298,BRFSS,419040,,DANN_BRFSS
3.4732947,15.145832,BRFSS,182568,,DANN_BRFSS
14.93976,2.6486983,BRFSS,109003,,DANN_BRFSS
9.005205,9.59284,BRFSS,190147,,DANN_BRFSS
10.723961,3.335043,BRFSS,228470,,DANN_BRFSS
-0.94767004,3.9322836,BRFSS,100492,,DANN_BRFSS
10.610616,3.3317053,BRFSS,370645,,DANN_BRFSS
7.8244967,6.265394,BRFSS,71425,,DANN_BRFSS
7.732619,5.998573,BRFSS,365119,,DANN_BRFSS
1.7448691,11.0933485,BRFSS,41492,,DANN_BRFSS
1.866085,12.122583,BRFSS,130508,,DANN_BRFSS
9.387389,4.1354117,BRFSS,14701,,DANN_BRFSS
-2.3592463,11.265042,BRFSS,83628,,DANN_BRFSS
10.978543,8.636607,BRFSS,415549,,DANN_BRFSS
14.483632,-9.621362,BRFSS,184950,,DANN_BRFSS
7.93934,15.542079,BRFSS,425532,,DANN_BRFSS
-0.8293117,-2.1513703,NHANES,6140,Non-Hispanic Asian,DANN_BRFSS
21.561163,-6.5110717,BRFSS,339666,,DANN_BRFSS
11.644642,8.63788,BRFSS,224051,,DANN_BRFSS
7.8451543,13.782328,BRFSS,138821,,DANN_BRFSS
7.8419466,10.260386,BRFSS,277544,,DANN_BRFSS
2.4803703,15.283531,BRFSS,72324,,DANN_BRFSS
-3.707846,5.1346245,BRFSS,425529,,DANN_BRFSS
7.6739764,10.378871,BRFSS,34141,,DANN_BRFSS
12.719358,3.5815094,BRFSS,85510,,DANN_BRFSS
10.329927,-2.3956168,BRFSS,263362,,DANN_BRFSS
0.05650616,12.57013,BRFSS,317900,,DANN_BRFSS
1.2787763,11.98255,BRFSS,303955,,DANN_BRFSS
15.533338,2.4208539,BRFSS,190693,,DANN_BRFSS
-4.3341403,-8.483819,PIMA,707,Pima Indian,DANN_BRFSS
26.737501,-1.8654351,BRFSS,157513,,DANN_BRFSS
-3.2299683,5.92483,BRFSS,198456,,DANN_BRFSS
5.535012,10.895773,BRFSS,27561,,DANN_BRFSS
10.703217,3.8250456,BRFSS,374544,,DANN_BRFSS
-2.7094202,1.9824197,BRFSS,105335,,DANN_BRFSS
5.1396637,17.090097,BRFSS,287395,,DANN_BRFSS
9.216635,8.776938,BRFSS,19373,,DANN_BRFSS
-2.2112477,5.4023542,BRFSS,329663,,DANN_BRFSS
18.031109,-7.79575,BRFSS,142583,,DANN_BRFSS
-0.62864256,13.220402,BRFSS,117584,,DANN_BRFSS
22.062922,-5.6816754,BRFSS,131698,,DANN_BRFSS
7.284154,13.840532,BRFSS,110553,,DANN_BRFSS
-3.3734074,7.625508,BRFSS,369109,,DANN_BRFSS
-2.9277604,7.281486,BRFSS,259673,,DANN_BRFSS
7.7730827,6.1065793,BRFSS,133582,,DANN_BRFSS
4.428623,12.123424,BRFSS,254862,,DANN_BRFSS
8.984538,8.978928,BRFSS,263188,,DANN_BRFSS
9.715256,8.067476,BRFSS,333502,,DANN_BRFSS
3.5147934,15.645154,BRFSS,284296,,DANN_BRFSS
5.384494,11.317538,BRFSS,120573,,DANN_BRFSS
26.738487,-1.8662406,BRFSS,439294,,DANN_BRFSS
5.684735,13.449354,BRFSS,240836,,DANN_BRFSS
9.064173,8.9923935,BRFSS,247407,,DANN_BRFSS
9.789593,4.2952857,BRFSS,32845,,DANN_BRFSS
-0.55376786,-1.6019894,BRFSS,199261,,DANN_BRFSS
4.393059,16.778412,BRFSS,442372,,DANN_BRFSS
21.981266,-5.802062,BRFSS,313694,,DANN_BRFSS
-1.86173,4.470731,BRFSS,388888,,DANN_BRFSS
9.707721,17.405066,BRFSS,222937,,DANN_BRFSS
4.675647,15.630305,BRFSS,204603,,DANN_BRFSS
13.227907,4.4740696,BRFSS,392258,,DANN_BRFSS
1.2251209,12.104937,BRFSS,77229,,DANN_BRFSS
20.043713,-7.6074677,BRFSS,131522,,DANN_BRFSS
9.175558,6.4078474,BRFSS,89505,,DANN_BRFSS
-2.4269307,4.1241794,BRFSS,232829,,DANN_BRFSS
-1.537697,5.82263,BRFSS,263051,,DANN_BRFSS
9.3571615,16.406942,BRFSS,398277,,DANN_BRFSS
8.444584,5.624635,BRFSS,355743,,DANN_BRFSS
-1.1156526,0.010583534,BRFSS,105347,,DANN_BRFSS
7.1213603,15.7410555,BRFSS,236437,,DANN_BRFSS
7.857387,6.323828,BRFSS,66781,,DANN_BRFSS
7.140977,10.695906,BRFSS,84312,,DANN_BRFSS
-0.3831053,-1.2399006,BRFSS,316389,,DANN_BRFSS
12.665207,4.4521723,BRFSS,351141,,DANN_BRFSS
10.87589,12.521815,BRFSS,176658,,DANN_BRFSS
10.036618,13.3282385,BRFSS,235406,,DANN_BRFSS
11.471917,10.755149,BRFSS,441334,,DANN_BRFSS
5.606241,13.73399,BRFSS,221505,,DANN_BRFSS
-1.8212507,0.2507706,BRFSS,235794,,DANN_BRFSS
-2.2374377,2.7705624,BRFSS,189867,,DANN_BRFSS
12.516209,3.1900165,BRFSS,152463,,DANN_BRFSS
8.965882,12.150317,BRFSS,152393,,DANN_BRFSS
9.940676,5.811321,BRFSS,288273,,DANN_BRFSS
2.9020889,12.891283,BRFSS,379228,,DANN_BRFSS
2.8446689,15.945441,BRFSS,153077,,DANN_BRFSS
-2.7928517,6.559299,BRFSS,27668,,DANN_BRFSS
9.86933,7.804926,BRFSS,303359,,DANN_BRFSS
-2.085778,8.207444,BRFSS,56240,,DANN_BRFSS
-4.3246613,3.6367502,BRFSS,170428,,DANN_BRFSS
2.0939565,10.448652,BRFSS,348686,,DANN_BRFSS
0.36302388,13.783388,BRFSS,144252,,DANN_BRFSS
6.829266,14.118656,BRFSS,187741,,DANN_BRFSS
-3.4292383,5.6981673,BRFSS,207695,,DANN_BRFSS
-3.5193956,5.704991,BRFSS,340847,,DANN_BRFSS
10.442337,-2.4187925,BRFSS,311591,,DANN_BRFSS
-1.776074,1.7516438,BRFSS,201667,,DANN_BRFSS
10.844654,2.4283702,BRFSS,407622,,DANN_BRFSS
-1.6709553,-0.6388169,BRFSS,97505,,DANN_BRFSS
5.492918,14.222553,BRFSS,233691,,DANN_BRFSS
3.0638263,10.030584,BRFSS,155176,,DANN_BRFSS
12.04629,-2.6356254,BRFSS,56740,,DANN_BRFSS
-0.97273576,-1.3503137,BRFSS,307488,,DANN_BRFSS
7.0785375,14.655621,BRFSS,315154,,DANN_BRFSS
8.195384,6.141938,BRFSS,370056,,DANN_BRFSS
-4.2429967,-8.5752535,PIMA,714,Pima Indian,DANN_BRFSS
9.243132,7.345909,BRFSS,128165,,DANN_BRFSS
16.932346,-10.190295,BRFSS,271238,,DANN_BRFSS
-0.8497193,-2.161358,BRFSS,190045,,DANN_BRFSS
-0.8178586,9.670442,BRFSS,357057,,DANN_BRFSS
11.859577,8.673432,BRFSS,342297,,DANN_BRFSS
3.4809163,15.193022,BRFSS,279181,,DANN_BRFSS
11.915998,4.5572896,BRFSS,146098,,DANN_BRFSS
-1.3784537,-0.015129761,BRFSS,19621,,DANN_BRFSS
-3.8843365,2.819962,BRFSS,48166,,DANN_BRFSS
-2.4792566,4.699395,BRFSS,134367,,DANN_BRFSS
-4.429877,3.7102585,BRFSS,145501,,DANN_BRFSS
7.2388244,16.456974,BRFSS,129381,,DANN_BRFSS
4.982781,16.473877,BRFSS,252934,,DANN_BRFSS
-1.5745081,0.2090893,BRFSS,419206,,DANN_BRFSS
4.905714,17.069227,BRFSS,437385,,DANN_BRFSS
10.628032,3.3189383,BRFSS,178643,,DANN_BRFSS
11.710472,5.2667017,BRFSS,337810,,DANN_BRFSS
8.895653,-0.31768468,BRFSS,23936,,DANN_BRFSS
12.517019,3.2388442,BRFSS,175797,,DANN_BRFSS
3.5360498,15.787133,BRFSS,36509,,DANN_BRFSS
9.582555,3.5884333,BRFSS,414946,,DANN_BRFSS
4.3056126,13.662276,BRFSS,417887,,DANN_BRFSS
10.587529,10.7166815,BRFSS,83799,,DANN_BRFSS
15.155274,1.1484758,BRFSS,305412,,DANN_BRFSS
17.213692,-9.992228,BRFSS,186086,,DANN_BRFSS
19.749874,-7.5688896,BRFSS,294266,,DANN_BRFSS
12.056692,-2.6378307,BRFSS,25982,,DANN_BRFSS
17.86425,-8.032856,BRFSS,271369,,DANN_BRFSS
-2.2391953,8.79647,BRFSS,41629,,DANN_BRFSS
-1.3141426,6.069143,BRFSS,214634,,DANN_BRFSS
13.92448,3.8093143,BRFSS,136579,,DANN_BRFSS
12.28932,3.9227731,BRFSS,23691,,DANN_BRFSS
15.603999,2.214497,BRFSS,116365,,DANN_BRFSS
4.001661,15.026394,BRFSS,90804,,DANN_BRFSS
3.3663168,11.745573,BRFSS,187279,,DANN_BRFSS
-0.9977627,4.159439,BRFSS,166185,,DANN_BRFSS
18.248411,-7.581176,BRFSS,134917,,DANN_BRFSS
8.688812,11.974624,BRFSS,284477,,DANN_BRFSS
-0.78421926,14.385119,BRFSS,143233,,DANN_BRFSS
4.1127696,15.454433,BRFSS,47339,,DANN_BRFSS
-0.73596674,-1.9649712,BRFSS,103242,,DANN_BRFSS
-4.0045986,3.4912255,BRFSS,150062,,DANN_BRFSS
3.5322,16.568527,BRFSS,366450,,DANN_BRFSS
21.656162,-6.3271513,BRFSS,301714,,DANN_BRFSS
-1.0676976,0.0818486,BRFSS,253604,,DANN_BRFSS
2.7931302,13.21373,BRFSS,414624,,DANN_BRFSS
19.959122,-7.611841,BRFSS,237446,,DANN_BRFSS
-4.0644255,3.0017884,BRFSS,45119,,DANN_BRFSS
-1.0402597,1.7679998,BRFSS,71603,,DANN_BRFSS
16.924026,-10.1953125,BRFSS,88332,,DANN_BRFSS
9.1958275,6.404856,BRFSS,31130,,DANN_BRFSS
4.1624594,15.687387,BRFSS,72140,,DANN_BRFSS
8.827449,9.011569,BRFSS,194548,,DANN_BRFSS
7.461261,16.772974,BRFSS,197109,,DANN_BRFSS
-3.511886,5.663112,BRFSS,209893,,DANN_BRFSS
-3.3921287,8.027796,BRFSS,263520,,DANN_BRFSS
10.783717,3.8693075,BRFSS,136425,,DANN_BRFSS
-1.9220525,-0.17659962,BRFSS,39328,,DANN_BRFSS
1.8619444,11.007436,BRFSS,43509,,DANN_BRFSS
9.6608925,6.871044,BRFSS,102546,,DANN_BRFSS
9.427352,3.830617,BRFSS,345083,,DANN_BRFSS
-3.4490683,1.6896185,BRFSS,314717,,DANN_BRFSS
-0.48588797,1.8920759,BRFSS,422014,,DANN_BRFSS
-3.28198,8.273319,BRFSS,166100,,DANN_BRFSS
21.744993,-6.1658235,BRFSS,197826,,DANN_BRFSS
10.797799,3.8692603,BRFSS,115927,,DANN_BRFSS
14.737308,-9.822762,BRFSS,224787,,DANN_BRFSS
10.166171,13.7228775,BRFSS,389176,,DANN_BRFSS
-2.4803073,2.0505166,BRFSS,190486,,DANN_BRFSS
-0.7036828,14.418452,BRFSS,169646,,DANN_BRFSS
15.330956,-9.947198,BRFSS,137781,,DANN_BRFSS
12.819774,4.437495,BRFSS,278245,,DANN_BRFSS
6.976041,14.339088,BRFSS,366675,,DANN_BRFSS
-1.42965,-1.2756748,BRFSS,197118,,DANN_BRFSS
-0.28181952,12.31305,BRFSS,79282,,DANN_BRFSS
3.3055453,10.600427,BRFSS,354847,,DANN_BRFSS
9.959683,4.35722,BRFSS,92814,,DANN_BRFSS
-0.90743524,0.22628504,BRFSS,46107,,DANN_BRFSS
-1.1857066,-0.056712665,BRFSS,342395,,DANN_BRFSS
8.035167,12.116474,BRFSS,404697,,DANN_BRFSS
-0.4490763,-1.2725108,BRFSS,422256,,DANN_BRFSS
3.5440774,16.585197,BRFSS,211685,,DANN_BRFSS
10.805535,3.868963,BRFSS,327401,,DANN_BRFSS
9.172581,7.315103,BRFSS,288454,,DANN_BRFSS
-4.149914,5.9845395,BRFSS,341867,,DANN_BRFSS
-2.3612568,3.8839922,BRFSS,26547,,DANN_BRFSS
20.961105,-7.5561047,BRFSS,48492,,DANN_BRFSS
26.753506,-1.8856794,BRFSS,126448,,DANN_BRFSS
-2.1765833,10.426707,BRFSS,301556,,DANN_BRFSS
12.516141,3.2175872,BRFSS,264131,,DANN_BRFSS
15.610063,2.3149054,BRFSS,92302,,DANN_BRFSS
17.27722,-9.906155,BRFSS,389929,,DANN_BRFSS
-0.666697,9.915323,BRFSS,291482,,DANN_BRFSS
4.943578,10.796822,BRFSS,300041,,DANN_BRFSS
10.303193,10.659649,BRFSS,226446,,DANN_BRFSS
2.032894,10.388561,BRFSS,249267,,DANN_BRFSS
-0.58960813,-0.75376993,BRFSS,338684,,DANN_BRFSS
8.909653,8.990343,BRFSS,72066,,DANN_BRFSS
0.9777148,11.750808,BRFSS,326794,,DANN_BRFSS
10.237945,12.034619,BRFSS,27766,,DANN_BRFSS
9.89053,7.7819896,BRFSS,281666,,DANN_BRFSS
18.412731,-7.4763374,BRFSS,190542,,DANN_BRFSS
-2.9203577,4.2244267,BRFSS,138535,,DANN_BRFSS
2.6813383,10.160383,BRFSS,416875,,DANN_BRFSS
-0.7679967,-2.1079116,BRFSS,110796,,DANN_BRFSS
17.530909,-9.122562,BRFSS,220722,,DANN_BRFSS
4.683208,15.541714,BRFSS,78559,,DANN_BRFSS
-1.4253328,-1.3067592,BRFSS,249462,,DANN_BRFSS
5.444813,17.049023,BRFSS,49843,,DANN_BRFSS
13.389398,4.4736767,BRFSS,243294,,DANN_BRFSS
-0.48312315,1.8380007,BRFSS,60036,,DANN_BRFSS
7.1756253,15.373483,BRFSS,335676,,DANN_BRFSS
20.88935,-7.652604,BRFSS,47686,,DANN_BRFSS
13.9678,3.7614944,BRFSS,402216,,DANN_BRFSS
9.977487,5.8300786,BRFSS,188998,,DANN_BRFSS
4.278102,15.982404,BRFSS,348933,,DANN_BRFSS
-0.7645471,14.418893,BRFSS,346526,,DANN_BRFSS
19.430231,-7.5368037,BRFSS,52293,,DANN_BRFSS
11.595685,10.608092,BRFSS,271335,,DANN_BRFSS
4.0516276,14.938212,BRFSS,355765,,DANN_BRFSS
12.850558,4.454902,BRFSS,118780,,DANN_BRFSS
-0.43213996,1.1364205,BRFSS,38657,,DANN_BRFSS
2.5684414,10.491406,BRFSS,116168,,DANN_BRFSS
-2.411408,10.788729,BRFSS,364492,,DANN_BRFSS
8.409424,5.548853,BRFSS,289517,,DANN_BRFSS
-0.966792,4.229588,BRFSS,117109,,DANN_BRFSS
10.142575,5.9909916,BRFSS,275195,,DANN_BRFSS
0.73274124,15.264336,BRFSS,293959,,DANN_BRFSS
-2.4367797,0.20347776,BRFSS,147073,,DANN_BRFSS
8.641194,15.872632,BRFSS,167858,,DANN_BRFSS
8.637394,9.790874,BRFSS,420714,,DANN_BRFSS
10.341709,6.0476627,BRFSS,401891,,DANN_BRFSS
-1.6922481,10.615341,BRFSS,183160,,DANN_BRFSS
20.263391,-7.6355743,BRFSS,18040,,DANN_BRFSS
-2.9146411,4.2257285,BRFSS,272306,,DANN_BRFSS
-2.3401866,6.1512356,BRFSS,224570,,DANN_BRFSS
11.034955,8.643662,BRFSS,157631,,DANN_BRFSS
9.174768,4.8922215,BRFSS,446045,,DANN_BRFSS
10.035411,13.328597,BRFSS,187846,,DANN_BRFSS
8.384002,14.815073,BRFSS,419377,,DANN_BRFSS
-0.95747966,4.4428067,BRFSS,246943,,DANN_BRFSS
12.725357,4.0289164,BRFSS,113202,,DANN_BRFSS
-0.9419662,4.210396,BRFSS,408494,,DANN_BRFSS
15.299984,-9.940772,BRFSS,42832,,DANN_BRFSS
-3.0630722,4.245511,BRFSS,97704,,DANN_BRFSS
5.637891,16.552904,BRFSS,266220,,DANN_BRFSS
-0.68626845,14.416659,BRFSS,184098,,DANN_BRFSS
7.832267,13.758965,BRFSS,233577,,DANN_BRFSS
9.70728,12.692824,BRFSS,97492,,DANN_BRFSS
8.289881,0.5166488,BRFSS,105372,,DANN_BRFSS
-0.72322834,10.666437,BRFSS,183058,,DANN_BRFSS
0.72027737,15.270406,BRFSS,105051,,DANN_BRFSS
-4.068073,3.9738436,BRFSS,15632,,DANN_BRFSS
19.937841,-7.596111,BRFSS,139038,,DANN_BRFSS
-1.3261535,6.8886366,BRFSS,235070,,DANN_BRFSS
7.104117,15.9220295,BRFSS,101415,,DANN_BRFSS
11.015155,10.773114,BRFSS,227689,,DANN_BRFSS
17.797672,-8.128992,BRFSS,192495,,DANN_BRFSS
9.672487,6.878948,BRFSS,202360,,DANN_BRFSS
11.007876,3.460273,BRFSS,352657,,DANN_BRFSS
-1.2802331,-1.8076317,BRFSS,409210,,DANN_BRFSS
18.23453,-7.5938597,BRFSS,136950,,DANN_BRFSS
10.147355,5.9951725,BRFSS,75984,,DANN_BRFSS
-1.9989291,11.990901,BRFSS,95159,,DANN_BRFSS
-0.54428035,14.468875,BRFSS,57126,,DANN_BRFSS
13.912404,3.830243,BRFSS,67811,,DANN_BRFSS
10.718378,2.4224398,BRFSS,247738,,DANN_BRFSS
17.497368,-9.300819,BRFSS,387670,,DANN_BRFSS
17.459595,-9.475989,BRFSS,354302,,DANN_BRFSS
17.793282,-8.132993,BRFSS,316952,,DANN_BRFSS
4.0746245,12.122124,BRFSS,207594,,DANN_BRFSS
17.506083,-9.283769,BRFSS,308288,,DANN_BRFSS
5.47415,17.05771,BRFSS,374254,,DANN_BRFSS
13.892539,3.8745508,BRFSS,84860,,DANN_BRFSS
10.766915,12.440228,BRFSS,394609,,DANN_BRFSS
4.091211,15.278408,BRFSS,389132,,DANN_BRFSS
9.517556,3.9246078,BRFSS,413756,,DANN_BRFSS
20.754927,-7.6670675,BRFSS,266392,,DANN_BRFSS
-1.0672855,3.1693363,BRFSS,100350,,DANN_BRFSS
-3.9273188,4.5249147,BRFSS,368867,,DANN_BRFSS
-0.38271073,-1.1752737,NHANES,2441,Non-Hispanic Black,DANN_BRFSS
-0.5303112,12.457561,BRFSS,291051,,DANN_BRFSS
11.085049,-2.6140366,BRFSS,30536,,DANN_BRFSS
3.9692376,12.421724,BRFSS,291074,,DANN_BRFSS
10.074569,7.2955666,BRFSS,106275,,DANN_BRFSS
-2.2665212,4.3331265,BRFSS,175582,,DANN_BRFSS
17.362583,-9.778561,BRFSS,397490,,DANN_BRFSS
3.4720044,13.035661,BRFSS,125963,,DANN_BRFSS
15.520014,1.9009339,BRFSS,433943,,DANN_BRFSS
5.473063,14.827128,BRFSS,178963,,DANN_BRFSS
20.878384,-7.648924,BRFSS,369540,,DANN_BRFSS
-2.7138598,7.2909126,BRFSS,387484,,DANN_BRFSS
-0.86272806,-2.1150057,BRFSS,142705,,DANN_BRFSS
8.570573,-0.07868533,BRFSS,204861,,DANN_BRFSS
21.840088,-6.020861,BRFSS,30810,,DANN_BRFSS
-1.5797882,6.792962,BRFSS,406521,,DANN_BRFSS
9.796584,5.6799755,BRFSS,285996,,DANN_BRFSS
-1.0970609,12.822983,BRFSS,312192,,DANN_BRFSS
7.8686123,15.344517,BRFSS,223216,,DANN_BRFSS
11.686742,3.481218,BRFSS,352078,,DANN_BRFSS
4.0330014,11.833883,BRFSS,14613,,DANN_BRFSS
-0.46880746,-1.1021682,BRFSS,100019,,DANN_BRFSS
-4.5257874,-8.291977,PIMA,186,Pima Indian,DANN_BRFSS
8.129666,0.82757723,BRFSS,373355,,DANN_BRFSS
7.5153294,10.522501,BRFSS,356245,,DANN_BRFSS
-2.3854666,10.064087,BRFSS,125967,,DANN_BRFSS
-1.153937,-1.9473189,BRFSS,212038,,DANN_BRFSS
15.431497,1.10433,BRFSS,116803,,DANN_BRFSS
-3.1886837,1.4249278,BRFSS,18464,,DANN_BRFSS
-3.388113,6.8533144,BRFSS,335091,,DANN_BRFSS
7.847339,10.260411,BRFSS,427126,,DANN_BRFSS
8.141091,5.5023947,BRFSS,420612,,DANN_BRFSS
17.153997,-10.054479,BRFSS,42380,,DANN_BRFSS
-3.8912435,5.6984076,BRFSS,431877,,DANN_BRFSS
-3.5061507,8.056488,BRFSS,358211,,DANN_BRFSS
18.234516,-7.5900416,BRFSS,182600,,DANN_BRFSS
-2.369682,11.207297,BRFSS,75667,,DANN_BRFSS
7.794965,6.0577884,BRFSS,33085,,DANN_BRFSS
10.76604,12.433647,BRFSS,37119,,DANN_BRFSS
3.658314,11.617848,BRFSS,130872,,DANN_BRFSS
5.1657476,10.887274,BRFSS,176575,,DANN_BRFSS
12.843523,4.4129667,BRFSS,171192,,DANN_BRFSS
10.28824,2.767813,BRFSS,67768,,DANN_BRFSS
-1.5635602,6.789176,BRFSS,158422,,DANN_BRFSS
2.374626,11.668381,BRFSS,379596,,DANN_BRFSS
10.780918,3.0904465,BRFSS,358534,,DANN_BRFSS
4.3944044,14.282512,BRFSS,435718,,DANN_BRFSS
22.068914,-5.6736264,BRFSS,96669,,DANN_BRFSS
2.2647357,11.261019,BRFSS,270082,,DANN_BRFSS
3.1203516,10.079852,BRFSS,254466,,DANN_BRFSS
8.336717,0.4151173,BRFSS,344057,,DANN_BRFSS
11.376902,-2.595404,BRFSS,51166,,DANN_BRFSS
9.571163,3.1494453,BRFSS,254691,,DANN_BRFSS
-1.9951224,11.550769,BRFSS,78773,,DANN_BRFSS
9.393033,16.292385,BRFSS,89747,,DANN_BRFSS
9.21235,17.074152,BRFSS,233376,,DANN_BRFSS
9.6620455,3.2489758,BRFSS,278080,,DANN_BRFSS
-4.506878,3.745456,BRFSS,33431,,DANN_BRFSS
11.703984,5.2705965,BRFSS,333597,,DANN_BRFSS
-1.9959563,9.879898,BRFSS,179002,,DANN_BRFSS
-1.4776856,1.0894464,BRFSS,300083,,DANN_BRFSS
-3.6596112,4.0418205,BRFSS,330325,,DANN_BRFSS
5.6130753,13.127961,BRFSS,97971,,DANN_BRFSS
-3.929847,5.3399057,BRFSS,273973,,DANN_BRFSS
7.788516,6.1000433,BRFSS,279787,,DANN_BRFSS
4.945983,11.682089,BRFSS,298114,,DANN_BRFSS
-1.5611427,9.47447,BRFSS,117871,,DANN_BRFSS
3.4803329,13.069085,BRFSS,284273,,DANN_BRFSS
10.317596,2.7667074,BRFSS,222055,,DANN_BRFSS
-4.3124647,-8.505774,PIMA,765,Pima Indian,DANN_BRFSS
9.78817,15.885079,BRFSS,179077,,DANN_BRFSS
-2.1758697,6.102478,BRFSS,257890,,DANN_BRFSS
18.482168,-7.453773,BRFSS,362590,,DANN_BRFSS
8.14949,0.78129774,BRFSS,337779,,DANN_BRFSS
12.112259,3.367469,BRFSS,134551,,DANN_BRFSS
8.382703,11.265664,BRFSS,401231,,DANN_BRFSS
7.1408987,-3.2890878,BRFSS,309645,,DANN_BRFSS
5.509232,14.956272,BRFSS,159110,,DANN_BRFSS
21.354397,-6.954191,BRFSS,153385,,DANN_BRFSS
-2.2809136,5.9137635,BRFSS,32598,,DANN_BRFSS
1.9689505,10.462827,BRFSS,361066,,DANN_BRFSS
2.0298617,10.345536,BRFSS,353227,,DANN_BRFSS
8.802285,12.049792,BRFSS,163940,,DANN_BRFSS
11.400115,3.7572105,BRFSS,261067,,DANN_BRFSS
-2.382239,1.1496392,BRFSS,45718,,DANN_BRFSS
-0.9848026,4.261655,BRFSS,122564,,DANN_BRFSS
21.339798,-6.972439,BRFSS,137945,,DANN_BRFSS
13.481795,4.475353,BRFSS,277982,,DANN_BRFSS
2.8624585,12.911044,BRFSS,396044,,DANN_BRFSS
-1.0104136,4.3165417,BRFSS,371277,,DANN_BRFSS
18.045738,-7.7799373,BRFSS,338278,,DANN_BRFSS
13.665611,4.3890553,BRFSS,409502,,DANN_BRFSS
5.7922273,12.68221,BRFSS,11008,,DANN_BRFSS
6.821199,14.1131315,BRFSS,110021,,DANN_BRFSS
-0.50378156,14.638207,BRFSS,43492,,DANN_BRFSS
2.2709582,11.032385,BRFSS,122563,,DANN_BRFSS
-4.0245485,4.013473,BRFSS,380448,,DANN_BRFSS
21.781706,-6.090699,BRFSS,445525,,DANN_BRFSS
7.9105153,16.749876,BRFSS,338282,,DANN_BRFSS
9.427841,8.591759,BRFSS,399322,,DANN_BRFSS
7.0636425,13.49615,BRFSS,420155,,DANN_BRFSS
-3.6447031,4.4401164,BRFSS,369225,,DANN_BRFSS
8.578075,16.857582,BRFSS,220737,,DANN_BRFSS
-1.3256918,6.817445,BRFSS,161873,,DANN_BRFSS
7.4525437,10.543536,BRFSS,307416,,DANN_BRFSS
-0.3664886,-1.1349169,BRFSS,170481,,DANN_BRFSS
2.018842,11.151491,BRFSS,177235,,DANN_BRFSS
-2.116171,0.9369935,BRFSS,429604,,DANN_BRFSS
10.752082,3.8626056,BRFSS,306338,,DANN_BRFSS
-0.9650136,0.28083095,BRFSS,388841,,DANN_BRFSS
4.6788974,15.475155,BRFSS,362218,,DANN_BRFSS
-3.7285748,4.018239,NHANES,5912,Mexican American,DANN_BRFSS
6.875788,-3.9225464,BRFSS,373393,,DANN_BRFSS
21.649689,-6.3359437,BRFSS,275354,,DANN_BRFSS
8.253923,6.2398276,BRFSS,423091,,DANN_BRFSS
21.792702,-6.082313,BRFSS,384418,,DANN_BRFSS
0.7122052,15.271339,BRFSS,335315,,DANN_BRFSS
7.1083035,15.842911,BRFSS,22621,,DANN_BRFSS
2.0177279,14.321589,BRFSS,352208,,DANN_BRFSS
7.7528706,6.0091715,BRFSS,332318,,DANN_BRFSS
8.675062,5.862592,BRFSS,171585,,DANN_BRFSS
7.842593,6.267287,BRFSS,181933,,DANN_BRFSS
26.7448,-1.8732619,BRFSS,9915,,DANN_BRFSS
6.9738526,-3.629526,BRFSS,31048,,DANN_BRFSS
-2.3056915,10.573362,BRFSS,425400,,DANN_BRFSS
4.020906,14.977322,BRFSS,155632,,DANN_BRFSS
-0.75106966,12.662889,BRFSS,14572,,DANN_BRFSS
-4.246907,-8.571465,NHANES,4574,Other Hispanic,DANN_BRFSS
-0.8597604,3.8007193,BRFSS,149423,,DANN_BRFSS
-3.0176191,1.076667,BRFSS,295826,,DANN_BRFSS
9.671729,5.562937,BRFSS,29936,,DANN_BRFSS
10.944483,8.650146,BRFSS,316204,,DANN_BRFSS
8.522362,16.797834,BRFSS,272126,,DANN_BRFSS
20.58757,-7.6702375,BRFSS,41212,,DANN_BRFSS
-3.407456,1.7826844,BRFSS,290024,,DANN_BRFSS
3.414382,10.601905,BRFSS,311891,,DANN_BRFSS
22.132452,-5.5829597,BRFSS,369882,,DANN_BRFSS
-3.5409923,5.6831584,BRFSS,331277,,DANN_BRFSS
-1.6956776,-0.848807,BRFSS,298593,,DANN_BRFSS
0.03239273,12.591527,BRFSS,411493,,DANN_BRFSS
9.307647,5.1208587,BRFSS,85974,,DANN_BRFSS
3.5170903,15.634654,BRFSS,215965,,DANN_BRFSS
2.3406782,11.1472,BRFSS,144003,,DANN_BRFSS
10.897221,12.555956,BRFSS,340088,,DANN_BRFSS
14.794272,2.886679,BRFSS,318890,,DANN_BRFSS
3.3236446,11.522071,BRFSS,177749,,DANN_BRFSS
3.4815662,13.032505,BRFSS,343043,,DANN_BRFSS
14.476717,-9.6206665,BRFSS,91774,,DANN_BRFSS
4.9444647,17.088535,BRFSS,349323,,DANN_BRFSS
-1.7844821,0.32823193,BRFSS,38038,,DANN_BRFSS
14.72807,-9.83074,BRFSS,260200,,DANN_BRFSS
18.46528,-7.471204,BRFSS,273704,,DANN_BRFSS
5.721264,15.882055,BRFSS,437070,,DANN_BRFSS
-0.6939017,14.525385,BRFSS,291054,,DANN_BRFSS
2.6550508,15.656818,BRFSS,272249,,DANN_BRFSS
-0.66449964,12.579491,BRFSS,70914,,DANN_BRFSS
9.778171,3.0366073,BRFSS,118952,,DANN_BRFSS
2.5241892,12.608626,BRFSS,171556,,DANN_BRFSS
-1.7585818,8.538734,BRFSS,407696,,DANN_BRFSS
-1.855203,9.733713,BRFSS,222271,,DANN_BRFSS
-2.8649206,0.83206975,BRFSS,393658,,DANN_BRFSS
7.0289235,-3.5049314,BRFSS,110111,,DANN_BRFSS
3.117805,10.026859,BRFSS,202763,,DANN_BRFSS
11.882769,4.9579325,BRFSS,14755,,DANN_BRFSS
3.7001848,12.512002,BRFSS,366477,,DANN_BRFSS
3.1159568,10.027748,BRFSS,141498,,DANN_BRFSS
-1.4476173,0.6704076,BRFSS,409185,,DANN_BRFSS
-3.1825843,1.4391882,BRFSS,401484,,DANN_BRFSS
16.75036,-10.214764,BRFSS,121392,,DANN_BRFSS
-1.8076488,10.712952,BRFSS,23689,,DANN_BRFSS
11.979524,3.2906537,BRFSS,258406,,DANN_BRFSS
-3.4002519,8.158937,BRFSS,192822,,DANN_BRFSS
3.590877,16.58606,BRFSS,197594,,DANN_BRFSS
2.1227953,10.839825,BRFSS,370402,,DANN_BRFSS
10.353777,8.870738,BRFSS,273121,,DANN_BRFSS
2.094938,10.518698,BRFSS,429617,,DANN_BRFSS
4.204455,13.310668,BRFSS,222176,,DANN_BRFSS
-2.1625986,0.050095174,BRFSS,275996,,DANN_BRFSS
11.428042,10.767102,BRFSS,155121,,DANN_BRFSS
-4.1788545,3.5593657,BRFSS,42867,,DANN_BRFSS
21.787125,-6.0851874,BRFSS,411744,,DANN_BRFSS
2.4952343,12.647204,BRFSS,116049,,DANN_BRFSS
4.109245,15.306993,BRFSS,37355,,DANN_BRFSS
-2.8881023,0.46735454,BRFSS,101676,,DANN_BRFSS
-1.0987277,-1.4473745,BRFSS,252668,,DANN_BRFSS
26.739805,-1.8682084,BRFSS,63421,,DANN_BRFSS
10.849319,2.4272032,BRFSS,344708,,DANN_BRFSS
5.6803846,13.496006,BRFSS,412824,,DANN_BRFSS
18.404501,-7.4865093,BRFSS,330845,,DANN_BRFSS
7.4063435,10.5358305,BRFSS,207816,,DANN_BRFSS
10.29962,-2.4195366,BRFSS,298343,,DANN_BRFSS
8.468283,0.16222078,BRFSS,79109,,DANN_BRFSS
4.2270784,13.370764,BRFSS,237333,,DANN_BRFSS
8.512278,11.779475,BRFSS,349521,,DANN_BRFSS
-3.9222872,5.346034,BRFSS,261300,,DANN_BRFSS
0.92805195,11.7731,BRFSS,230580,,DANN_BRFSS
10.533893,4.6500883,BRFSS,412086,,DANN_BRFSS
-3.5084252,7.9358478,BRFSS,63735,,DANN_BRFSS
-1.0988796,2.6357539,BRFSS,75678,,DANN_BRFSS
-3.4148176,8.012353,BRFSS,200536,,DANN_BRFSS
9.3334465,5.7562933,BRFSS,236275,,DANN_BRFSS
-0.9978074,-1.3690466,BRFSS,237503,,DANN_BRFSS
10.181754,13.814022,BRFSS,244967,,DANN_BRFSS
9.782072,4.322531,BRFSS,37231,,DANN_BRFSS
2.0021567,11.950996,BRFSS,367316,,DANN_BRFSS
-2.2783015,7.0478797,BRFSS,391645,,DANN_BRFSS
9.302014,5.0838423,BRFSS,101190,,DANN_BRFSS
5.47196,11.985621,BRFSS,126882,,DANN_BRFSS
-1.8702811,11.394714,BRFSS,92351,,DANN_BRFSS
14.743093,2.9436977,BRFSS,337762,,DANN_BRFSS
7.62136,11.903868,BRFSS,447208,,DANN_BRFSS
22.36237,-5.297306,BRFSS,449223,,DANN_BRFSS
6.9531655,-3.6737869,BRFSS,277522,,DANN_BRFSS
-0.73645085,10.113032,BRFSS,93218,,DANN_BRFSS
4.4815183,14.522274,BRFSS,355633,,DANN_BRFSS
4.649091,10.904364,BRFSS,296435,,DANN_BRFSS
-0.86188924,10.370013,BRFSS,206779,,DANN_BRFSS
1.9789654,10.397236,BRFSS,340572,,DANN_BRFSS
-4.418248,3.5802743,BRFSS,16186,,DANN_BRFSS
22.253157,-5.42073,BRFSS,287751,,DANN_BRFSS
17.213018,-9.9931,BRFSS,80150,,DANN_BRFSS
9.379592,4.1023774,BRFSS,229054,,DANN_BRFSS
-3.7482328,4.5039816,BRFSS,391298,,DANN_BRFSS
3.268495,10.48023,BRFSS,246891,,DANN_BRFSS
-0.66390955,2.8230088,BRFSS,160933,,DANN_BRFSS
6.96048,14.290757,BRFSS,88080,,DANN_BRFSS
-2.1350386,2.8942194,BRFSS,112998,,DANN_BRFSS
8.88839,6.993839,BRFSS,79394,,DANN_BRFSS
9.752165,12.7280035,BRFSS,254739,,DANN_BRFSS
-1.7920564,0.98346037,BRFSS,229771,,DANN_BRFSS
-0.7455526,13.300872,BRFSS,162864,,DANN_BRFSS
-2.2124362,2.8005455,BRFSS,111564,,DANN_BRFSS
8.686081,-0.6911532,BRFSS,149037,,DANN_BRFSS
8.684019,-0.67368567,BRFSS,410316,,DANN_BRFSS
10.510611,2.770899,BRFSS,135600,,DANN_BRFSS
7.135654,15.641206,BRFSS,70459,,DANN_BRFSS
4.5589113,14.723915,BRFSS,449608,,DANN_BRFSS
12.829553,4.216308,BRFSS,195518,,DANN_BRFSS
15.594402,2.333975,BRFSS,186876,,DANN_BRFSS
18.403624,-7.48587,BRFSS,231568,,DANN_BRFSS
10.275748,10.664324,BRFSS,416507,,DANN_BRFSS
9.664653,6.928204,BRFSS,199249,,DANN_BRFSS
1.4238124,12.4955,BRFSS,233158,,DANN_BRFSS
11.9388,4.9319572,BRFSS,303556,,DANN_BRFSS
-2.4105296,4.37969,BRFSS,294408,,DANN_BRFSS
-0.41887537,12.426962,BRFSS,215972,,DANN_BRFSS
8.821441,9.012873,BRFSS,244284,,DANN_BRFSS
-4.4723854,-8.345706,NHANES,2175,Non-Hispanic White,DANN_BRFSS
9.717144,8.083072,BRFSS,181470,,DANN_BRFSS
8.027522,15.924132,BRFSS,274698,,DANN_BRFSS
11.582143,8.625691,BRFSS,36419,,DANN_BRFSS
0.58857447,15.238321,BRFSS,262091,,DANN_BRFSS
-4.3371863,3.9491718,BRFSS,443585,,DANN_BRFSS
7.7618155,5.974431,BRFSS,263777,,DANN_BRFSS
-0.47693518,1.5516462,BRFSS,99908,,DANN_BRFSS
6.007758,11.815946,BRFSS,253661,,DANN_BRFSS
-0.41325554,1.1876311,BRFSS,250035,,DANN_BRFSS
8.437901,5.6096582,BRFSS,412187,,DANN_BRFSS
9.790077,15.883741,BRFSS,440445,,DANN_BRFSS
9.890743,4.342915,BRFSS,262576,,DANN_BRFSS
9.769409,12.740146,BRFSS,196459,,DANN_BRFSS
18.026821,-7.7980475,BRFSS,142694,,DANN_BRFSS
8.513982,16.790346,BRFSS,414734,,DANN_BRFSS
-2.5502894,10.32174,BRFSS,413187,,DANN_BRFSS
18.409117,-7.4813404,BRFSS,154598,,DANN_BRFSS
-1.8800614,5.6010704,BRFSS,435443,,DANN_BRFSS
3.1322978,12.134442,BRFSS,444859,,DANN_BRFSS
-4.1867595,5.9342723,BRFSS,382646,,DANN_BRFSS
9.01159,5.502951,BRFSS,380907,,DANN_BRFSS
7.1775694,15.3309,BRFSS,279998,,DANN_BRFSS
0.122316696,13.356013,BRFSS,292168,,DANN_BRFSS
6.961521,11.46289,BRFSS,122272,,DANN_BRFSS
4.468918,16.486559,BRFSS,51916,,DANN_BRFSS
4.231736,13.327399,BRFSS,159243,,DANN_BRFSS
-3.406724,8.037463,BRFSS,141975,,DANN_BRFSS
-3.0673237,7.352357,BRFSS,235168,,DANN_BRFSS
0.343492,15.104283,BRFSS,41086,,DANN_BRFSS
-1.1167319,2.6774402,BRFSS,180619,,DANN_BRFSS
3.8599877,12.676718,BRFSS,448562,,DANN_BRFSS
9.049296,16.683043,BRFSS,184800,,DANN_BRFSS
-1.0566405,-1.4034199,BRFSS,88364,,DANN_BRFSS
-2.6954966,6.485168,BRFSS,63001,,DANN_BRFSS
10.096169,15.387655,BRFSS,9868,,DANN_BRFSS
-1.6143209,10.523926,BRFSS,193507,,DANN_BRFSS
-1.8104329,1.6919893,BRFSS,212152,,DANN_BRFSS
2.615898,11.923957,BRFSS,64705,,DANN_BRFSS
12.5168705,3.1848524,BRFSS,164648,,DANN_BRFSS
1.4591186,11.913097,BRFSS,221617,,DANN_BRFSS
4.5788765,16.631533,BRFSS,412271,,DANN_BRFSS
14.8933,2.7706301,BRFSS,114716,,DANN_BRFSS
6.5814004,11.736799,BRFSS,39676,,DANN_BRFSS
11.260744,3.622024,BRFSS,40853,,DANN_BRFSS
8.718728,12.001677,BRFSS,23525,,DANN_BRFSS
4.886363,16.318552,BRFSS,175299,,DANN_BRFSS
11.052063,3.4861434,BRFSS,225128,,DANN_BRFSS
0.41904104,11.899244,BRFSS,187081,,DANN_BRFSS
1.819033,11.035643,BRFSS,238838,,DANN_BRFSS
8.549679,16.569548,BRFSS,220904,,DANN_BRFSS
-2.6420155,1.0028517,BRFSS,407347,,DANN_BRFSS
-1.6928047,6.914723,BRFSS,201046,,DANN_BRFSS
-0.8073857,9.701038,BRFSS,129639,,DANN_BRFSS
10.177395,10.610572,BRFSS,74072,,DANN_BRFSS
11.116223,-2.5880876,BRFSS,176351,,DANN_BRFSS
4.590937,10.800298,BRFSS,342709,,DANN_BRFSS
0.73433715,13.641325,BRFSS,223735,,DANN_BRFSS
21.363005,-6.9347496,BRFSS,148255,,DANN_BRFSS
2.2309968,14.226795,BRFSS,400678,,DANN_BRFSS
-1.5984404,-0.48291054,BRFSS,99756,,DANN_BRFSS
2.6437123,11.081503,BRFSS,34188,,DANN_BRFSS
-3.199576,2.0043917,BRFSS,308393,,DANN_BRFSS
14.479083,-9.614282,BRFSS,230494,,DANN_BRFSS
-0.54163575,14.613174,BRFSS,384964,,DANN_BRFSS
17.791395,-8.134952,BRFSS,296095,,DANN_BRFSS
-0.46971577,0.9886934,BRFSS,259196,,DANN_BRFSS
-0.28033,14.783863,BRFSS,343064,,DANN_BRFSS
7.8704886,6.4103827,BRFSS,167638,,DANN_BRFSS
8.880785,9.007484,BRFSS,74950,,DANN_BRFSS
20.757643,-7.67008,BRFSS,102760,,DANN_BRFSS
0.073561445,12.586208,BRFSS,217310,,DANN_BRFSS
1.9532236,10.4871645,BRFSS,340390,,DANN_BRFSS
2.7966864,11.695294,BRFSS,435779,,DANN_BRFSS
-1.3393624,-1.2226923,BRFSS,282073,,DANN_BRFSS
5.466511,14.804586,BRFSS,119690,,DANN_BRFSS
16.630533,-10.210732,BRFSS,379923,,DANN_BRFSS
9.762579,3.035495,BRFSS,370534,,DANN_BRFSS
9.404751,17.255339,BRFSS,103289,,DANN_BRFSS
17.28467,-9.8983,BRFSS,249812,,DANN_BRFSS
-3.3025162,8.257668,BRFSS,30706,,DANN_BRFSS
-3.0817688,4.2321863,BRFSS,123103,,DANN_BRFSS
8.851265,16.985987,BRFSS,120261,,DANN_BRFSS
8.333637,0.4174288,BRFSS,397145,,DANN_BRFSS
-1.2946447,7.1777215,BRFSS,41309,,DANN_BRFSS
11.934452,4.07968,BRFSS,334037,,DANN_BRFSS
11.017333,8.655008,BRFSS,80605,,DANN_BRFSS
9.154169,6.37866,BRFSS,298205,,DANN_BRFSS
5.649764,13.187063,BRFSS,197176,,DANN_BRFSS
18.314415,-7.5341067,BRFSS,197275,,DANN_BRFSS
-0.64241415,0.77887607,BRFSS,16600,,DANN_BRFSS
-0.889896,14.057953,BRFSS,39511,,DANN_BRFSS
2.8838174,16.010664,BRFSS,62082,,DANN_BRFSS
5.6311855,11.510073,BRFSS,50713,,DANN_BRFSS
-2.1607995,10.459363,BRFSS,263773,,DANN_BRFSS
-2.5253518,6.0558496,BRFSS,374475,,DANN_BRFSS
1.0382099,13.469725,BRFSS,322893,,DANN_BRFSS
9.791733,7.385426,BRFSS,308900,,DANN_BRFSS
-2.2270534,4.61848,BRFSS,382413,,DANN_BRFSS
-2.59222,0.026427228,BRFSS,324302,,DANN_BRFSS
9.291094,10.281823,BRFSS,239192,,DANN_BRFSS
-2.1701202,4.38362,BRFSS,55722,,DANN_BRFSS
2.1240308,10.850139,BRFSS,150818,,DANN_BRFSS
5.491001,14.257457,BRFSS,262675,,DANN_BRFSS
-3.3836708,7.63798,BRFSS,319113,,DANN_BRFSS
-1.2624515,7.193536,BRFSS,148980,,DANN_BRFSS
10.35584,-2.3709245,BRFSS,164110,,DANN_BRFSS
6.415067,11.71582,BRFSS,74882,,DANN_BRFSS
9.382352,-0.561537,BRFSS,47710,,DANN_BRFSS
7.8677435,6.405091,BRFSS,410292,,DANN_BRFSS
9.386824,16.32288,BRFSS,207062,,DANN_BRFSS
3.9420466,13.131276,BRFSS,258512,,DANN_BRFSS
10.223106,6.0411143,BRFSS,243606,,DANN_BRFSS
19.742533,-7.562847,BRFSS,376096,,DANN_BRFSS
21.358496,-6.9483113,BRFSS,29221,,DANN_BRFSS
-3.1777635,6.6496897,BRFSS,37495,,DANN_BRFSS
-2.5202067,6.0304737,BRFSS,387193,,DANN_BRFSS
-2.01813,1.6932915,BRFSS,274276,,DANN_BRFSS
7.835306,12.032473,BRFSS,223297,,DANN_BRFSS
-1.0907166,-1.5172303,BRFSS,229226,,DANN_BRFSS
26.73801,-1.8662037,BRFSS,90434,,DANN_BRFSS
-2.5039825,7.2322574,BRFSS,79415,,DANN_BRFSS
-1.6164725,6.58982,BRFSS,110097,,DANN_BRFSS
-0.88822544,0.25357696,BRFSS,155089,,DANN_BRFSS
8.065945,0.9529177,BRFSS,273020,,DANN_BRFSS
9.480063,8.519585,BRFSS,72817,,DANN_BRFSS
-3.3867843,6.853051,BRFSS,113011,,DANN_BRFSS
7.5670466,13.4396,BRFSS,111420,,DANN_BRFSS
-1.6783376,-0.8560583,NHANES,8069,Non-Hispanic White,DANN_BRFSS
0.5938159,13.701356,BRFSS,57272,,DANN_BRFSS
7.924832,16.76189,BRFSS,258619,,DANN_BRFSS
-3.2209077,6.62516,BRFSS,27562,,DANN_BRFSS
-0.39939028,1.2761785,BRFSS,184368,,DANN_BRFSS
8.645048,16.05314,BRFSS,62130,,DANN_BRFSS
9.942885,4.360962,BRFSS,338021,,DANN_BRFSS
2.8036456,10.059096,BRFSS,22942,,DANN_BRFSS
9.763087,4.291291,BRFSS,12827,,DANN_BRFSS
9.304563,6.4976683,BRFSS,353121,,DANN_BRFSS
-2.061808,1.010454,BRFSS,45287,,DANN_BRFSS
9.991557,6.6811285,BRFSS,405344,,DANN_BRFSS
10.794539,3.8772602,BRFSS,288477,,DANN_BRFSS
15.396079,1.0557615,BRFSS,311330,,DANN_BRFSS
-1.3467549,-1.760695,BRFSS,183497,,DANN_BRFSS
18.020311,-7.8071976,BRFSS,435278,,DANN_BRFSS
18.481787,-7.4490037,BRFSS,359836,,DANN_BRFSS
10.180974,15.201316,BRFSS,413276,,DANN_BRFSS
3.4930847,12.956742,BRFSS,363647,,DANN_BRFSS
-0.606644,13.219497,BRFSS,277285,,DANN_BRFSS
6.1057234,11.901161,BRFSS,195933,,DANN_BRFSS
14.464029,-9.605215,BRFSS,161504,,DANN_BRFSS
-1.7254965,10.585314,BRFSS,267957,,DANN_BRFSS
-0.5243128,1.7180091,BRFSS,99194,,DANN_BRFSS
1.2535449,11.633975,BRFSS,53975,,DANN_BRFSS
3.9762616,12.418635,BRFSS,299982,,DANN_BRFSS
5.600655,13.728283,BRFSS,224754,,DANN_BRFSS
4.814827,17.071774,BRFSS,238048,,DANN_BRFSS
12.76179,3.6378694,BRFSS,218870,,DANN_BRFSS
8.243508,5.4171433,BRFSS,419393,,DANN_BRFSS
-3.8896658,2.8156486,BRFSS,269948,,DANN_BRFSS
9.686545,16.72471,BRFSS,104668,,DANN_BRFSS
8.210415,6.116881,BRFSS,405610,,DANN_BRFSS
-3.0617418,1.0087764,BRFSS,146052,,DANN_BRFSS
-0.8870801,12.732564,BRFSS,158589,,DANN_BRFSS
10.634651,4.6666675,BRFSS,169009,,DANN_BRFSS
-0.50542575,1.9944773,BRFSS,222463,,DANN_BRFSS
9.658757,16.727884,BRFSS,357961,,DANN_BRFSS
20.752338,-7.671068,BRFSS,387449,,DANN_BRFSS
8.814325,5.3356895,BRFSS,273596,,DANN_BRFSS
11.599324,8.637261,BRFSS,314018,,DANN_BRFSS
-2.4564998,1.0810095,NHANES,5773,Non-Hispanic Black,DANN_BRFSS
-0.6116317,10.557288,BRFSS,236680,,DANN_BRFSS
-2.7937245,6.5464864,BRFSS,164143,,DANN_BRFSS
-2.296569,6.1059976,BRFSS,19160,,DANN_BRFSS
-3.4073644,1.7738285,BRFSS,223442,,DANN_BRFSS
-2.6371186,9.842282,BRFSS,251899,,DANN_BRFSS
1.0775642,13.437989,BRFSS,243891,,DANN_BRFSS
-0.36049274,-1.127626,BRFSS,286772,,DANN_BRFSS
5.5369473,11.1921425,BRFSS,25330,,DANN_BRFSS
-2.4615378,6.2565947,NHANES,2093,Non-Hispanic Black,DANN_BRFSS
-0.7765211,14.37979,BRFSS,166210,,DANN_BRFSS
9.627154,10.31584,BRFSS,212168,,DANN_BRFSS
-2.6244516,6.41304,BRFSS,156781,,DANN_BRFSS
0.51721275,13.732942,BRFSS,350935,,DANN_BRFSS
9.029977,7.180436,BRFSS,378600,,DANN_BRFSS
-2.182717,0.05462988,BRFSS,27249,,DANN_BRFSS
9.671499,6.858988,BRFSS,60704,,DANN_BRFSS
14.900189,-9.853796,BRFSS,331300,,DANN_BRFSS
7.98902,15.747478,BRFSS,287222,,DANN_BRFSS
2.5910304,15.542831,BRFSS,186245,,DANN_BRFSS
7.2418113,16.43941,BRFSS,397983,,DANN_BRFSS
22.063498,-5.681269,BRFSS,108655,,DANN_BRFSS
8.6585245,-0.84292585,BRFSS,418097,,DANN_BRFSS
-2.083954,11.648488,BRFSS,86881,,DANN_BRFSS
-4.256932,-8.561367,NHANES,5337,Mexican American,DANN_BRFSS
10.798202,2.4289331,BRFSS,365945,,DANN_BRFSS
10.106022,5.981144,BRFSS,102926,,DANN_BRFSS
4.092292,11.939952,BRFSS,384247,,DANN_BRFSS
9.695716,9.397243,BRFSS,448632,,DANN_BRFSS
-4.5310974,3.7305825,BRFSS,254414,,DANN_BRFSS
11.406223,2.962073,NHANES,8426,Non-Hispanic Black,DANN_BRFSS
-2.705057,7.2954597,BRFSS,370907,,DANN_BRFSS
12.050382,4.863158,BRFSS,48183,,DANN_BRFSS
6.8499684,14.126226,BRFSS,87865,,DANN_BRFSS
11.548258,10.708714,BRFSS,290695,,DANN_BRFSS
-0.64488167,9.666248,BRFSS,81543,,DANN_BRFSS
-2.276082,5.900814,BRFSS,184208,,DANN_BRFSS
-2.636147,9.810993,BRFSS,406993,,DANN_BRFSS
11.4914465,10.747602,BRFSS,294019,,DANN_BRFSS
5.7183876,15.880088,BRFSS,146902,,DANN_BRFSS
10.080539,15.407932,BRFSS,403206,,DANN_BRFSS
-1.1345892,3.2912445,BRFSS,219751,,DANN_BRFSS
7.1780844,14.854339,BRFSS,285449,,DANN_BRFSS
-4.21528,5.8031054,BRFSS,161773,,DANN_BRFSS
7.043746,-3.487671,BRFSS,103545,,DANN_BRFSS
-2.071517,11.621804,BRFSS,418108,,DANN_BRFSS
8.097801,5.858921,BRFSS,387360,,DANN_BRFSS
3.1545115,10.654333,BRFSS,319066,,DANN_BRFSS
-1.9601699,5.591076,BRFSS,76249,,DANN_BRFSS
-1.7996757,11.298797,BRFSS,73471,,DANN_BRFSS
15.29515,1.092908,BRFSS,370179,,DANN_BRFSS
7.9556036,15.555849,BRFSS,401973,,DANN_BRFSS
9.75571,10.385704,BRFSS,132403,,DANN_BRFSS
9.161901,4.5236135,BRFSS,127287,,DANN_BRFSS
12.395744,4.00158,BRFSS,318715,,DANN_BRFSS
8.415004,0.27166545,BRFSS,127444,,DANN_BRFSS
1.8684514,12.656518,BRFSS,378366,,DANN_BRFSS
2.6656573,10.181279,NHANES,3211,Non-Hispanic Black,DANN_BRFSS
12.096435,3.3751512,BRFSS,129496,,DANN_BRFSS
7.3446574,10.765558,BRFSS,322399,,DANN_BRFSS
-0.7426668,-1.9744018,BRFSS,274367,,DANN_BRFSS
9.551705,16.857136,BRFSS,228654,,DANN_BRFSS
4.2125463,13.281394,BRFSS,395733,,DANN_BRFSS
2.1524565,10.502202,BRFSS,17260,,DANN_BRFSS
8.026543,15.986143,BRFSS,242514,,DANN_BRFSS
3.4236553,10.526213,BRFSS,308427,,DANN_BRFSS
12.760868,4.462704,BRFSS,350823,,DANN_BRFSS
5.996818,11.799516,BRFSS,288596,,DANN_BRFSS
3.5071883,15.602826,BRFSS,237087,,DANN_BRFSS
10.150463,11.96895,BRFSS,326853,,DANN_BRFSS
14.107544,3.6109986,BRFSS,120787,,DANN_BRFSS
-3.4223073,6.880286,BRFSS,69282,,DANN_BRFSS
10.927468,3.9188478,BRFSS,167421,,DANN_BRFSS
5.0520353,16.609123,BRFSS,187084,,DANN_BRFSS
-1.900966,12.0832405,BRFSS,78724,,DANN_BRFSS
2.6339583,10.115047,BRFSS,145631,,DANN_BRFSS
5.002705,16.570442,BRFSS,366746,,DANN_BRFSS
-3.4990447,8.04201,BRFSS,92355,,DANN_BRFSS
0.0389195,12.069079,BRFSS,236462,,DANN_BRFSS
10.883304,2.4321153,BRFSS,270631,,DANN_BRFSS
15.14686,1.154346,BRFSS,196101,,DANN_BRFSS
3.198179,10.607588,BRFSS,147277,,DANN_BRFSS
5.643163,16.462324,BRFSS,19494,,DANN_BRFSS
14.930917,2.7193727,BRFSS,51444,,DANN_BRFSS
15.33259,1.8547474,BRFSS,307146,,DANN_BRFSS
4.7479596,12.009118,BRFSS,196438,,DANN_BRFSS
9.692369,12.659005,BRFSS,230684,,DANN_BRFSS
9.904125,7.943177,BRFSS,84703,,DANN_BRFSS
5.710982,11.557423,BRFSS,386048,,DANN_BRFSS
7.9059005,16.774748,BRFSS,270162,,DANN_BRFSS
4.483534,14.500955,BRFSS,86240,,DANN_BRFSS
-1.2797954,7.092587,BRFSS,78040,,DANN_BRFSS
17.44663,-9.4937,BRFSS,430436,,DANN_BRFSS
-1.1189243,2.6806378,BRFSS,295187,,DANN_BRFSS
15.515473,1.8826872,BRFSS,445881,,DANN_BRFSS
-4.5265274,3.7997518,BRFSS,252960,,DANN_BRFSS
-0.60833806,2.7076836,BRFSS,244115,,DANN_BRFSS
-2.0987117,2.0640295,BRFSS,70220,,DANN_BRFSS
9.536829,9.56229,BRFSS,332457,,DANN_BRFSS
2.264375,14.712821,BRFSS,223437,,DANN_BRFSS
-1.1832787,0.18216504,BRFSS,443338,,DANN_BRFSS
-2.4933999,10.106936,BRFSS,10009,,DANN_BRFSS
1.8167502,12.728537,BRFSS,166008,,DANN_BRFSS
-3.1520245,0.9557084,BRFSS,46225,,DANN_BRFSS
-0.4178514,14.7045555,BRFSS,232690,,DANN_BRFSS
12.336498,3.9665225,BRFSS,254901,,DANN_BRFSS
21.765667,-6.0978317,BRFSS,50196,,DANN_BRFSS
15.300644,-9.940721,BRFSS,224215,,DANN_BRFSS
5.5583186,16.604782,BRFSS,143002,,DANN_BRFSS
-3.6019576,4.4181075,BRFSS,43918,,DANN_BRFSS
-3.19972,6.275194,BRFSS,37925,,DANN_BRFSS
3.5027936,15.422002,BRFSS,73097,,DANN_BRFSS
0.4000863,15.153967,BRFSS,24452,,DANN_BRFSS
4.0265493,15.075271,BRFSS,55232,,DANN_BRFSS
7.868854,6.365587,BRFSS,441043,,DANN_BRFSS
17.42454,-9.602199,BRFSS,59953,,DANN_BRFSS
0.9815025,11.746094,BRFSS,329998,,DANN_BRFSS
7.608981,11.891185,BRFSS,191086,,DANN_BRFSS
5.682753,15.709224,BRFSS,150779,,DANN_BRFSS
-1.570749,8.957499,BRFSS,244872,,DANN_BRFSS
-3.2564147,1.3164582,BRFSS,292888,,DANN_BRFSS
17.8308,-8.093805,BRFSS,325607,,DANN_BRFSS
-4.1484165,5.970928,BRFSS,259102,,DANN_BRFSS
-1.9546301,10.209931,BRFSS,212205,,DANN_BRFSS
7.798446,10.281425,BRFSS,135479,,DANN_BRFSS
10.622906,4.6550207,BRFSS,450147,,DANN_BRFSS
8.106165,14.211043,BRFSS,131307,,DANN_BRFSS
26.727633,-1.8558396,BRFSS,432545,,DANN_BRFSS
-0.87746924,-2.1845126,BRFSS,145157,,DANN_BRFSS
14.484544,-9.622313,BRFSS,381237,,DANN_BRFSS
9.471039,-0.623536,BRFSS,292979,,DANN_BRFSS
-1.6399609,-0.7728566,BRFSS,251145,,DANN_BRFSS
8.972095,7.1168857,BRFSS,440517,,DANN_BRFSS
1.6648849,12.852423,BRFSS,209033,,DANN_BRFSS
1.7415025,11.360542,BRFSS,296304,,DANN_BRFSS
15.511827,1.9000932,BRFSS,208807,,DANN_BRFSS
10.389393,2.738624,BRFSS,12030,,DANN_BRFSS
2.8797061,12.00332,BRFSS,435130,,DANN_BRFSS
-0.8587835,1.7079409,BRFSS,53556,,DANN_BRFSS
-2.6468499,2.3345444,BRFSS,392252,,DANN_BRFSS
9.2162695,8.76858,BRFSS,299376,,DANN_BRFSS
14.697353,-9.801625,BRFSS,112698,,DANN_BRFSS
-3.3724604,8.019762,BRFSS,418854,,DANN_BRFSS
-2.0122583,7.4979463,BRFSS,239386,,DANN_BRFSS
11.507243,10.7238035,BRFSS,154825,,DANN_BRFSS
7.1253815,15.161497,BRFSS,195093,,DANN_BRFSS
18.130724,-7.6898017,BRFSS,434671,,DANN_BRFSS
10.212139,11.996146,BRFSS,375220,,DANN_BRFSS
-4.317624,-8.500734,NHANES,7300,Non-Hispanic Black,DANN_BRFSS
-1.7808795,7.0722995,BRFSS,106585,,DANN_BRFSS
2.8659072,15.941473,BRFSS,360394,,DANN_BRFSS
2.1627321,14.131493,BRFSS,70835,,DANN_BRFSS
8.873061,9.288161,BRFSS,159174,,DANN_BRFSS
12.920002,3.8769686,BRFSS,228668,,DANN_BRFSS
10.352057,12.208146,BRFSS,25650,,DANN_BRFSS
-1.8395219,8.563913,BRFSS,14116,,DANN_BRFSS
-2.8452938,0.8748454,BRFSS,88948,,DANN_BRFSS
10.159843,15.262107,BRFSS,219101,,DANN_BRFSS
8.288189,14.658667,BRFSS,96377,,DANN_BRFSS
6.4684553,13.479298,BRFSS,351942,,DANN_BRFSS
7.209925,15.316117,BRFSS,367249,,DANN_BRFSS
-4.4323177,3.575012,BRFSS,369057,,DANN_BRFSS
-0.50099933,0.8901633,BRFSS,14294,,DANN_BRFSS
-4.4490843,-8.369132,NHANES,5819,Non-Hispanic Asian,DANN_BRFSS
10.058767,6.9222794,BRFSS,291341,,DANN_BRFSS
-2.5444362,6.3825097,BRFSS,167109,,DANN_BRFSS
-1.1816785,3.2220676,BRFSS,151006,,DANN_BRFSS
8.807136,9.042356,BRFSS,447727,,DANN_BRFSS
-2.438758,4.691632,BRFSS,211393,,DANN_BRFSS
20.842237,-7.6735353,BRFSS,203834,,DANN_BRFSS
3.1249204,11.098738,BRFSS,286507,,DANN_BRFSS
11.4576025,3.3164833,BRFSS,240683,,DANN_BRFSS
5.7833943,12.614989,BRFSS,439773,,DANN_BRFSS
6.8758817,-3.924979,BRFSS,118362,,DANN_BRFSS
8.071826,0.98045164,BRFSS,81656,,DANN_BRFSS
-0.2862121,14.7798195,BRFSS,400654,,DANN_BRFSS
-0.59677243,14.5691595,BRFSS,380337,,DANN_BRFSS
3.217456,12.0846405,BRFSS,396317,,DANN_BRFSS
-0.8778573,10.827533,BRFSS,307365,,DANN_BRFSS
2.600836,10.156023,BRFSS,228806,,DANN_BRFSS
-2.1575973,0.047373746,BRFSS,394258,,DANN_BRFSS
11.469136,3.7979095,BRFSS,242727,,DANN_BRFSS
9.342497,12.4200735,BRFSS,9791,,DANN_BRFSS
-0.4530296,1.1147947,BRFSS,245852,,DANN_BRFSS
-1.1118789,6.0537424,BRFSS,219044,,DANN_BRFSS
10.977706,8.652071,BRFSS,390352,,DANN_BRFSS
2.2822015,14.116638,BRFSS,365107,,DANN_BRFSS
7.6609397,11.949251,BRFSS,163790,,DANN_BRFSS
-2.115267,11.756255,BRFSS,271188,,DANN_BRFSS
-2.904593,2.2109723,BRFSS,435738,,DANN_BRFSS
9.888013,4.3447704,BRFSS,203902,,DANN_BRFSS
4.120208,16.765018,BRFSS,401060,,DANN_BRFSS
-0.8844739,12.736096,BRFSS,90020,,DANN_BRFSS
9.796371,15.880326,BRFSS,108467,,DANN_BRFSS
10.031401,4.4036217,BRFSS,17044,,DANN_BRFSS
11.656522,3.1281514,BRFSS,411406,,DANN_BRFSS
-0.73238903,13.987471,BRFSS,245097,,DANN_BRFSS
9.244437,6.4246078,BRFSS,9999,,DANN_BRFSS
26.734549,-1.8628924,BRFSS,163452,,DANN_BRFSS
-2.1622064,2.6796637,BRFSS,56979,,DANN_BRFSS
-3.0440693,4.2696195,BRFSS,437593,,DANN_BRFSS
10.071705,7.3100996,BRFSS,382139,,DANN_BRFSS
2.1365654,11.103667,BRFSS,340157,,DANN_BRFSS
-0.8989686,13.705972,BRFSS,78887,,DANN_BRFSS
7.015374,-3.5675638,BRFSS,72544,,DANN_BRFSS
-4.1053414,6.074973,BRFSS,278999,,DANN_BRFSS
-2.8347712,6.554583,BRFSS,280834,,DANN_BRFSS
-3.3647263,8.181039,BRFSS,57462,,DANN_BRFSS
10.117958,13.53273,BRFSS,213339,,DANN_BRFSS
9.355537,-0.547056,BRFSS,92981,,DANN_BRFSS
4.452664,12.280757,BRFSS,326220,,DANN_BRFSS
9.265016,5.0736294,BRFSS,254157,,DANN_BRFSS
10.010098,5.868253,BRFSS,266319,,DANN_BRFSS
10.901339,12.536935,BRFSS,403021,,DANN_BRFSS
20.761818,-7.6645975,BRFSS,292363,,DANN_BRFSS
10.288948,6.0372367,BRFSS,365848,,DANN_BRFSS
7.040999,13.46365,BRFSS,404903,,DANN_BRFSS
5.596085,10.921731,BRFSS,405149,,DANN_BRFSS
11.133789,2.7643194,BRFSS,377102,,DANN_BRFSS
3.9790506,16.717487,BRFSS,367308,,DANN_BRFSS
7.972889,11.388026,BRFSS,75391,,DANN_BRFSS
-0.65841305,9.906947,BRFSS,339116,,DANN_BRFSS
9.710738,8.113711,BRFSS,152604,,DANN_BRFSS
-1.291325,-1.226869,BRFSS,59814,,DANN_BRFSS
17.138222,-10.072162,BRFSS,150847,,DANN_BRFSS
15.386377,1.0544025,BRFSS,196451,,DANN_BRFSS
8.960075,7.1043634,BRFSS,419227,,DANN_BRFSS
-2.195017,9.981221,BRFSS,190262,,DANN_BRFSS
1.6951883,12.808013,BRFSS,33100,,DANN_BRFSS
10.719896,10.732688,BRFSS,412080,,DANN_BRFSS
0.07731133,13.388981,BRFSS,70583,,DANN_BRFSS
1.1509606,12.663214,BRFSS,146309,,DANN_BRFSS
8.555656,5.7571383,BRFSS,104156,,DANN_BRFSS
4.119174,16.764635,BRFSS,34295,,DANN_BRFSS
5.670605,13.278648,BRFSS,356351,,DANN_BRFSS
9.010276,9.021643,BRFSS,126808,,DANN_BRFSS
2.2899952,14.105345,BRFSS,200215,,DANN_BRFSS
-1.7776763,0.31874663,BRFSS,220618,,DANN_BRFSS
7.792851,10.2791,BRFSS,396490,,DANN_BRFSS
-2.0650032,2.1847947,BRFSS,93922,,DANN_BRFSS
9.662963,3.2442436,BRFSS,101757,,DANN_BRFSS
7.07698,13.515486,BRFSS,436776,,DANN_BRFSS
-2.6452334,9.90051,BRFSS,294380,,DANN_BRFSS
-1.4002341,0.03521985,BRFSS,213590,,DANN_BRFSS
9.007949,9.57173,BRFSS,280542,,DANN_BRFSS
10.90614,2.4730914,BRFSS,192923,,DANN_BRFSS
-0.50232023,1.7227039,BRFSS,168345,,DANN_BRFSS
-0.9350645,4.0701637,BRFSS,354256,,DANN_BRFSS
2.754957,12.153181,BRFSS,121837,,DANN_BRFSS
9.203583,16.54543,BRFSS,195238,,DANN_BRFSS
-1.5422599,8.942349,BRFSS,167745,,DANN_BRFSS
13.429636,4.4891653,BRFSS,10818,,DANN_BRFSS
-2.5264761,7.225469,BRFSS,28497,,DANN_BRFSS
-1.5654358,6.524762,BRFSS,442128,,DANN_BRFSS
13.488531,4.472526,BRFSS,325765,,DANN_BRFSS
0.95500565,11.778058,BRFSS,95487,,DANN_BRFSS
11.139062,10.793329,BRFSS,367242,,DANN_BRFSS
-1.0126966,12.8064165,BRFSS,252320,,DANN_BRFSS
-4.3734393,3.5042193,BRFSS,337116,,DANN_BRFSS
-2.7882895,1.9286507,BRFSS,268535,,DANN_BRFSS
9.830844,8.14436,BRFSS,334107,,DANN_BRFSS
0.5061576,13.720621,BRFSS,100118,,DANN_BRFSS
15.27609,1.6338149,BRFSS,289770,,DANN_BRFSS
9.466519,16.953192,BRFSS,243678,,DANN_BRFSS
8.658849,-0.8567245,BRFSS,316931,,DANN_BRFSS
4.348568,16.350151,BRFSS,213486,,DANN_BRFSS
8.565576,15.289817,BRFSS,170925,,DANN_BRFSS
11.596699,5.3698487,BRFSS,357557,,DANN_BRFSS
7.1883526,-3.196508,BRFSS,289638,,DANN_BRFSS
1.8938633,12.095081,BRFSS,74673,,DANN_BRFSS
10.732688,3.839609,BRFSS,208850,,DANN_BRFSS
-4.066713,3.5078697,BRFSS,287717,,DANN_BRFSS
-0.32856354,-1.1736028,BRFSS,392075,,DANN_BRFSS
7.9284163,15.506461,BRFSS,267410,,DANN_BRFSS
7.631011,10.306704,BRFSS,227413,,DANN_BRFSS
2.3334458,11.120763,BRFSS,252984,,DANN_BRFSS
-1.208257,6.0912833,BRFSS,318629,,DANN_BRFSS
8.429346,5.5768733,BRFSS,15658,,DANN_BRFSS
15.577983,2.3520725,BRFSS,126103,,DANN_BRFSS
21.354897,-6.9578395,BRFSS,362272,,DANN_BRFSS
-0.95858413,4.68605,BRFSS,443644,,DANN_BRFSS
2.4209251,10.960369,BRFSS,293681,,DANN_BRFSS
9.85197,12.902933,BRFSS,352580,,DANN_BRFSS
9.524858,3.1802564,BRFSS,166446,,DANN_BRFSS
9.479249,5.3183727,BRFSS,101963,,DANN_BRFSS
2.5099154,12.020861,BRFSS,125686,,DANN_BRFSS
8.562065,5.7644916,BRFSS,338598,,DANN_BRFSS
15.117346,1.1710708,BRFSS,193708,,DANN_BRFSS
-1.8655092,0.8134064,BRFSS,255082,,DANN_BRFSS
19.961037,-7.6073866,BRFSS,431542,,DANN_BRFSS
2.2839072,14.779089,BRFSS,86791,,DANN_BRFSS
-0.866475,14.047647,BRFSS,307587,,DANN_BRFSS
26.738384,-1.8667287,BRFSS,370005,,DANN_BRFSS
15.329215,-9.946905,BRFSS,292020,,DANN_BRFSS
8.068692,0.99659073,BRFSS,340492,,DANN_BRFSS
-0.44782972,1.3421584,BRFSS,248316,,DANN_BRFSS
21.701828,-6.212782,BRFSS,178971,,DANN_BRFSS
-1.7345009,-0.6620781,BRFSS,216722,,DANN_BRFSS
5.515537,14.952692,BRFSS,293948,,DANN_BRFSS
-0.6189304,14.4270115,BRFSS,424516,,DANN_BRFSS
3.128796,11.707989,BRFSS,235123,,DANN_BRFSS
8.207092,0.6603588,BRFSS,79597,,DANN_BRFSS
0.7235664,12.900212,BRFSS,350191,,DANN_BRFSS
-0.8420003,10.819642,BRFSS,331260,,DANN_BRFSS
-0.89893544,9.543533,BRFSS,276598,,DANN_BRFSS
-0.8602118,14.145882,BRFSS,67842,,DANN_BRFSS
-2.4414198,3.9343219,BRFSS,192872,,DANN_BRFSS
8.885891,-0.3172047,BRFSS,133030,,DANN_BRFSS
10.158297,15.2611,BRFSS,139074,,DANN_BRFSS
-0.8082489,-2.0608318,BRFSS,160701,,DANN_BRFSS
-1.7459826,6.993867,BRFSS,145251,,DANN_BRFSS
-0.7509483,3.7627046,BRFSS,242027,,DANN_BRFSS
9.651578,3.119429,BRFSS,287564,,DANN_BRFSS
9.865515,17.519083,BRFSS,21284,,DANN_BRFSS
-3.131288,0.9330972,BRFSS,336152,,DANN_BRFSS
10.301167,-2.421768,BRFSS,203065,,DANN_BRFSS
3.3281162,11.4662895,BRFSS,90594,,DANN_BRFSS
-2.2208228,2.2705197,BRFSS,319434,,DANN_BRFSS
-3.8225574,5.6863804,BRFSS,389538,,DANN_BRFSS
4.596415,14.840551,BRFSS,123767,,DANN_BRFSS
10.671608,3.3318155,BRFSS,130632,,DANN_BRFSS
-2.0723553,2.1692631,BRFSS,318286,,DANN_BRFSS
9.968013,8.724064,BRFSS,250259,,DANN_BRFSS
11.594218,10.605173,BRFSS,209665,,DANN_BRFSS
22.31688,-5.3421764,BRFSS,52601,,DANN_BRFSS
-2.6383936,2.5944097,BRFSS,399421,,DANN_BRFSS
9.017454,8.925557,BRFSS,256772,,DANN_BRFSS
7.9457045,15.581544,BRFSS,301226,,DANN_BRFSS
9.51891,8.437748,BRFSS,27808,,DANN_BRFSS
12.607381,3.9361265,BRFSS,235632,,DANN_BRFSS
7.106598,15.894607,BRFSS,77765,,DANN_BRFSS
5.804226,12.731473,BRFSS,221733,,DANN_BRFSS
6.9977336,14.4091,BRFSS,302477,,DANN_BRFSS
17.742865,-8.289436,BRFSS,166167,,DANN_BRFSS
9.617201,5.5009694,BRFSS,346214,,DANN_BRFSS
7.7872095,13.641558,BRFSS,246916,,DANN_BRFSS
4.9530954,10.766063,BRFSS,141785,,DANN_BRFSS
-0.7671654,9.684856,BRFSS,385639,,DANN_BRFSS
7.2151237,16.404367,BRFSS,72401,,DANN_BRFSS
-4.1230607,3.0887995,BRFSS,50170,,DANN_BRFSS
-0.94816613,3.87271,BRFSS,24300,,DANN_BRFSS
5.4980288,14.929213,BRFSS,250404,,DANN_BRFSS
2.3129919,14.077354,BRFSS,321767,,DANN_BRFSS
10.635998,4.6424685,BRFSS,135498,,DANN_BRFSS
7.4320765,11.752106,BRFSS,357261,,DANN_BRFSS
6.9562974,14.295897,BRFSS,90411,,DANN_BRFSS
0.14769432,13.354873,BRFSS,256966,,DANN_BRFSS
14.397691,3.3431194,BRFSS,316021,,DANN_BRFSS
-2.4556077,2.067635,BRFSS,422966,,DANN_BRFSS
-2.0579064,8.183562,BRFSS,204897,,DANN_BRFSS
5.6274705,16.943695,BRFSS,20246,,DANN_BRFSS
2.2859192,14.11727,BRFSS,234557,,DANN_BRFSS
0.8222736,15.228397,BRFSS,183571,,DANN_BRFSS
14.771,2.9110768,BRFSS,358243,,DANN_BRFSS
-0.47018868,0.9964582,BRFSS,181118,,DANN_BRFSS
-0.65521693,10.629662,BRFSS,127423,,DANN_BRFSS
-3.065296,7.344608,BRFSS,332488,,DANN_BRFSS
10.077117,7.2888756,BRFSS,43907,,DANN_BRFSS
-0.6096745,12.529268,BRFSS,11514,,DANN_BRFSS
15.105112,1.1899621,BRFSS,22550,,DANN_BRFSS
15.514274,1.8737009,BRFSS,370024,,DANN_BRFSS
18.303015,-7.542474,BRFSS,391856,,DANN_BRFSS
3.532207,12.883891,BRFSS,362876,,DANN_BRFSS
1.4606253,12.474617,BRFSS,188894,,DANN_BRFSS
11.11175,4.0130973,BRFSS,419797,,DANN_BRFSS
-0.9608578,4.4341564,NHANES,3952,Non-Hispanic Black,DANN_BRFSS
7.8631544,13.78008,BRFSS,142631,,DANN_BRFSS
5.8311706,11.647317,BRFSS,117545,,DANN_BRFSS
2.7929392,10.036332,BRFSS,35576,,DANN_BRFSS
7.7422237,15.129005,BRFSS,317214,,DANN_BRFSS
8.960226,7.106211,BRFSS,301909,,DANN_BRFSS
8.067047,0.9842269,BRFSS,131400,,DANN_BRFSS
2.4693546,12.738454,BRFSS,367458,,DANN_BRFSS
8.824154,5.3347793,BRFSS,351069,,DANN_BRFSS
3.67124,12.574797,BRFSS,172559,,DANN_BRFSS
10.953989,10.767976,BRFSS,184880,,DANN_BRFSS
9.157907,9.736162,BRFSS,227903,,DANN_BRFSS
14.281502,3.4660542,BRFSS,131792,,DANN_BRFSS
5.640924,13.65601,BRFSS,285527,,DANN_BRFSS
9.890627,7.8184342,BRFSS,410383,,DANN_BRFSS
22.068378,-5.673648,BRFSS,300120,,DANN_BRFSS
7.7844706,10.298629,BRFSS,40232,,DANN_BRFSS
20.732187,-7.696788,BRFSS,171376,,DANN_BRFSS
14.776398,2.906532,BRFSS,427239,,DANN_BRFSS
-3.27953,1.2846302,BRFSS,383906,,DANN_BRFSS
-4.205294,-8.612827,NHANES,1796,Non-Hispanic White,DANN_BRFSS
17.10225,-10.097989,BRFSS,93491,,DANN_BRFSS
3.166053,12.196751,BRFSS,279001,,DANN_BRFSS
-1.2408516,1.0614774,BRFSS,353989,,DANN_BRFSS
-4.255486,-8.562672,NHANES,5884,Mexican American,DANN_BRFSS
-3.3584335,1.8724464,BRFSS,422811,,DANN_BRFSS
11.072843,-2.5767577,BRFSS,261915,,DANN_BRFSS
4.369515,16.37472,BRFSS,184194,,DANN_BRFSS
5.513413,14.971602,BRFSS,216929,,DANN_BRFSS
8.636331,5.7897663,BRFSS,84286,,DANN_BRFSS
11.904642,4.5012326,BRFSS,75803,,DANN_BRFSS
3.2675064,10.414175,BRFSS,116048,,DANN_BRFSS
11.249116,3.6032763,BRFSS,194132,,DANN_BRFSS
5.1252794,17.07632,BRFSS,25130,,DANN_BRFSS
3.2149565,10.383105,BRFSS,313335,,DANN_BRFSS
10.171861,13.791927,BRFSS,203922,,DANN_BRFSS
-1.174376,-1.9509562,BRFSS,213448,,DANN_BRFSS
11.612194,8.640379,BRFSS,416233,,DANN_BRFSS
10.10939,15.372105,BRFSS,54738,,DANN_BRFSS
-0.644061,2.784598,BRFSS,160175,,DANN_BRFSS
-3.4440386,1.6641301,BRFSS,251186,,DANN_BRFSS
11.628591,-2.6153667,BRFSS,121253,,DANN_BRFSS
11.085727,-2.5842671,BRFSS,225856,,DANN_BRFSS
9.583335,3.125233,NHANES,7016,Non-Hispanic White,DANN_BRFSS
-0.6351232,2.786525,BRFSS,306062,,DANN_BRFSS
-1.9155363,4.5226994,BRFSS,156147,,DANN_BRFSS
10.128101,11.957573,BRFSS,160697,,DANN_BRFSS
8.267568,0.53877985,BRFSS,21736,,DANN_BRFSS
-0.3881676,12.397434,BRFSS,48299,,DANN_BRFSS
18.232237,-7.5953484,BRFSS,209563,,DANN_BRFSS
-4.3670526,-8.451329,NHANES,5802,Other Hispanic,DANN_BRFSS
10.4389515,4.625595,BRFSS,157507,,DANN_BRFSS
-2.0789988,0.99193937,BRFSS,138635,,DANN_BRFSS
10.293929,10.661087,BRFSS,134730,,DANN_BRFSS
-2.1012099,1.5248495,BRFSS,148219,,DANN_BRFSS
21.352581,-6.960868,BRFSS,411972,,DANN_BRFSS
18.245075,-7.5853395,BRFSS,141577,,DANN_BRFSS
3.4163628,10.583373,NHANES,2390,Non-Hispanic Black,DANN_BRFSS
8.564196,-0.02971808,BRFSS,163467,,DANN_BRFSS
-4.4481287,-8.370073,NHANES,8117,Non-Hispanic Black,DANN_BRFSS
4.936748,17.077627,BRFSS,185131,,DANN_BRFSS
0.5674938,12.984805,BRFSS,128468,,DANN_BRFSS
2.1425607,12.507491,BRFSS,402524,,DANN_BRFSS
1.9484833,10.679047,BRFSS,353508,,DANN_BRFSS
-1.5917549,7.662632,BRFSS,302398,,DANN_BRFSS
20.840828,-7.6311855,BRFSS,309431,,DANN_BRFSS
10.895941,12.536651,BRFSS,271817,,DANN_BRFSS
13.501517,4.4932113,NHANES,2531,Non-Hispanic White,DANN_BRFSS
9.136223,9.535914,BRFSS,21243,,DANN_BRFSS
8.506709,16.80844,BRFSS,103662,,DANN_BRFSS
26.758715,-1.8888826,BRFSS,159817,,DANN_BRFSS
-4.1469784,5.633186,BRFSS,41307,,DANN_BRFSS
-2.8200588,2.4929464,BRFSS,349241,,DANN_BRFSS
9.891928,7.8235145,BRFSS,10633,,DANN_BRFSS
8.583917,-0.05840689,BRFSS,445420,,DANN_BRFSS
11.416556,2.994639,BRFSS,210122,,DANN_BRFSS
-1.5380186,-0.33840412,BRFSS,424113,,DANN_BRFSS
9.449691,-0.5908382,BRFSS,254733,,DANN_BRFSS
7.219486,11.653846,BRFSS,121896,,DANN_BRFSS
10.688966,3.3224573,BRFSS,73787,,DANN_BRFSS
-4.286511,-8.531949,NHANES,9076,Non-Hispanic Black,DANN_BRFSS
-1.7214617,0.74284375,BRFSS,296781,,DANN_BRFSS
-2.2934995,5.938504,BRFSS,186218,,DANN_BRFSS
14.303159,3.4448445,BRFSS,355230,,DANN_BRFSS
8.155632,0.76592094,BRFSS,296418,,DANN_BRFSS
-2.1897044,1.925208,BRFSS,316354,,DANN_BRFSS
12.514096,3.2401876,BRFSS,375546,,DANN_BRFSS
-4.1431403,5.576789,BRFSS,90911,,DANN_BRFSS
5.9360847,12.914431,BRFSS,166157,,DANN_BRFSS
-3.4730258,8.032259,BRFSS,99430,,DANN_BRFSS
5.7840433,10.94039,BRFSS,32355,,DANN_BRFSS
10.804812,10.744054,BRFSS,337532,,DANN_BRFSS
-2.064986,8.238578,BRFSS,191961,,DANN_BRFSS
-0.7441237,10.709137,BRFSS,145782,,DANN_BRFSS
-4.3877506,3.9326327,BRFSS,112822,,DANN_BRFSS
-4.1079636,4.711504,BRFSS,106293,,DANN_BRFSS
7.3375225,-2.9433732,BRFSS,96879,,DANN_BRFSS
0.6961107,12.912715,BRFSS,30732,,DANN_BRFSS
22.13066,-5.585097,BRFSS,204255,,DANN_BRFSS
9.816711,15.850598,BRFSS,245453,,DANN_BRFSS
0.7538463,15.266783,BRFSS,140214,,DANN_BRFSS
9.652872,3.1199036,NHANES,6099,Non-Hispanic White,DANN_BRFSS
0.039256115,12.588582,BRFSS,413593,,DANN_BRFSS
-1.1236743,12.834465,BRFSS,160897,,DANN_BRFSS
9.783254,15.886315,BRFSS,401468,,DANN_BRFSS
7.1594753,13.651678,BRFSS,342970,,DANN_BRFSS
-2.778688,0.9147985,BRFSS,214102,,DANN_BRFSS
9.6734705,16.710629,BRFSS,197640,,DANN_BRFSS
13.648088,4.399001,BRFSS,220870,,DANN_BRFSS
7.2741065,13.810947,BRFSS,442324,,DANN_BRFSS
-4.350643,3.951082,BRFSS,58846,,DANN_BRFSS
-0.75697523,-2.072305,BRFSS,110972,,DANN_BRFSS
-3.0670469,4.273688,BRFSS,384437,,DANN_BRFSS
1.3011239,12.566512,BRFSS,148587,,DANN_BRFSS
2.300463,14.844371,BRFSS,400260,,DANN_BRFSS
9.779922,15.894697,BRFSS,30521,,DANN_BRFSS
12.007913,3.3122797,BRFSS,232986,,DANN_BRFSS
8.391453,11.247869,BRFSS,312492,,DANN_BRFSS
15.204132,1.4383905,BRFSS,121911,,DANN_BRFSS
21.652267,-6.33041,BRFSS,113672,,DANN_BRFSS
-1.2858744,11.080193,BRFSS,122573,,DANN_BRFSS
-2.5931745,0.026114613,BRFSS,394086,,DANN_BRFSS
9.254107,5.0345564,BRFSS,377744,,DANN_BRFSS
2.0560675,11.926386,BRFSS,406725,,DANN_BRFSS
11.832117,3.554003,BRFSS,114035,,DANN_BRFSS
9.317009,8.623071,BRFSS,159182,,DANN_BRFSS
-3.4887598,8.048487,BRFSS,16614,,DANN_BRFSS
4.277373,13.591959,BRFSS,407872,,DANN_BRFSS
4.993401,10.786855,BRFSS,235589,,DANN_BRFSS
5.6831207,10.9359455,BRFSS,265750,,DANN_BRFSS
5.611664,16.548136,BRFSS,333548,,DANN_BRFSS
1.0313698,13.470004,BRFSS,34708,,DANN_BRFSS
-4.5348735,-8.282887,NHANES,8150,Other Hispanic,DANN_BRFSS
2.8656995,15.984434,BRFSS,444915,,DANN_BRFSS
0.34770635,11.91317,BRFSS,202340,,DANN_BRFSS
-0.86452836,0.6965256,BRFSS,71063,,DANN_BRFSS
11.671402,3.1379547,BRFSS,244265,,DANN_BRFSS
-0.422132,1.1634144,NHANES,1708,Non-Hispanic Black,DANN_BRFSS
8.067291,0.97036445,BRFSS,333906,,DANN_BRFSS
6.8279247,14.103987,BRFSS,15317,,DANN_BRFSS
-4.0470967,2.9698982,BRFSS,306137,,DANN_BRFSS
10.205031,3.4471653,BRFSS,182581,,DANN_BRFSS
2.3014302,14.848926,BRFSS,339801,,DANN_BRFSS
-2.0553784,9.896594,BRFSS,106888,,DANN_BRFSS
-0.36364618,-1.2150143,BRFSS,367047,,DANN_BRFSS
-0.88269323,12.719989,BRFSS,388021,,DANN_BRFSS
2.205307,10.493033,BRFSS,349916,,DANN_BRFSS
9.48854,3.9091928,BRFSS,10869,,DANN_BRFSS
-2.543158,10.281909,BRFSS,306468,,DANN_BRFSS
11.655305,-2.6262481,BRFSS,25797,,DANN_BRFSS
-1.2281959,9.374658,BRFSS,385523,,DANN_BRFSS
-0.6786761,-1.853764,BRFSS,387817,,DANN_BRFSS
-0.7014194,-2.0109155,BRFSS,257778,,DANN_BRFSS
22.356613,-5.3032207,BRFSS,209126,,DANN_BRFSS
4.099011,12.16738,BRFSS,147019,,DANN_BRFSS
9.295671,17.044353,BRFSS,232320,,DANN_BRFSS
9.143934,7.289296,BRFSS,243677,,DANN_BRFSS
8.472207,11.750637,BRFSS,186010,,DANN_BRFSS
9.905061,4.355988,BRFSS,124453,,DANN_BRFSS
6.4897513,13.483034,BRFSS,295266,,DANN_BRFSS
9.791108,8.968849,BRFSS,228893,,DANN_BRFSS
3.6829667,12.348458,BRFSS,259052,,DANN_BRFSS
12.1436205,4.2129993,BRFSS,319555,,DANN_BRFSS
8.618051,15.4883795,BRFSS,162203,,DANN_BRFSS
8.814695,16.958843,BRFSS,127569,,DANN_BRFSS
-1.0801176,2.736746,BRFSS,325578,,DANN_BRFSS
9.699301,17.39612,BRFSS,266719,,DANN_BRFSS
8.503737,15.107903,BRFSS,50202,,DANN_BRFSS
6.9665937,14.34542,BRFSS,229093,,DANN_BRFSS
9.518123,3.9409797,BRFSS,434606,,DANN_BRFSS
15.548701,2.404632,BRFSS,179636,,DANN_BRFSS
-2.0703235,2.4966338,BRFSS,46568,,DANN_BRFSS
-1.2702821,7.0798507,BRFSS,13442,,DANN_BRFSS
16.908895,-10.20914,BRFSS,75728,,DANN_BRFSS
14.939317,2.7311664,BRFSS,121451,,DANN_BRFSS
5.6576014,15.603486,BRFSS,280659,,DANN_BRFSS
8.592232,5.780926,BRFSS,382520,,DANN_BRFSS
-0.6673185,14.427022,BRFSS,338636,,DANN_BRFSS
4.0921845,15.2729,BRFSS,338226,,DANN_BRFSS
21.388746,-6.8972106,BRFSS,60428,,DANN_BRFSS
7.1949296,14.894395,BRFSS,243036,,DANN_BRFSS
7.5636544,13.4756975,BRFSS,359309,,DANN_BRFSS
9.803539,17.468386,BRFSS,172316,,DANN_BRFSS
4.5120497,14.656253,BRFSS,64696,,DANN_BRFSS
4.91098,16.354671,BRFSS,118065,,DANN_BRFSS
-2.776609,9.072753,BRFSS,238747,,DANN_BRFSS
-0.6413941,2.914196,BRFSS,380142,,DANN_BRFSS
8.150579,11.441458,BRFSS,172414,,DANN_BRFSS
-3.8709686,3.509338,BRFSS,214868,,DANN_BRFSS
-2.2433019,2.213381,BRFSS,237223,,DANN_BRFSS
5.110081,17.06318,BRFSS,129346,,DANN_BRFSS
6.2465873,12.75367,BRFSS,107396,,DANN_BRFSS
10.162165,15.260273,BRFSS,47723,,DANN_BRFSS
11.128078,4.0618205,BRFSS,445300,,DANN_BRFSS
9.774426,12.763894,BRFSS,328317,,DANN_BRFSS
6.74003,13.994413,BRFSS,322695,,DANN_BRFSS
3.9709516,11.7869425,BRFSS,11499,,DANN_BRFSS
8.823656,16.942593,BRFSS,271315,,DANN_BRFSS
-1.3507694,6.920793,BRFSS,330053,,DANN_BRFSS
8.754693,9.501185,BRFSS,312020,,DANN_BRFSS
-1.2617042,-1.7921531,BRFSS,104628,,DANN_BRFSS
11.613153,8.6391945,BRFSS,248972,,DANN_BRFSS
4.3957276,14.236337,BRFSS,243143,,DANN_BRFSS
-2.175168,2.0083578,BRFSS,354409,,DANN_BRFSS
8.028938,15.880548,BRFSS,402109,,DANN_BRFSS
8.636822,11.328264,BRFSS,243525,,DANN_BRFSS
7.8739495,6.2940974,BRFSS,321771,,DANN_BRFSS
-3.2316992,1.4003004,BRFSS,336075,,DANN_BRFSS
7.2376003,16.394537,BRFSS,186839,,DANN_BRFSS
9.815499,17.493853,BRFSS,279516,,DANN_BRFSS
-3.8107939,6.1427584,BRFSS,118469,,DANN_BRFSS
-2.7308903,9.05969,BRFSS,68421,,DANN_BRFSS
-1.9610184,4.476493,BRFSS,9672,,DANN_BRFSS
-2.41324,0.21302544,BRFSS,329378,,DANN_BRFSS
15.602414,2.329585,BRFSS,321979,,DANN_BRFSS
-2.270578,11.531901,BRFSS,150534,,DANN_BRFSS
-4.1143804,6.0683017,BRFSS,63600,,DANN_BRFSS
12.0472,4.730631,BRFSS,415247,,DANN_BRFSS
15.403544,1.0626665,BRFSS,308346,,DANN_BRFSS
0.8574463,15.206657,BRFSS,411268,,DANN_BRFSS
15.40381,1.0622156,BRFSS,129581,,DANN_BRFSS
11.600453,3.436019,BRFSS,164632,,DANN_BRFSS
-4.117261,6.102771,BRFSS,330612,,DANN_BRFSS
-0.8806977,2.862647,BRFSS,400040,,DANN_BRFSS
-3.9386823,5.3565288,BRFSS,274422,,DANN_BRFSS
4.771799,12.047011,BRFSS,369441,,DANN_BRFSS
11.580132,8.63279,BRFSS,179019,,DANN_BRFSS
10.743587,3.1014729,BRFSS,410830,,DANN_BRFSS
-4.3984594,-8.420016,NHANES,4934,Mexican American,DANN_BRFSS
20.89017,-7.6584554,BRFSS,62845,,DANN_BRFSS
9.237177,5.0251055,BRFSS,187042,,DANN_BRFSS
14.0617285,3.6588953,BRFSS,383963,,DANN_BRFSS
8.958892,16.753712,BRFSS,313540,,DANN_BRFSS
-0.6087995,12.526351,BRFSS,201077,,DANN_BRFSS
9.656674,6.8731627,BRFSS,76275,,DANN_BRFSS
4.062264,16.521805,BRFSS,245984,,DANN_BRFSS
1.1592369,12.242339,BRFSS,242681,,DANN_BRFSS
-2.1219287,11.783095,BRFSS,126788,,DANN_BRFSS
13.912795,3.8365188,BRFSS,149954,,DANN_BRFSS
9.345085,4.0943236,BRFSS,369373,,DANN_BRFSS
-2.1104715,11.774321,BRFSS,172845,,DANN_BRFSS
-0.913912,-2.1470342,BRFSS,156453,,DANN_BRFSS
5.7309055,15.92817,BRFSS,71630,,DANN_BRFSS
-4.303377,3.948848,BRFSS,283491,,DANN_BRFSS
-2.2047734,5.440425,BRFSS,44831,,DANN_BRFSS
17.357733,-9.7829075,BRFSS,171867,,DANN_BRFSS
0.6098681,12.970668,BRFSS,434945,,DANN_BRFSS
21.799871,-6.0671043,BRFSS,366839,,DANN_BRFSS
9.538624,17.287895,NHANES,9502,Non-Hispanic Black,DANN_BRFSS
4.326647,16.30135,BRFSS,327038,,DANN_BRFSS
4.8009634,12.066561,BRFSS,66045,,DANN_BRFSS
-2.175652,7.6026607,BRFSS,240725,,DANN_BRFSS
-1.4553745,7.415586,BRFSS,300294,,DANN_BRFSS
-4.521717,3.801694,BRFSS,367954,,DANN_BRFSS
8.663675,5.287434,BRFSS,439937,,DANN_BRFSS
9.991239,6.674455,BRFSS,69096,,DANN_BRFSS
16.90489,-10.207973,BRFSS,295843,,DANN_BRFSS
10.841874,2.436537,BRFSS,336059,,DANN_BRFSS
7.0672936,-3.4786415,BRFSS,48078,,DANN_BRFSS
8.604674,15.415787,BRFSS,168160,,DANN_BRFSS
13.764315,4.2566924,BRFSS,449162,,DANN_BRFSS
5.196936,10.862391,BRFSS,350918,,DANN_BRFSS
21.6443,-6.3433056,BRFSS,60868,,DANN_BRFSS
15.336564,-9.948473,BRFSS,377152,,DANN_BRFSS
-0.66370046,-1.8220872,BRFSS,392924,,DANN_BRFSS
17.088346,-10.110882,BRFSS,141851,,DANN_BRFSS
9.246187,17.071577,BRFSS,424978,,DANN_BRFSS
18.14882,-7.6664405,BRFSS,161362,,DANN_BRFSS
2.5569227,12.584814,BRFSS,76292,,DANN_BRFSS
8.105948,0.88246894,BRFSS,427608,,DANN_BRFSS
11.881572,8.675997,BRFSS,311327,,DANN_BRFSS
-2.4207082,10.652093,BRFSS,398660,,DANN_BRFSS
9.821022,12.868307,BRFSS,425262,,DANN_BRFSS
12.637499,4.168284,BRFSS,199926,,DANN_BRFSS
4.8784256,10.832442,BRFSS,127172,,DANN_BRFSS
-3.5735683,6.578616,BRFSS,232022,,DANN_BRFSS
7.825327,6.27137,BRFSS,339745,,DANN_BRFSS
18.24471,-7.5826416,BRFSS,374601,,DANN_BRFSS
-1.914986,4.5304937,BRFSS,86640,,DANN_BRFSS
12.4206915,4.017459,BRFSS,127248,,DANN_BRFSS
5.120792,17.099335,BRFSS,172701,,DANN_BRFSS
-1.9590677,1.1889597,BRFSS,398870,,DANN_BRFSS
10.152985,11.95575,BRFSS,356985,,DANN_BRFSS
21.798075,-6.0727887,BRFSS,63274,,DANN_BRFSS
-0.61206704,0.920876,BRFSS,331803,,DANN_BRFSS
17.468887,-9.469889,BRFSS,283205,,DANN_BRFSS
-2.5357175,6.053152,BRFSS,301568,,DANN_BRFSS
-1.2756286,7.0972958,BRFSS,218367,,DANN_BRFSS
10.316319,-2.4102106,BRFSS,258674,,DANN_BRFSS
6.6948457,11.78776,BRFSS,432591,,DANN_BRFSS
12.618106,4.4712453,BRFSS,150056,,DANN_BRFSS
12.496364,3.185005,BRFSS,395111,,DANN_BRFSS
-2.5907886,9.700759,BRFSS,101143,,DANN_BRFSS
-1.6513903,6.645459,BRFSS,405559,,DANN_BRFSS
-3.8803864,4.551501,BRFSS,368686,,DANN_BRFSS
-1.6246156,7.7798553,BRFSS,408952,,DANN_BRFSS
17.457308,-9.484889,BRFSS,397927,,DANN_BRFSS
2.1263785,11.456147,BRFSS,153415,,DANN_BRFSS
0.5136461,13.024627,BRFSS,214451,,DANN_BRFSS
14.653149,-9.770936,BRFSS,433930,,DANN_BRFSS
-2.652422,9.030935,BRFSS,173737,,DANN_BRFSS
9.705419,17.411232,BRFSS,365268,,DANN_BRFSS
-3.6491094,5.1411214,BRFSS,399126,,DANN_BRFSS
-2.9651437,6.5987635,BRFSS,26821,,DANN_BRFSS
-1.271336,7.052333,BRFSS,249545,,DANN_BRFSS
-4.2352266,-8.583193,NHANES,7141,Non-Hispanic Asian,DANN_BRFSS
19.750322,-7.585088,BRFSS,346127,,DANN_BRFSS
-2.6969867,4.7866945,BRFSS,75842,,DANN_BRFSS
-1.9397118,4.5186024,BRFSS,272614,,DANN_BRFSS
0.4984747,13.7364435,BRFSS,67446,,DANN_BRFSS
14.932249,2.7287183,BRFSS,37447,,DANN_BRFSS
5.36479,10.917507,BRFSS,195015,,DANN_BRFSS
14.706515,-9.811069,BRFSS,213625,,DANN_BRFSS
-1.0416962,4.4618025,BRFSS,89977,,DANN_BRFSS
10.026713,7.470979,BRFSS,297817,,DANN_BRFSS
3.4751415,11.653226,BRFSS,399329,,DANN_BRFSS
10.776683,2.429481,BRFSS,86032,,DANN_BRFSS
-3.2331667,6.3520975,BRFSS,354449,,DANN_BRFSS
-2.4405777,4.3959765,BRFSS,379128,,DANN_BRFSS
-1.8927795,10.76047,BRFSS,397539,,DANN_BRFSS
9.393237,6.592573,BRFSS,235510,,DANN_BRFSS
8.558056,-0.02414905,BRFSS,306801,,DANN_BRFSS
-1.5297638,11.162264,BRFSS,293307,,DANN_BRFSS
7.1877217,-3.197785,BRFSS,12637,,DANN_BRFSS
-1.0496699,10.931193,BRFSS,398157,,DANN_BRFSS
9.083277,-0.40767214,BRFSS,128778,,DANN_BRFSS
-0.6254652,10.553116,BRFSS,274460,,DANN_BRFSS
9.518775,8.652265,BRFSS,345362,,DANN_BRFSS
0.16752732,13.341745,BRFSS,281640,,DANN_BRFSS
-4.2413797,3.5951746,BRFSS,38594,,DANN_BRFSS
-2.4105139,10.065594,BRFSS,318752,,DANN_BRFSS
2.0676644,10.917816,BRFSS,213418,,DANN_BRFSS
17.214277,-9.994069,BRFSS,398827,,DANN_BRFSS
4.5912714,14.842647,BRFSS,39101,,DANN_BRFSS
-1.832683,0.935101,BRFSS,133188,,DANN_BRFSS
-0.6429852,2.7112277,BRFSS,362887,,DANN_BRFSS
-3.0226164,2.126042,BRFSS,429975,,DANN_BRFSS
-0.46800417,14.660569,BRFSS,435739,,DANN_BRFSS
-1.2928499,-1.8755541,BRFSS,124770,,DANN_BRFSS
2.5980098,10.124402,BRFSS,290731,,DANN_BRFSS
2.253427,14.64342,BRFSS,297744,,DANN_BRFSS
26.747023,-1.8755217,BRFSS,74143,,DANN_BRFSS
0.115469724,13.360389,BRFSS,259237,,DANN_BRFSS
0.9546264,11.760865,BRFSS,106654,,DANN_BRFSS
0.16903564,15.021616,BRFSS,152483,,DANN_BRFSS
-0.9267728,4.0791163,BRFSS,158126,,DANN_BRFSS
-2.1997898,10.485542,BRFSS,284925,,DANN_BRFSS
-1.3630342,1.7547717,BRFSS,137413,,DANN_BRFSS
-0.81990653,-1.4245081,BRFSS,44363,,DANN_BRFSS
7.7510395,13.574157,BRFSS,271965,,DANN_BRFSS
-1.6142973,0.14332916,BRFSS,285421,,DANN_BRFSS
8.836057,12.083977,BRFSS,439291,,DANN_BRFSS
-1.9731172,9.397179,BRFSS,442397,,DANN_BRFSS
1.4284414,11.589244,BRFSS,367303,,DANN_BRFSS
0.7194361,12.899385,BRFSS,40271,,DANN_BRFSS
19.953547,-7.590904,BRFSS,47273,,DANN_BRFSS
-1.1211048,2.6950817,BRFSS,199550,,DANN_BRFSS
-2.577215,0.14949857,BRFSS,161897,,DANN_BRFSS
11.120882,-2.5850132,BRFSS,107832,,DANN_BRFSS
2.0439496,10.386239,BRFSS,166218,,DANN_BRFSS
2.6964252,11.796466,BRFSS,20048,,DANN_BRFSS
13.66225,4.385593,BRFSS,117248,,DANN_BRFSS
-4.4022055,-8.416221,NHANES,1421,Non-Hispanic Black,DANN_BRFSS
15.33285,-9.947825,BRFSS,105822,,DANN_BRFSS
6.8759594,-3.9248664,BRFSS,312012,,DANN_BRFSS
20.23948,-7.6453314,BRFSS,203533,,DANN_BRFSS
-2.2990358,2.7816541,BRFSS,28574,,DANN_BRFSS
12.078288,3.3546667,BRFSS,432583,,DANN_BRFSS
-2.3772252,10.028311,BRFSS,398732,,DANN_BRFSS
-0.7284281,10.165514,BRFSS,10620,,DANN_BRFSS
14.179619,3.5514321,BRFSS,376866,,DANN_BRFSS
-2.419653,1.7258862,BRFSS,237200,,DANN_BRFSS
10.253799,10.647471,BRFSS,83662,,DANN_BRFSS
9.141164,6.371236,BRFSS,262973,,DANN_BRFSS
8.648365,-0.8670865,BRFSS,363798,,DANN_BRFSS
10.133804,13.569287,BRFSS,193017,,DANN_BRFSS
-2.4244173,4.1532373,NHANES,3234,Non-Hispanic White,DANN_BRFSS
-1.2750771,-1.1411536,BRFSS,388443,,DANN_BRFSS
11.695601,5.274139,BRFSS,419956,,DANN_BRFSS
0.023831833,12.601891,BRFSS,442094,,DANN_BRFSS
11.143724,-2.5854788,BRFSS,263339,,DANN_BRFSS
-3.5684366,2.5651345,BRFSS,363078,,DANN_BRFSS
-3.3415515,1.231033,BRFSS,123494,,DANN_BRFSS
8.340466,11.261727,BRFSS,47692,,DANN_BRFSS
3.652901,11.397845,BRFSS,106840,,DANN_BRFSS
9.842764,17.508463,BRFSS,301709,,DANN_BRFSS
-0.6180186,-0.7913141,BRFSS,379655,,DANN_BRFSS
-3.3232,5.9805536,BRFSS,309917,,DANN_BRFSS
-1.1042722,9.406852,BRFSS,446009,,DANN_BRFSS
20.885473,-7.6558485,BRFSS,298535,,DANN_BRFSS
4.0513973,14.870192,NHANES,5157,Non-Hispanic Black,DANN_BRFSS
11.864481,8.674547,BRFSS,294613,,DANN_BRFSS
-1.633526,-0.7882552,BRFSS,247848,,DANN_BRFSS
0.84818023,15.225158,BRFSS,400781,,DANN_BRFSS
2.1669905,14.116647,BRFSS,343413,,DANN_BRFSS
-3.4679863,8.140537,BRFSS,406206,,DANN_BRFSS
10.722827,12.4109535,BRFSS,307975,,DANN_BRFSS
-4.0627227,2.9902265,BRFSS,368512,,DANN_BRFSS
2.648265,15.644214,BRFSS,401480,,DANN_BRFSS
4.447337,16.833683,BRFSS,203757,,DANN_BRFSS
9.444279,-0.5917653,BRFSS,440686,,DANN_BRFSS
-2.7294927,2.2771547,BRFSS,236520,,DANN_BRFSS
0.10031427,12.014169,BRFSS,430611,,DANN_BRFSS
11.090749,4.037038,BRFSS,427202,,DANN_BRFSS
11.040436,2.7618644,BRFSS,11631,,DANN_BRFSS
-0.34508032,-1.0844305,BRFSS,14654,,DANN_BRFSS
-1.9320966,1.2274673,BRFSS,229212,,DANN_BRFSS
-1.1600635,6.074161,BRFSS,255947,,DANN_BRFSS
7.1824226,15.222971,BRFSS,202769,,DANN_BRFSS
5.5839825,16.967182,BRFSS,50822,,DANN_BRFSS
6.947047,-3.6588721,BRFSS,50989,,DANN_BRFSS
3.5556595,16.585154,BRFSS,278093,,DANN_BRFSS
-4.2086387,3.5808742,BRFSS,264094,,DANN_BRFSS
7.8037786,5.923829,BRFSS,269835,,DANN_BRFSS
-0.3782329,-1.0661445,BRFSS,39459,,DANN_BRFSS
0.7394434,15.267862,BRFSS,138976,,DANN_BRFSS
-0.65908706,-1.9197164,BRFSS,136693,,DANN_BRFSS
2.2653358,11.063352,BRFSS,434419,,DANN_BRFSS
10.939428,3.9296122,BRFSS,234212,,DANN_BRFSS
-0.79881585,9.532869,BRFSS,109569,,DANN_BRFSS
8.491867,16.80793,BRFSS,336195,,DANN_BRFSS
11.117747,10.789825,BRFSS,266184,,DANN_BRFSS
3.1213112,10.021972,BRFSS,224813,,DANN_BRFSS
4.568569,14.753944,BRFSS,444954,,DANN_BRFSS
-1.2950131,3.2836266,BRFSS,223980,,DANN_BRFSS
7.3310194,14.057402,BRFSS,336801,,DANN_BRFSS
-1.4374976,-1.2993135,BRFSS,236848,,DANN_BRFSS
9.616336,4.2215724,BRFSS,414716,,DANN_BRFSS
-2.8950908,6.5219026,BRFSS,53544,,DANN_BRFSS
9.78656,17.459484,BRFSS,123616,,DANN_BRFSS
9.900398,4.3499227,BRFSS,48817,,DANN_BRFSS
2.8432064,15.954863,BRFSS,343523,,DANN_BRFSS
17.374012,-9.765646,BRFSS,296465,,DANN_BRFSS
-3.2400994,1.3586434,BRFSS,180799,,DANN_BRFSS
8.679704,-0.6718251,BRFSS,308004,,DANN_BRFSS
-0.33871862,-1.1293051,BRFSS,343568,,DANN_BRFSS
2.9783652,10.110892,BRFSS,278150,,DANN_BRFSS
-1.2903198,11.039669,BRFSS,446473,,DANN_BRFSS
9.12245,6.354624,BRFSS,268915,,DANN_BRFSS
12.42396,4.041935,BRFSS,267181,,DANN_BRFSS
7.345031,14.094118,BRFSS,329342,,DANN_BRFSS
18.314829,-7.5333753,BRFSS,435695,,DANN_BRFSS
-0.43484288,1.4084569,BRFSS,388778,,DANN_BRFSS
5.870708,12.820749,BRFSS,177331,,DANN_BRFSS
15.508385,1.8689798,BRFSS,438311,,DANN_BRFSS
-1.8660233,10.1299095,BRFSS,385010,,DANN_BRFSS
7.1184216,16.10257,BRFSS,126764,,DANN_BRFSS
15.169151,1.1345465,BRFSS,135273,,DANN_BRFSS
-0.002495001,12.616652,BRFSS,14362,,DANN_BRFSS
-1.2803756,-1.8893423,BRFSS,199021,,DANN_BRFSS
7.170953,15.171113,BRFSS,164817,,DANN_BRFSS
5.1783996,11.112956,BRFSS,349559,,DANN_BRFSS
-1.7339,8.541467,BRFSS,231335,,DANN_BRFSS
11.640643,-2.6257148,BRFSS,165789,,DANN_BRFSS
2.5093539,11.471753,BRFSS,152387,,DANN_BRFSS
8.144373,6.064863,BRFSS,208142,,DANN_BRFSS
6.950843,14.319053,BRFSS,433908,,DANN_BRFSS
8.65519,15.812956,BRFSS,124708,,DANN_BRFSS
8.018576,15.993968,BRFSS,29280,,DANN_BRFSS
13.895061,3.6745446,BRFSS,287541,,DANN_BRFSS
8.765274,-0.085654095,BRFSS,361905,,DANN_BRFSS
-2.2899024,7.7605834,BRFSS,294888,,DANN_BRFSS
5.649159,13.216741,BRFSS,150507,,DANN_BRFSS
-2.3366046,11.305181,BRFSS,421653,,DANN_BRFSS
-1.9451215,0.688464,BRFSS,243527,,DANN_BRFSS
9.545733,8.603297,BRFSS,82865,,DANN_BRFSS
4.8253956,12.0762825,BRFSS,371913,,DANN_BRFSS
10.06895,7.3176265,BRFSS,89699,,DANN_BRFSS
-0.76208097,13.268795,BRFSS,358512,,DANN_BRFSS
3.404462,10.523076,BRFSS,113989,,DANN_BRFSS
2.0757015,10.525345,BRFSS,88664,,DANN_BRFSS
1.136922,13.40331,BRFSS,154180,,DANN_BRFSS
9.879803,12.977624,BRFSS,287862,,DANN_BRFSS
9.985173,7.555311,BRFSS,408039,,DANN_BRFSS
4.859378,10.85238,BRFSS,127619,,DANN_BRFSS
21.328024,-6.989106,BRFSS,247629,,DANN_BRFSS
-1.1208825,2.6798959,BRFSS,325638,,DANN_BRFSS
-2.5700521,9.696057,BRFSS,62682,,DANN_BRFSS
-1.7778203,7.7727013,BRFSS,399723,,DANN_BRFSS
-1.8335935,1.6686493,BRFSS,240367,,DANN_BRFSS
8.866072,16.915838,BRFSS,26285,,DANN_BRFSS
3.589185,16.587776,BRFSS,363558,,DANN_BRFSS
-2.7640445,0.9134069,BRFSS,194908,,DANN_BRFSS
10.846028,10.75198,BRFSS,33272,,DANN_BRFSS
8.310039,11.24264,BRFSS,67013,,DANN_BRFSS
10.417524,4.6106143,BRFSS,314784,,DANN_BRFSS
10.126698,13.56271,BRFSS,18600,,DANN_BRFSS
9.443649,16.25127,BRFSS,143162,,DANN_BRFSS
8.884926,5.4117804,BRFSS,63808,,DANN_BRFSS
11.647418,-2.6256342,BRFSS,126699,,DANN_BRFSS
-2.5306199,3.9548182,BRFSS,335926,,DANN_BRFSS
11.715696,3.8830311,BRFSS,109263,,DANN_BRFSS
8.428359,0.2550345,BRFSS,202259,,DANN_BRFSS
21.33871,-6.979939,BRFSS,260324,,DANN_BRFSS
8.957963,8.986876,BRFSS,115580,,DANN_BRFSS
7.867283,6.424501,BRFSS,341647,,DANN_BRFSS
4.249905,13.254966,BRFSS,321851,,DANN_BRFSS
4.2880297,13.651611,BRFSS,236058,,DANN_BRFSS
10.386677,2.5657005,BRFSS,371911,,DANN_BRFSS
10.623578,4.6563344,BRFSS,296906,,DANN_BRFSS
-0.6764111,9.960095,BRFSS,444618,,DANN_BRFSS
17.542042,-9.091349,BRFSS,400299,,DANN_BRFSS
-0.43370482,1.471602,BRFSS,358473,,DANN_BRFSS
8.649896,15.871315,BRFSS,254232,,DANN_BRFSS
8.624375,9.769798,BRFSS,221932,,DANN_BRFSS
12.335115,3.9581237,BRFSS,224211,,DANN_BRFSS
7.6919,10.285162,BRFSS,253331,,DANN_BRFSS
14.687206,-9.800791,BRFSS,255052,,DANN_BRFSS
5.6675086,16.484903,BRFSS,70712,,DANN_BRFSS
-2.3393347,11.305026,BRFSS,27830,,DANN_BRFSS
9.239062,17.070898,BRFSS,127840,,DANN_BRFSS
7.111052,15.9061365,BRFSS,335819,,DANN_BRFSS
8.2086735,0.6563569,BRFSS,124746,,DANN_BRFSS
2.804394,10.032547,BRFSS,79414,,DANN_BRFSS
11.889011,8.664612,BRFSS,339708,,DANN_BRFSS
17.789185,-8.137531,BRFSS,212421,,DANN_BRFSS
5.4783845,14.318828,BRFSS,421725,,DANN_BRFSS
-0.7930254,9.702505,BRFSS,442756,,DANN_BRFSS
-0.32509005,14.378589,BRFSS,63754,,DANN_BRFSS
9.413949,10.305232,BRFSS,359590,,DANN_BRFSS
10.6900625,3.3049157,BRFSS,262230,,DANN_BRFSS
-2.633076,9.84302,BRFSS,256848,,DANN_BRFSS
-1.2241718,6.07955,BRFSS,192774,,DANN_BRFSS
12.05501,-2.6376872,BRFSS,435822,,DANN_BRFSS
11.393667,10.771662,BRFSS,156318,,DANN_BRFSS
13.632721,4.4137616,BRFSS,263040,,DANN_BRFSS
10.388872,-2.4094992,BRFSS,410290,,DANN_BRFSS
2.6687808,10.256374,BRFSS,365382,,DANN_BRFSS
1.7993503,11.768311,BRFSS,137564,,DANN_BRFSS
-2.75777,4.781346,BRFSS,94415,,DANN_BRFSS
8.093669,0.909178,BRFSS,36945,,DANN_BRFSS
10.961523,2.7477686,BRFSS,230821,,DANN_BRFSS
21.9681,-5.820132,BRFSS,186148,,DANN_BRFSS
-1.7190849,9.995868,BRFSS,45797,,DANN_BRFSS
8.127466,0.83454704,BRFSS,376814,,DANN_BRFSS
20.068783,-7.6206336,BRFSS,289076,,DANN_BRFSS
-1.1347771,-1.563953,BRFSS,59176,,DANN_BRFSS
1.0694234,11.709876,BRFSS,210596,,DANN_BRFSS
-1.7313241,4.487136,BRFSS,98445,,DANN_BRFSS
20.883003,-7.675704,BRFSS,51283,,DANN_BRFSS
-3.474637,4.813629,BRFSS,77497,,DANN_BRFSS
-1.8204746,7.7987413,BRFSS,259672,,DANN_BRFSS
8.071426,15.933181,BRFSS,92621,,DANN_BRFSS
-3.5596316,7.131324,BRFSS,312585,,DANN_BRFSS
1.2574778,12.599542,BRFSS,345286,,DANN_BRFSS
13.923024,3.8076408,BRFSS,91372,,DANN_BRFSS
11.149153,10.792541,BRFSS,308385,,DANN_BRFSS
14.989852,2.5699055,BRFSS,268280,,DANN_BRFSS
26.735977,-1.8634062,BRFSS,240358,,DANN_BRFSS
8.36272,14.798566,BRFSS,441808,,DANN_BRFSS
17.091671,-10.114711,BRFSS,165382,,DANN_BRFSS
-2.0975566,1.5078771,BRFSS,308413,,DANN_BRFSS
9.684231,5.568192,BRFSS,434607,,DANN_BRFSS
16.635609,-10.198431,BRFSS,182776,,DANN_BRFSS
11.998663,4.897282,BRFSS,377159,,DANN_BRFSS
14.229597,3.5098777,BRFSS,267941,,DANN_BRFSS
9.609738,3.5745952,BRFSS,421880,,DANN_BRFSS
26.721449,-1.849076,BRFSS,91382,,DANN_BRFSS
-2.3426745,4.357275,BRFSS,277609,,DANN_BRFSS
-1.9542717,-0.5929409,BRFSS,444126,,DANN_BRFSS
-3.8052654,5.221856,BRFSS,333607,,DANN_BRFSS
19.833647,-7.582693,BRFSS,47999,,DANN_BRFSS
-2.2238579,1.8445574,BRFSS,383308,,DANN_BRFSS
2.2907677,14.822275,BRFSS,355363,,DANN_BRFSS
-3.0335836,2.1445882,BRFSS,292635,,DANN_BRFSS
21.811686,-6.048529,BRFSS,56731,,DANN_BRFSS
11.997265,-2.6340158,BRFSS,325415,,DANN_BRFSS
-0.875182,-2.1196187,BRFSS,33200,,DANN_BRFSS
8.761839,5.2772145,BRFSS,37674,,DANN_BRFSS
-0.5631406,-1.6608526,BRFSS,400857,,DANN_BRFSS
9.599503,16.818237,BRFSS,165279,,DANN_BRFSS
9.782871,15.8961315,BRFSS,316637,,DANN_BRFSS
9.476605,16.9278,BRFSS,391330,,DANN_BRFSS
5.522856,14.104209,BRFSS,34541,,DANN_BRFSS
4.6167088,14.855552,BRFSS,238831,,DANN_BRFSS
19.82838,-7.5802464,BRFSS,437786,,DANN_BRFSS
18.464048,-7.465182,BRFSS,137763,,DANN_BRFSS
11.577535,3.3602235,BRFSS,95439,,DANN_BRFSS
-1.7110606,8.454062,BRFSS,212249,,DANN_BRFSS
8.659557,5.218207,BRFSS,48589,,DANN_BRFSS
7.1927996,15.191146,BRFSS,361096,,DANN_BRFSS
3.459288,15.104117,BRFSS,445627,,DANN_BRFSS
19.938051,-7.588204,BRFSS,390979,,DANN_BRFSS
11.142331,-2.587668,BRFSS,134688,,DANN_BRFSS
10.81334,10.743045,BRFSS,417896,,DANN_BRFSS
21.573456,-6.499314,BRFSS,394815,,DANN_BRFSS
-0.47324035,1.7504442,BRFSS,424759,,DANN_BRFSS
2.8140228,12.06141,BRFSS,253419,,DANN_BRFSS
-2.0029008,5.6230416,BRFSS,245281,,DANN_BRFSS
5.620073,11.249816,BRFSS,243364,,DANN_BRFSS
-4.5382643,-8.279623,NHANES,3642,Mexican American,DANN_BRFSS
-3.6390061,4.4288697,BRFSS,275397,,DANN_BRFSS
9.660691,6.856822,BRFSS,270983,,DANN_BRFSS
10.751413,2.4270413,BRFSS,164837,,DANN_BRFSS
8.505772,16.74489,BRFSS,329276,,DANN_BRFSS
12.525581,3.190766,BRFSS,415588,,DANN_BRFSS
7.6973066,11.959436,BRFSS,253235,,DANN_BRFSS
-1.7426853,7.6712484,BRFSS,338346,,DANN_BRFSS
2.4748785,11.562699,BRFSS,242252,,DANN_BRFSS
12.063895,-2.6378624,BRFSS,48803,,DANN_BRFSS
13.809946,3.7727685,BRFSS,229922,,DANN_BRFSS
15.493102,2.4478,BRFSS,234342,,DANN_BRFSS
5.6938443,15.74292,BRFSS,369699,,DANN_BRFSS
1.8230389,11.010756,BRFSS,110368,,DANN_BRFSS
5.269901,12.477619,BRFSS,424474,,DANN_BRFSS
-0.94139,4.526988,BRFSS,222849,,DANN_BRFSS
-3.677379,5.0939107,BRFSS,154981,,DANN_BRFSS
8.64996,-0.8751553,BRFSS,71416,,DANN_BRFSS
10.839306,10.750152,BRFSS,359217,,DANN_BRFSS
-3.2151747,5.922722,BRFSS,102072,,DANN_BRFSS
9.497174,3.4452903,BRFSS,57889,,DANN_BRFSS
15.495584,1.921941,BRFSS,242288,,DANN_BRFSS
5.6241817,13.105094,BRFSS,153608,,DANN_BRFSS
8.639713,-0.89708245,BRFSS,351102,,DANN_BRFSS
4.3102527,16.73768,BRFSS,71838,,DANN_BRFSS
9.733686,15.957054,BRFSS,423248,,DANN_BRFSS
-1.9290498,4.5187187,BRFSS,106575,,DANN_BRFSS
9.150498,4.465244,BRFSS,391467,,DANN_BRFSS
-4.533722,3.8180966,BRFSS,393946,,DANN_BRFSS
3.9481523,11.783126,BRFSS,449574,,DANN_BRFSS
8.795305,16.952223,BRFSS,298456,,DANN_BRFSS
-2.9750853,1.1236026,BRFSS,214711,,DANN_BRFSS
10.864405,12.509011,BRFSS,53577,,DANN_BRFSS
4.1073766,15.448496,BRFSS,123140,,DANN_BRFSS
-1.2824595,-1.8765512,BRFSS,285146,,DANN_BRFSS
-4.1504726,5.9825015,BRFSS,40018,,DANN_BRFSS
9.813058,17.492613,BRFSS,360336,,DANN_BRFSS
3.538755,15.78603,BRFSS,333863,,DANN_BRFSS
3.147048,10.042619,BRFSS,379432,,DANN_BRFSS
9.558033,8.627274,BRFSS,311146,,DANN_BRFSS
-1.9460577,10.857653,BRFSS,64754,,DANN_BRFSS
3.513286,16.591152,BRFSS,284582,,DANN_BRFSS
-3.5432372,5.695333,BRFSS,48074,,DANN_BRFSS
2.964683,10.120773,BRFSS,351226,,DANN_BRFSS
11.613292,10.60626,BRFSS,150687,,DANN_BRFSS
5.711517,11.034442,BRFSS,204117,,DANN_BRFSS
9.760936,8.267268,BRFSS,373808,,DANN_BRFSS
9.136879,4.8438473,BRFSS,134791,,DANN_BRFSS
1.2816024,12.589786,BRFSS,137535,,DANN_BRFSS
9.553051,3.6038017,BRFSS,218694,,DANN_BRFSS
10.129994,11.957033,BRFSS,120624,,DANN_BRFSS
1.0812801,12.72586,BRFSS,425057,,DANN_BRFSS
10.531704,4.64187,BRFSS,83746,,DANN_BRFSS
20.852417,-7.6753435,BRFSS,426102,,DANN_BRFSS
-3.6452408,4.0431376,BRFSS,39904,,DANN_BRFSS
-2.9136198,0.6575437,BRFSS,171706,,DANN_BRFSS
8.179766,6.053636,BRFSS,310273,,DANN_BRFSS
8.499459,11.768576,BRFSS,150391,,DANN_BRFSS
2.5065746,12.682981,BRFSS,108877,,DANN_BRFSS
7.1827636,14.959354,BRFSS,96525,,DANN_BRFSS
3.548113,16.581587,BRFSS,150372,,DANN_BRFSS
17.437765,-9.583414,BRFSS,268130,,DANN_BRFSS
7.01966,-3.5506268,BRFSS,48386,,DANN_BRFSS
6.94678,14.27873,BRFSS,205373,,DANN_BRFSS
-0.8714326,9.556565,BRFSS,245958,,DANN_BRFSS
10.07595,7.3056307,BRFSS,217402,,DANN_BRFSS
-4.4174824,3.564928,BRFSS,329053,,DANN_BRFSS
10.76347,8.716672,BRFSS,423168,,DANN_BRFSS
-3.1366732,1.448404,BRFSS,390510,,DANN_BRFSS
-1.9289044,4.5199366,BRFSS,14567,,DANN_BRFSS
26.737654,-1.8652952,BRFSS,416826,,DANN_BRFSS
11.235858,-2.5813441,BRFSS,279541,,DANN_BRFSS
-3.0970337,4.1258883,BRFSS,268907,,DANN_BRFSS
10.751566,8.731343,BRFSS,322645,,DANN_BRFSS
9.911752,13.069273,BRFSS,414826,,DANN_BRFSS
-0.6585266,2.1090503,BRFSS,57827,,DANN_BRFSS
8.486244,15.061013,BRFSS,373697,,DANN_BRFSS
9.30987,17.016014,BRFSS,17594,,DANN_BRFSS
0.5814312,15.247722,BRFSS,379167,,DANN_BRFSS
-2.3355484,11.322464,BRFSS,275744,,DANN_BRFSS
18.47226,-7.458493,BRFSS,223089,,DANN_BRFSS
0.4307928,15.180287,BRFSS,404368,,DANN_BRFSS
9.457071,8.547986,BRFSS,205916,,DANN_BRFSS
-2.598397,0.027378075,BRFSS,145975,,DANN_BRFSS
10.181892,13.824994,BRFSS,166274,,DANN_BRFSS
13.89629,3.877022,BRFSS,417459,,DANN_BRFSS
-3.5545032,4.0364866,BRFSS,191159,,DANN_BRFSS
11.499429,3.344826,BRFSS,412739,,DANN_BRFSS
8.658653,-0.8288593,BRFSS,166343,,DANN_BRFSS
-2.0311716,8.646448,BRFSS,301642,,DANN_BRFSS
-2.0465074,8.179295,BRFSS,51531,,DANN_BRFSS
-3.5219564,7.0428643,BRFSS,414227,,DANN_BRFSS
-2.0286584,10.268834,BRFSS,130823,,DANN_BRFSS
5.4959707,14.215581,BRFSS,112740,,DANN_BRFSS
-4.1216626,3.5440896,BRFSS,343062,,DANN_BRFSS
-1.601828,0.14572886,BRFSS,72215,,DANN_BRFSS
7.216179,13.738398,BRFSS,195681,,DANN_BRFSS
-2.3028805,4.3451147,BRFSS,448513,,DANN_BRFSS
-3.895746,5.313835,BRFSS,219179,,DANN_BRFSS
3.4627802,11.68099,BRFSS,306930,,DANN_BRFSS
-2.7306817,4.472404,BRFSS,408851,,DANN_BRFSS
-1.5530415,-0.34021044,BRFSS,295737,,DANN_BRFSS
0.06500625,14.964207,BRFSS,259300,,DANN_BRFSS
13.676952,4.3687906,BRFSS,254395,,DANN_BRFSS
18.044054,-7.782315,BRFSS,141298,,DANN_BRFSS
7.3835998,10.540241,BRFSS,93798,,DANN_BRFSS
-1.8190551,11.333849,BRFSS,303223,,DANN_BRFSS
-3.3967342,1.8134279,BRFSS,424934,,DANN_BRFSS
4.916879,16.381384,BRFSS,416847,,DANN_BRFSS
5.482583,14.280482,BRFSS,219459,,DANN_BRFSS
-4.190458,-8.6278925,NHANES,5639,Other Hispanic,DANN_BRFSS
-3.2411392,4.520085,BRFSS,125592,,DANN_BRFSS
-3.8876538,5.680321,BRFSS,269272,,DANN_BRFSS
-2.7264764,9.044172,BRFSS,440590,,DANN_BRFSS
7.7102823,5.987328,BRFSS,26763,,DANN_BRFSS
9.451018,-0.584859,BRFSS,195002,,DANN_BRFSS
-1.8845906,-0.15123525,BRFSS,15969,,DANN_BRFSS
3.5167549,15.646231,BRFSS,320400,,DANN_BRFSS
5.4524126,14.798897,BRFSS,423296,,DANN_BRFSS
8.534343,0.033262856,BRFSS,313688,,DANN_BRFSS
-1.5349438,11.153114,BRFSS,146343,,DANN_BRFSS
-3.1742864,6.645494,BRFSS,391789,,DANN_BRFSS
1.98699,10.390309,BRFSS,446424,,DANN_BRFSS
-4.4389377,3.8627262,BRFSS,354385,,DANN_BRFSS
7.0479727,-3.5244412,BRFSS,163003,,DANN_BRFSS
10.609383,4.6514792,BRFSS,206112,,DANN_BRFSS
8.3262615,11.666164,BRFSS,10288,,DANN_BRFSS
-1.9350811,7.4083924,BRFSS,124095,,DANN_BRFSS
9.019695,9.007157,BRFSS,244234,,DANN_BRFSS
7.9140143,11.379016,BRFSS,130226,,DANN_BRFSS
-0.28340998,14.778691,BRFSS,36311,,DANN_BRFSS
2.2875881,14.11234,BRFSS,160850,,DANN_BRFSS
8.635548,15.635255,BRFSS,19694,,DANN_BRFSS
-2.0656214,8.19202,BRFSS,430119,,DANN_BRFSS
-2.3417408,0.2625849,BRFSS,210919,,DANN_BRFSS
4.3858085,14.2024145,BRFSS,144471,,DANN_BRFSS
1.705256,11.097381,BRFSS,115146,,DANN_BRFSS
0.0669393,12.583183,BRFSS,88141,,DANN_BRFSS
-1.939367,10.8161545,BRFSS,105907,,DANN_BRFSS
-0.7399729,9.6769905,NHANES,5780,Mexican American,DANN_BRFSS
-2.0232928,1.7420181,BRFSS,408881,,DANN_BRFSS
-2.3269858,4.1181,BRFSS,222418,,DANN_BRFSS
9.995627,15.5657215,BRFSS,135228,,DANN_BRFSS
7.583927,14.800029,BRFSS,342410,,DANN_BRFSS
8.676814,5.8648806,BRFSS,52500,,DANN_BRFSS
12.211304,4.7113895,BRFSS,162381,,DANN_BRFSS
17.320877,-9.859349,BRFSS,100975,,DANN_BRFSS
-0.5987758,0.8369568,BRFSS,138884,,DANN_BRFSS
8.635372,15.816887,BRFSS,121892,,DANN_BRFSS
14.508802,-9.643727,BRFSS,307203,,DANN_BRFSS
-2.4282377,4.123366,BRFSS,425608,,DANN_BRFSS
-1.9166175,10.76801,BRFSS,65276,,DANN_BRFSS
11.651474,-2.6261334,BRFSS,205398,,DANN_BRFSS
8.143903,5.9835906,BRFSS,270706,,DANN_BRFSS
-0.601825,-0.89444005,BRFSS,252454,,DANN_BRFSS
-1.9249144,8.592347,BRFSS,43251,,DANN_BRFSS
10.012697,13.281826,BRFSS,9721,,DANN_BRFSS
8.273195,14.586918,BRFSS,128622,,DANN_BRFSS
7.7753444,13.620936,BRFSS,67122,,DANN_BRFSS
10.47947,4.638515,BRFSS,414002,,DANN_BRFSS
-3.6149266,3.5747492,BRFSS,448608,,DANN_BRFSS
8.230356,14.48382,BRFSS,103647,,DANN_BRFSS
7.335101,-2.9472108,BRFSS,347942,,DANN_BRFSS
-4.4369073,-8.381567,NHANES,2542,Non-Hispanic Black,DANN_BRFSS
12.196691,3.4799564,BRFSS,31731,,DANN_BRFSS
8.85035,-0.17754842,BRFSS,320748,,DANN_BRFSS
-1.0041735,2.0818,BRFSS,448657,,DANN_BRFSS
9.632246,3.0401886,BRFSS,220654,,DANN_BRFSS
8.243669,5.4257298,BRFSS,117838,,DANN_BRFSS
5.0253606,10.846185,BRFSS,308315,,DANN_BRFSS
12.278007,4.678839,BRFSS,73833,,DANN_BRFSS
-2.104383,-0.41117713,BRFSS,316375,,DANN_BRFSS
-1.2557652,7.092574,BRFSS,281744,,DANN_BRFSS
10.68782,3.1253612,BRFSS,221834,,DANN_BRFSS
7.495832,10.548579,BRFSS,132795,,DANN_BRFSS
9.802914,5.6897836,BRFSS,62875,,DANN_BRFSS
15.398153,1.0630472,BRFSS,78291,,DANN_BRFSS
5.0359597,17.024702,BRFSS,406262,,DANN_BRFSS
11.179302,10.799984,BRFSS,393232,,DANN_BRFSS
-2.1381586,3.0711799,BRFSS,182106,,DANN_BRFSS
-1.3792506,6.425884,BRFSS,356814,,DANN_BRFSS
3.867754,16.434603,BRFSS,84217,,DANN_BRFSS
0.784583,15.24004,BRFSS,354963,,DANN_BRFSS
2.2497044,14.670589,BRFSS,177665,,DANN_BRFSS
-2.3894734,3.011386,NHANES,3433,Non-Hispanic White,DANN_BRFSS
-0.9486093,13.785387,BRFSS,266476,,DANN_BRFSS
2.533024,12.016922,BRFSS,188118,,DANN_BRFSS
8.552022,16.839806,BRFSS,281866,,DANN_BRFSS
2.6286612,10.07418,BRFSS,12902,,DANN_BRFSS
8.709886,-0.63638943,BRFSS,114711,,DANN_BRFSS
4.4071007,10.834705,BRFSS,429951,,DANN_BRFSS
16.569725,-10.199807,BRFSS,45748,,DANN_BRFSS
8.271179,5.4427247,BRFSS,92813,,DANN_BRFSS
4.11769,15.456712,BRFSS,165309,,DANN_BRFSS
-0.934261,4.059523,BRFSS,343424,,DANN_BRFSS
2.7546427,12.154684,BRFSS,234591,,DANN_BRFSS
-3.9599488,4.61005,BRFSS,436578,,DANN_BRFSS
5.5989466,12.896825,BRFSS,247132,,DANN_BRFSS
10.288323,10.65756,BRFSS,55153,,DANN_BRFSS
11.685945,5.279363,BRFSS,355992,,DANN_BRFSS
-2.0792909,8.201254,BRFSS,61803,,DANN_BRFSS
26.732866,-1.8605405,BRFSS,166629,,DANN_BRFSS
21.354282,-6.9622874,BRFSS,326810,,DANN_BRFSS
11.922785,4.9367375,BRFSS,128460,,DANN_BRFSS
-1.8031263,1.0120665,BRFSS,301300,,DANN_BRFSS
-0.871723,0.64229333,BRFSS,191855,,DANN_BRFSS
26.737934,-1.8659699,BRFSS,169886,,DANN_BRFSS
21.768297,-6.1079154,BRFSS,71234,,DANN_BRFSS
8.249709,14.523861,BRFSS,322911,,DANN_BRFSS
-3.352868,4.3169913,BRFSS,385140,,DANN_BRFSS
-2.139654,2.387983,BRFSS,428220,,DANN_BRFSS
4.887835,16.307526,BRFSS,429999,,DANN_BRFSS
8.540491,15.255027,BRFSS,419584,,DANN_BRFSS
6.802418,14.081703,BRFSS,134516,,DANN_BRFSS
4.450352,14.378841,BRFSS,169703,,DANN_BRFSS
-1.3623971,2.3603377,BRFSS,423777,,DANN_BRFSS
-1.6996539,0.83870095,BRFSS,222249,,DANN_BRFSS
-0.615549,13.206273,BRFSS,126987,,DANN_BRFSS
8.819341,8.933494,BRFSS,358920,,DANN_BRFSS
-1.6434577,7.7536426,BRFSS,225471,,DANN_BRFSS
10.16873,15.258062,BRFSS,444924,,DANN_BRFSS
-2.4354806,2.8978782,BRFSS,124753,,DANN_BRFSS
13.702142,4.3415184,BRFSS,320736,,DANN_BRFSS
-1.9595687,6.780324,BRFSS,122893,,DANN_BRFSS
20.887974,-7.6521273,BRFSS,241316,,DANN_BRFSS
4.8532476,10.759554,BRFSS,129224,,DANN_BRFSS
8.071101,0.9553357,BRFSS,284534,,DANN_BRFSS
-3.7135055,4.0279527,BRFSS,60707,,DANN_BRFSS
9.721074,15.96588,BRFSS,281352,,DANN_BRFSS
8.4358225,5.6277857,BRFSS,446782,,DANN_BRFSS
-1.9093423,1.9106525,BRFSS,302436,,DANN_BRFSS
5.33203,10.953016,BRFSS,148469,,DANN_BRFSS
-1.7684542,6.6668286,BRFSS,54547,,DANN_BRFSS
11.8820715,3.6120486,BRFSS,277336,,DANN_BRFSS
8.536853,15.221409,NHANES,7125,Non-Hispanic Black,DANN_BRFSS
20.57019,-7.6717124,BRFSS,323639,,DANN_BRFSS
10.683402,2.448368,BRFSS,237923,,DANN_BRFSS
-2.6887558,2.743576,BRFSS,321862,,DANN_BRFSS
4.3035707,11.754057,BRFSS,197838,,DANN_BRFSS
9.381363,16.996532,BRFSS,89072,,DANN_BRFSS
10.021437,6.6998224,BRFSS,101832,,DANN_BRFSS
2.5781834,10.48755,BRFSS,172314,,DANN_BRFSS
9.744209,12.725915,BRFSS,425260,,DANN_BRFSS
15.469164,-9.97666,BRFSS,421916,,DANN_BRFSS
5.4422474,10.84119,BRFSS,291574,,DANN_BRFSS
5.5790777,10.917657,BRFSS,237255,,DANN_BRFSS
-2.1629324,10.414745,BRFSS,77215,,DANN_BRFSS
-2.7401838,9.05487,BRFSS,188090,,DANN_BRFSS
2.2175303,12.432011,BRFSS,126078,,DANN_BRFSS
1.1119943,13.421824,BRFSS,58769,,DANN_BRFSS
-0.6750067,-1.9468256,BRFSS,380518,,DANN_BRFSS
16.633072,-10.211328,BRFSS,409898,,DANN_BRFSS
11.387268,10.773856,BRFSS,164495,,DANN_BRFSS
-0.7619767,9.693108,BRFSS,179528,,DANN_BRFSS
6.946321,-3.6896462,BRFSS,162011,,DANN_BRFSS
6.8740706,-3.92752,BRFSS,108649,,DANN_BRFSS
19.83075,-7.5860095,BRFSS,272195,,DANN_BRFSS
15.119955,1.1839395,BRFSS,67487,,DANN_BRFSS
8.230796,14.480611,BRFSS,285385,,DANN_BRFSS
10.743231,3.1182942,BRFSS,126922,,DANN_BRFSS
15.280402,1.094352,BRFSS,175441,,DANN_BRFSS
8.837811,8.960803,BRFSS,256255,,DANN_BRFSS
-4.4521976,-8.366239,NHANES,4326,Other Hispanic,DANN_BRFSS
0.5494947,13.703077,BRFSS,54234,,DANN_BRFSS
-1.2782383,6.2176266,BRFSS,25292,,DANN_BRFSS
-0.6849989,-1.8673049,BRFSS,305887,,DANN_BRFSS
9.981949,8.728875,BRFSS,208867,,DANN_BRFSS
8.070195,14.131597,BRFSS,31883,,DANN_BRFSS
8.138855,0.81622,BRFSS,164693,,DANN_BRFSS
10.741968,2.4127753,BRFSS,328920,,DANN_BRFSS
17.54819,-9.091784,BRFSS,268042,,DANN_BRFSS
13.613997,4.4390626,BRFSS,298437,,DANN_BRFSS
-0.42003456,1.3717936,BRFSS,424006,,DANN_BRFSS
7.1087246,16.109884,BRFSS,148144,,DANN_BRFSS
-4.0085664,5.781267,BRFSS,243478,,DANN_BRFSS
8.60138,0.15383634,BRFSS,66130,,DANN_BRFSS
8.034148,16.039656,BRFSS,77752,,DANN_BRFSS
7.0361857,-3.5054939,BRFSS,323673,,DANN_BRFSS
5.6539025,13.206175,BRFSS,184653,,DANN_BRFSS
12.040852,4.735602,BRFSS,224536,,DANN_BRFSS
20.9027,-7.630311,BRFSS,354931,,DANN_BRFSS
15.147462,1.1588464,BRFSS,174930,,DANN_BRFSS
-2.6530244,6.111807,BRFSS,46059,,DANN_BRFSS
12.061307,-2.6331062,BRFSS,419599,,DANN_BRFSS
8.642331,5.833466,BRFSS,67536,,DANN_BRFSS
4.031863,14.952585,BRFSS,311238,,DANN_BRFSS
10.971961,2.7587442,BRFSS,107247,,DANN_BRFSS
-3.3332117,1.9322957,BRFSS,247144,,DANN_BRFSS
0.12164621,13.369949,BRFSS,274392,,DANN_BRFSS
8.55963,16.841894,BRFSS,88625,,DANN_BRFSS
-1.0899961,12.833792,BRFSS,334329,,DANN_BRFSS
10.205786,13.7447,BRFSS,225833,,DANN_BRFSS
11.895099,4.963845,BRFSS,377653,,DANN_BRFSS
10.858026,3.1018934,BRFSS,447111,,DANN_BRFSS
-2.1541667,1.4475217,BRFSS,107630,,DANN_BRFSS
-4.0500455,3.4625556,BRFSS,142841,,DANN_BRFSS
21.34295,-6.939441,BRFSS,20486,,DANN_BRFSS
-3.1290176,1.4599563,BRFSS,382884,,DANN_BRFSS
19.843409,-7.583756,BRFSS,205847,,DANN_BRFSS
10.1591,15.192646,NHANES,2805,Non-Hispanic Black,DANN_BRFSS
-1.2021035,2.1497042,BRFSS,212633,,DANN_BRFSS
3.63865,16.624022,BRFSS,266365,,DANN_BRFSS
5.573747,16.608585,BRFSS,150757,,DANN_BRFSS
2.8792078,12.861429,BRFSS,411586,,DANN_BRFSS
4.707171,15.684658,BRFSS,313842,,DANN_BRFSS
7.6472135,10.367079,BRFSS,338103,,DANN_BRFSS
0.26816878,13.23257,BRFSS,57504,,DANN_BRFSS
4.4603925,12.000552,BRFSS,26414,,DANN_BRFSS
-4.0306964,5.447344,BRFSS,258093,,DANN_BRFSS
10.865855,3.3446898,BRFSS,79133,,DANN_BRFSS
7.498765,16.78205,BRFSS,288998,,DANN_BRFSS
7.700103,11.964878,BRFSS,73533,,DANN_BRFSS
8.681532,-0.6606876,BRFSS,252764,,DANN_BRFSS
-0.59892815,-1.2437304,BRFSS,424221,,DANN_BRFSS
-4.266635,3.3212817,BRFSS,97779,,DANN_BRFSS
9.7521105,7.338242,BRFSS,119030,,DANN_BRFSS
7.1924205,14.899784,BRFSS,273437,,DANN_BRFSS
2.2867064,14.7965145,BRFSS,120156,,DANN_BRFSS
10.747522,8.718928,BRFSS,257195,,DANN_BRFSS
0.05302002,13.39239,BRFSS,272834,,DANN_BRFSS
7.118201,16.166534,BRFSS,288359,,DANN_BRFSS
-2.3268318,7.769876,BRFSS,193084,,DANN_BRFSS
9.9808445,6.672737,BRFSS,98533,,DANN_BRFSS
-2.2957134,6.113769,BRFSS,389724,,DANN_BRFSS
7.8023396,6.120809,BRFSS,163468,,DANN_BRFSS
-1.2807723,7.120856,BRFSS,373659,,DANN_BRFSS
8.0600605,12.131429,BRFSS,433530,,DANN_BRFSS
2.8366096,12.978845,BRFSS,280811,,DANN_BRFSS
2.7173083,10.356422,BRFSS,286406,,DANN_BRFSS
10.389589,12.223429,BRFSS,76257,,DANN_BRFSS
-0.97130823,12.818847,BRFSS,317327,,DANN_BRFSS
-2.785091,2.5093894,BRFSS,177360,,DANN_BRFSS
-2.7127666,0.40904546,BRFSS,251874,,DANN_BRFSS
6.290801,13.297153,BRFSS,417142,,DANN_BRFSS
-2.2666144,2.2159147,BRFSS,425411,,DANN_BRFSS
-1.6507584,10.525908,BRFSS,125888,,DANN_BRFSS
12.800439,4.4114094,BRFSS,150451,,DANN_BRFSS
4.4435945,16.811884,BRFSS,268626,,DANN_BRFSS
7.8590455,6.3165503,BRFSS,138889,,DANN_BRFSS
5.0947328,17.026642,BRFSS,413787,,DANN_BRFSS
17.528713,-9.126042,BRFSS,167038,,DANN_BRFSS
0.098749585,12.004254,BRFSS,169036,,DANN_BRFSS
8.271989,5.3870225,BRFSS,109514,,DANN_BRFSS
8.959046,9.716719,BRFSS,61961,,DANN_BRFSS
7.388369,16.792213,BRFSS,307850,,DANN_BRFSS
9.81655,7.520021,BRFSS,402986,,DANN_BRFSS
-1.8079922,4.462692,BRFSS,332962,,DANN_BRFSS
6.0757546,11.6487255,NHANES,5257,Non-Hispanic Black,DANN_BRFSS
5.5957017,12.094723,BRFSS,327177,,DANN_BRFSS
-0.90543723,-0.0011317843,BRFSS,124998,,DANN_BRFSS
10.440006,2.5522566,BRFSS,16891,,DANN_BRFSS
-3.1593673,5.9147296,BRFSS,144239,,DANN_BRFSS
-2.4381862,1.1041094,BRFSS,353646,,DANN_BRFSS
11.569981,8.6326275,BRFSS,180584,,DANN_BRFSS
-1.7074561,11.252711,NHANES,3062,Non-Hispanic Black,DANN_BRFSS
4.386245,16.399244,BRFSS,350381,,DANN_BRFSS
-4.0240455,2.951183,BRFSS,252724,,DANN_BRFSS
14.922012,2.7346268,BRFSS,376970,,DANN_BRFSS
10.286924,10.6535225,BRFSS,446356,,DANN_BRFSS
7.188871,-3.1956856,BRFSS,151310,,DANN_BRFSS
0.3838912,15.149407,BRFSS,363141,,DANN_BRFSS
7.3188868,-2.9717762,BRFSS,413734,,DANN_BRFSS
9.4470825,-0.5873122,BRFSS,307817,,DANN_BRFSS
3.5781007,12.75044,BRFSS,62239,,DANN_BRFSS
-0.89898664,10.392702,BRFSS,424524,,DANN_BRFSS
-2.7377,0.28463072,BRFSS,191349,,DANN_BRFSS
-2.5052664,9.6335125,BRFSS,205924,,DANN_BRFSS
5.0446057,10.8181505,BRFSS,11602,,DANN_BRFSS
8.63703,11.330628,BRFSS,320611,,DANN_BRFSS
-3.5987408,4.027928,BRFSS,283515,,DANN_BRFSS
-4.4207225,3.6725254,BRFSS,58713,,DANN_BRFSS
15.386049,1.058824,BRFSS,18788,,DANN_BRFSS
-2.334708,11.311367,BRFSS,187037,,DANN_BRFSS
-4.1915565,5.836181,BRFSS,60378,,DANN_BRFSS
7.902723,15.3776,BRFSS,392444,,DANN_BRFSS
7.086783,16.049026,BRFSS,286529,,DANN_BRFSS
-2.974296,4.074969,BRFSS,167465,,DANN_BRFSS
2.6320686,15.622171,BRFSS,42903,,DANN_BRFSS
-1.586832,-0.75891733,BRFSS,248410,,DANN_BRFSS
9.792476,9.299016,BRFSS,288460,,DANN_BRFSS
15.520445,1.8971641,BRFSS,81244,,DANN_BRFSS
9.661165,9.076085,BRFSS,135562,,DANN_BRFSS
4.2453866,13.366174,BRFSS,10074,,DANN_BRFSS
10.118085,15.358789,BRFSS,298100,,DANN_BRFSS
2.8324273,15.950781,BRFSS,434775,,DANN_BRFSS
-0.008059625,12.61249,BRFSS,237455,,DANN_BRFSS
3.719667,11.689583,BRFSS,441651,,DANN_BRFSS
5.249748,16.969557,BRFSS,388096,,DANN_BRFSS
-1.214416,6.070269,BRFSS,222856,,DANN_BRFSS
8.197229,0.6681149,BRFSS,91053,,DANN_BRFSS
2.4474945,11.025427,BRFSS,27576,,DANN_BRFSS
3.6450515,11.483371,BRFSS,180395,,DANN_BRFSS
17.21974,-9.990861,BRFSS,191719,,DANN_BRFSS
-0.8815603,9.554502,BRFSS,123711,,DANN_BRFSS
-1.9139878,0.7283195,BRFSS,199006,,DANN_BRFSS
4.09618,15.226071,BRFSS,61715,,DANN_BRFSS
-2.5105455,4.7099643,BRFSS,242043,,DANN_BRFSS
6.591505,13.799339,BRFSS,299149,,DANN_BRFSS
-3.273393,5.958329,BRFSS,353787,,DANN_BRFSS
5.8623056,11.675166,BRFSS,20227,,DANN_BRFSS
-1.1198648,-1.5612719,BRFSS,154247,,DANN_BRFSS
7.9102025,16.70418,BRFSS,243854,,DANN_BRFSS
19.950542,-7.6029334,BRFSS,162534,,DANN_BRFSS
15.219762,-9.9235935,BRFSS,45587,,DANN_BRFSS
-0.85652906,-1.7342479,BRFSS,13763,,DANN_BRFSS
-2.9432313,2.4585233,BRFSS,301833,,DANN_BRFSS
-1.3200257,11.064855,BRFSS,412006,,DANN_BRFSS
10.167248,11.977977,BRFSS,242617,,DANN_BRFSS
-0.5152087,1.0113207,BRFSS,110754,,DANN_BRFSS
9.622299,3.039459,BRFSS,313480,,DANN_BRFSS
-0.98483944,4.244095,BRFSS,103365,,DANN_BRFSS
21.388237,-6.9000964,BRFSS,365296,,DANN_BRFSS
11.903436,4.0558267,BRFSS,153067,,DANN_BRFSS
0.7302922,15.281097,BRFSS,280745,,DANN_BRFSS
-2.7319286,0.36604735,BRFSS,424053,,DANN_BRFSS
8.860708,6.82441,BRFSS,322548,,DANN_BRFSS
-2.663613,6.10498,BRFSS,329270,,DANN_BRFSS
11.708261,5.2673674,BRFSS,74548,,DANN_BRFSS
5.1995163,16.81996,BRFSS,410031,,DANN_BRFSS
12.506957,3.2148817,BRFSS,348638,,DANN_BRFSS
11.239307,-2.561323,BRFSS,29523,,DANN_BRFSS
7.9180455,16.769253,BRFSS,376683,,DANN_BRFSS
5.6796618,16.493141,BRFSS,420478,,DANN_BRFSS
-4.0154476,6.205484,BRFSS,123463,,DANN_BRFSS
-0.64660436,9.974517,BRFSS,59308,,DANN_BRFSS
-4.4665666,-8.351748,NHANES,1669,Non-Hispanic White,DANN_BRFSS
2.2528033,11.319964,BRFSS,171731,,DANN_BRFSS
5.0025587,12.252298,BRFSS,405582,,DANN_BRFSS
9.571714,16.849243,BRFSS,442448,,DANN_BRFSS
4.2284865,13.361739,BRFSS,326624,,DANN_BRFSS
-4.197092,-8.621138,NHANES,5783,Non-Hispanic Black,DANN_BRFSS
-2.8515306,6.5727863,BRFSS,66875,,DANN_BRFSS
11.09199,-2.5861192,BRFSS,404956,,DANN_BRFSS
-2.0192437,8.151942,BRFSS,247511,,DANN_BRFSS
-2.89293,5.8623624,BRFSS,140337,,DANN_BRFSS
11.0493,4.0467405,BRFSS,199790,,DANN_BRFSS
5.337201,11.047402,BRFSS,287300,,DANN_BRFSS
8.822035,9.260293,BRFSS,433268,,DANN_BRFSS
-3.5848,5.0459175,BRFSS,301132,,DANN_BRFSS
10.415238,4.626316,BRFSS,446152,,DANN_BRFSS
17.360886,-9.784024,BRFSS,142165,,DANN_BRFSS
3.8464704,12.642011,BRFSS,292388,,DANN_BRFSS
14.296817,3.4529583,BRFSS,205987,,DANN_BRFSS
15.514182,1.9212456,BRFSS,202253,,DANN_BRFSS
-2.9037175,0.63830215,BRFSS,217389,,DANN_BRFSS
-0.7239283,13.941048,BRFSS,151829,,DANN_BRFSS
7.314385,10.548518,BRFSS,346837,,DANN_BRFSS
11.459536,10.758984,BRFSS,259206,,DANN_BRFSS
10.324955,-2.4039798,BRFSS,267382,,DANN_BRFSS
-0.49989963,1.7527668,BRFSS,406337,,DANN_BRFSS
-0.7476308,3.8784277,BRFSS,403905,,DANN_BRFSS
7.907781,10.21636,BRFSS,65360,,DANN_BRFSS
5.132809,11.318558,BRFSS,18836,,DANN_BRFSS
9.725283,6.936701,BRFSS,89421,,DANN_BRFSS
8.80154,9.780995,BRFSS,234753,,DANN_BRFSS
10.047027,5.9209776,BRFSS,203988,,DANN_BRFSS
17.793982,-8.1343155,BRFSS,380758,,DANN_BRFSS
13.969019,3.7616482,BRFSS,310600,,DANN_BRFSS
13.630289,4.4203053,BRFSS,120433,,DANN_BRFSS
-0.28880835,14.778708,BRFSS,153681,,DANN_BRFSS
5.643879,15.628527,BRFSS,274437,,DANN_BRFSS
-1.8751997,-0.64377034,BRFSS,88003,,DANN_BRFSS
8.907053,9.0024395,BRFSS,255304,,DANN_BRFSS
-4.517185,3.7325313,BRFSS,442951,,DANN_BRFSS
17.041199,-10.147465,BRFSS,251160,,DANN_BRFSS
-3.0505493,4.4662213,BRFSS,71069,,DANN_BRFSS
-0.7585197,14.421069,BRFSS,13773,,DANN_BRFSS
8.403949,5.63466,BRFSS,400281,,DANN_BRFSS
8.667956,11.948403,BRFSS,102280,,DANN_BRFSS
9.419278,17.223186,BRFSS,206709,,DANN_BRFSS
8.953944,7.0965166,BRFSS,162982,,DANN_BRFSS
3.4772415,15.144742,BRFSS,333153,,DANN_BRFSS
17.30187,-9.883848,BRFSS,58946,,DANN_BRFSS
16.562233,-10.201741,BRFSS,54905,,DANN_BRFSS
-2.1295023,0.38092142,BRFSS,230317,,DANN_BRFSS
18.14153,-7.6762805,BRFSS,401959,,DANN_BRFSS
5.636583,13.666992,BRFSS,24846,,DANN_BRFSS
-1.8072585,9.662088,BRFSS,403096,,DANN_BRFSS
5.2496543,11.009172,BRFSS,129602,,DANN_BRFSS
14.122701,3.601211,BRFSS,275484,,DANN_BRFSS
-1.7757343,5.5340734,BRFSS,62638,,DANN_BRFSS
-0.3900431,12.375039,BRFSS,337700,,DANN_BRFSS
22.200748,-5.4883327,BRFSS,428351,,DANN_BRFSS
-1.7637093,11.265222,BRFSS,428978,,DANN_BRFSS
1.3045883,12.552218,BRFSS,102857,,DANN_BRFSS
11.730377,3.4975784,BRFSS,213223,,DANN_BRFSS
8.362199,11.27667,BRFSS,195473,,DANN_BRFSS
8.55595,15.254755,BRFSS,378139,,DANN_BRFSS
9.787925,9.302648,BRFSS,213794,,DANN_BRFSS
-0.4706984,0.9770238,BRFSS,247596,,DANN_BRFSS
5.6500554,11.009054,BRFSS,364884,,DANN_BRFSS
-1.2293011,-1.9379029,BRFSS,144106,,DANN_BRFSS
-3.6766028,5.6343875,BRFSS,76463,,DANN_BRFSS
9.855071,9.238225,BRFSS,333446,,DANN_BRFSS
9.486342,3.9524305,BRFSS,259281,,DANN_BRFSS
11.467877,3.7995064,BRFSS,446999,,DANN_BRFSS
-3.8669977,6.1903067,BRFSS,142303,,DANN_BRFSS
11.874141,8.647696,BRFSS,26929,,DANN_BRFSS
6.8093925,14.091558,BRFSS,177576,,DANN_BRFSS
9.870523,8.055456,BRFSS,435510,,DANN_BRFSS
-3.4558396,1.6279224,BRFSS,437455,,DANN_BRFSS
-2.0183485,8.632052,BRFSS,425975,,DANN_BRFSS
17.046865,-10.143902,BRFSS,259528,,DANN_BRFSS
2.2971218,14.840646,BRFSS,371921,,DANN_BRFSS
8.566429,-0.028395835,BRFSS,290157,,DANN_BRFSS
-1.8173368,0.28709397,BRFSS,115970,,DANN_BRFSS
-0.4597773,1.4059901,BRFSS,136884,,DANN_BRFSS
15.522932,2.430375,BRFSS,207053,,DANN_BRFSS
-2.5772054,0.0101512205,BRFSS,224630,,DANN_BRFSS
-0.6904083,10.616819,BRFSS,308569,,DANN_BRFSS
-1.4718614,-0.61723346,BRFSS,192824,,DANN_BRFSS
2.8618462,11.655288,BRFSS,369051,,DANN_BRFSS
-0.9362837,13.826054,BRFSS,111171,,DANN_BRFSS
-0.6220954,2.9151342,BRFSS,388928,,DANN_BRFSS
14.2887945,3.460174,BRFSS,121594,,DANN_BRFSS
-2.7640684,4.4950423,BRFSS,68398,,DANN_BRFSS
13.899698,3.9009402,BRFSS,311431,,DANN_BRFSS
-1.2914835,11.04119,BRFSS,109094,,DANN_BRFSS
-2.5265234,10.169097,BRFSS,156263,,DANN_BRFSS
18.301115,-7.5462437,BRFSS,175551,,DANN_BRFSS
10.034709,6.8119164,BRFSS,441238,,DANN_BRFSS
-0.86931413,12.71733,BRFSS,214566,,DANN_BRFSS
-1.895908,11.440556,BRFSS,161176,,DANN_BRFSS
-1.714866,1.2747264,BRFSS,318741,,DANN_BRFSS
0.54967123,12.989121,BRFSS,293757,,DANN_BRFSS
3.4759243,13.025883,BRFSS,184131,,DANN_BRFSS
-0.4831462,1.7585319,BRFSS,276405,,DANN_BRFSS
-4.05898,2.9916496,BRFSS,230947,,DANN_BRFSS
17.7941,-8.1296,BRFSS,401002,,DANN_BRFSS
5.687499,15.722782,BRFSS,218725,,DANN_BRFSS
-1.0247581,-1.382584,BRFSS,54568,,DANN_BRFSS
-0.5745885,13.188092,BRFSS,56870,,DANN_BRFSS
15.40416,1.0625329,BRFSS,164300,,DANN_BRFSS
-2.4748979,7.212814,BRFSS,220292,,DANN_BRFSS
8.62851,5.800617,BRFSS,47603,,DANN_BRFSS
17.417984,-9.617192,BRFSS,301236,,DANN_BRFSS
2.7591493,10.379619,BRFSS,24469,,DANN_BRFSS
5.723405,15.911837,BRFSS,79298,,DANN_BRFSS
11.8815975,8.670572,BRFSS,256284,,DANN_BRFSS
10.331129,-2.3967414,BRFSS,43604,,DANN_BRFSS
9.34344,4.136335,BRFSS,404258,,DANN_BRFSS
-0.13825014,12.225171,BRFSS,390455,,DANN_BRFSS
7.361848,10.53954,BRFSS,238814,,DANN_BRFSS
7.841771,10.264004,BRFSS,242082,,DANN_BRFSS
2.2438538,14.660214,BRFSS,97380,,DANN_BRFSS
9.686595,3.2103462,BRFSS,60583,,DANN_BRFSS
8.042168,15.970247,BRFSS,218643,,DANN_BRFSS
-2.3310974,11.320819,BRFSS,402886,,DANN_BRFSS
-4.0140266,4.6574655,BRFSS,57690,,DANN_BRFSS
-1.5835508,0.13986215,BRFSS,139095,,DANN_BRFSS
0.025714802,12.595874,BRFSS,256173,,DANN_BRFSS
8.738906,9.066887,BRFSS,440721,,DANN_BRFSS
9.8527975,9.262002,BRFSS,372846,,DANN_BRFSS
0.0013996952,12.613235,BRFSS,239994,,DANN_BRFSS
9.40725,-0.5613374,BRFSS,433066,,DANN_BRFSS
-2.0545895,11.622851,BRFSS,254307,,DANN_BRFSS
8.430419,0.2377534,BRFSS,321531,,DANN_BRFSS
0.7537568,15.262946,BRFSS,134059,,DANN_BRFSS
10.052438,5.9166226,BRFSS,71423,,DANN_BRFSS
5.6713643,13.595285,BRFSS,319522,,DANN_BRFSS
-1.599517,10.512393,BRFSS,429108,,DANN_BRFSS
-1.6663543,7.869139,BRFSS,168832,,DANN_BRFSS
-0.9066022,10.852655,BRFSS,165416,,DANN_BRFSS
8.369087,11.261492,BRFSS,189080,,DANN_BRFSS
2.4799666,15.290712,BRFSS,202003,,DANN_BRFSS
5.7138104,15.846398,BRFSS,170475,,DANN_BRFSS
-3.7020423,5.145754,BRFSS,172150,,DANN_BRFSS
10.449504,4.630285,BRFSS,206130,,DANN_BRFSS
-0.83757067,-2.1125162,BRFSS,284013,,DANN_BRFSS
-1.4255518,-1.3242631,BRFSS,246670,,DANN_BRFSS
8.427851,0.24376984,BRFSS,313059,,DANN_BRFSS
9.344579,6.538911,BRFSS,314707,,DANN_BRFSS
12.510495,3.2372143,BRFSS,418433,,DANN_BRFSS
21.613523,-6.375359,BRFSS,110520,,DANN_BRFSS
17.245445,-9.955814,BRFSS,88635,,DANN_BRFSS
-0.8906997,10.389914,BRFSS,433223,,DANN_BRFSS
-2.7417626,0.41527194,BRFSS,434911,,DANN_BRFSS
11.112159,10.791225,BRFSS,11464,,DANN_BRFSS
5.4712415,14.300336,BRFSS,106677,,DANN_BRFSS
-3.9343796,6.177283,BRFSS,421149,,DANN_BRFSS
14.911013,2.7493875,BRFSS,316590,,DANN_BRFSS
9.889151,15.757506,BRFSS,377693,,DANN_BRFSS
9.707094,16.658566,BRFSS,375710,,DANN_BRFSS
-3.4919295,4.364502,BRFSS,318123,,DANN_BRFSS
5.8397336,12.838783,BRFSS,232066,,DANN_BRFSS
-4.2024803,-8.615823,NHANES,1774,Non-Hispanic Black,DANN_BRFSS
8.433083,5.262304,BRFSS,93012,,DANN_BRFSS
9.686712,5.5823507,BRFSS,344659,,DANN_BRFSS
-1.6891981,-0.8790218,BRFSS,274537,,DANN_BRFSS
20.278477,-7.644558,BRFSS,232973,,DANN_BRFSS
9.046684,-0.36722538,BRFSS,109278,,DANN_BRFSS
1.9801719,10.474768,BRFSS,161325,,DANN_BRFSS
20.054909,-7.61674,BRFSS,331056,,DANN_BRFSS
-0.6974954,-2.0223663,BRFSS,335480,,DANN_BRFSS
4.4572077,12.047764,BRFSS,288020,,DANN_BRFSS
-1.7390645,7.6574154,BRFSS,313516,,DANN_BRFSS
15.492566,2.4523194,BRFSS,152501,,DANN_BRFSS
16.631153,-10.210587,BRFSS,33772,,DANN_BRFSS
11.025394,3.9929624,BRFSS,261296,,DANN_BRFSS
9.446646,17.249643,BRFSS,413235,,DANN_BRFSS
10.116553,10.587709,BRFSS,321301,,DANN_BRFSS
9.6035795,3.1407752,BRFSS,288355,,DANN_BRFSS
5.729463,15.91054,BRFSS,219355,,DANN_BRFSS
-2.8599963,0.7973468,BRFSS,246801,,DANN_BRFSS
20.272158,-7.655105,BRFSS,388192,,DANN_BRFSS
-3.1350133,7.3794,BRFSS,155460,,DANN_BRFSS
-1.4942132,-0.64061296,BRFSS,292091,,DANN_BRFSS
4.6884394,15.655006,BRFSS,133210,,DANN_BRFSS
11.470388,10.755713,BRFSS,398650,,DANN_BRFSS
10.571662,10.710292,BRFSS,351033,,DANN_BRFSS
-4.196222,5.800958,BRFSS,129376,,DANN_BRFSS
10.331087,-2.3935196,BRFSS,232772,,DANN_BRFSS
8.712203,-0.60146075,BRFSS,52119,,DANN_BRFSS
7.6025896,11.870137,BRFSS,289616,,DANN_BRFSS
-3.8560019,4.559149,BRFSS,195330,,DANN_BRFSS
5.734764,15.938983,BRFSS,81692,,DANN_BRFSS
0.9544339,11.78284,BRFSS,65543,,DANN_BRFSS
-1.9793097,0.17601806,BRFSS,13477,,DANN_BRFSS
9.76298,5.64845,BRFSS,298311,,DANN_BRFSS
14.651234,-9.770452,BRFSS,319440,,DANN_BRFSS
18.058014,-7.7640605,BRFSS,38618,,DANN_BRFSS
-2.71821,7.297906,BRFSS,64118,,DANN_BRFSS
-3.2791312,5.9860015,BRFSS,231013,,DANN_BRFSS
9.213069,4.981424,BRFSS,322879,,DANN_BRFSS
17.064833,-10.1255865,BRFSS,282550,,DANN_BRFSS
-2.4984286,7.2276454,BRFSS,104831,,DANN_BRFSS
11.075549,4.035479,BRFSS,244106,,DANN_BRFSS
-2.6416204,10.031366,BRFSS,22538,,DANN_BRFSS
14.691305,-9.801492,BRFSS,54599,,DANN_BRFSS
2.5934796,10.424409,BRFSS,193898,,DANN_BRFSS
7.871109,13.764052,BRFSS,99478,,DANN_BRFSS
-1.7509022,7.0083613,BRFSS,143281,,DANN_BRFSS
10.653511,4.651888,BRFSS,129545,,DANN_BRFSS
-0.74947625,10.2062845,BRFSS,236739,,DANN_BRFSS
9.579341,3.1213279,BRFSS,115222,,DANN_BRFSS
5.653032,16.523205,BRFSS,341371,,DANN_BRFSS
5.63155,15.624494,BRFSS,385691,,DANN_BRFSS
9.660767,8.194818,BRFSS,107909,,DANN_BRFSS
2.2721665,11.066289,BRFSS,88212,,DANN_BRFSS
9.556703,5.9769073,BRFSS,49586,,DANN_BRFSS
2.2865257,14.118558,BRFSS,165901,,DANN_BRFSS
17.471449,-9.470956,BRFSS,204044,,DANN_BRFSS
-2.1630003,2.8370137,BRFSS,434660,,DANN_BRFSS
5.546152,14.041853,BRFSS,58401,,DANN_BRFSS
4.0924873,16.600641,BRFSS,442081,,DANN_BRFSS
5.4784083,14.856373,BRFSS,398019,,DANN_BRFSS
-0.4661124,1.8423885,BRFSS,362298,,DANN_BRFSS
-1.2736827,6.3427987,BRFSS,45632,,DANN_BRFSS
11.637918,3.4628725,BRFSS,298129,,DANN_BRFSS
7.608127,11.890087,BRFSS,183339,,DANN_BRFSS
21.356167,-6.94949,BRFSS,303003,,DANN_BRFSS
8.8910265,5.4251003,BRFSS,95951,,DANN_BRFSS
4.4390235,12.231673,BRFSS,64713,,DANN_BRFSS
-0.39953402,14.716775,BRFSS,179613,,DANN_BRFSS
10.089315,5.9625735,BRFSS,412937,,DANN_BRFSS
26.74334,-1.8734238,BRFSS,347892,,DANN_BRFSS
3.4754376,15.139361,BRFSS,110872,,DANN_BRFSS
9.047961,16.664791,BRFSS,366634,,DANN_BRFSS
5.598586,13.731649,BRFSS,302832,,DANN_BRFSS
-3.2737348,6.3210783,BRFSS,68910,,DANN_BRFSS
-1.1220993,12.824931,BRFSS,64264,,DANN_BRFSS
11.994916,3.2900236,BRFSS,311482,,DANN_BRFSS
-0.8439642,14.048444,BRFSS,154919,,DANN_BRFSS
7.8361635,6.250406,BRFSS,255756,,DANN_BRFSS
8.165811,14.361685,BRFSS,239514,,DANN_BRFSS
-1.0872959,-1.4001787,BRFSS,298379,,DANN_BRFSS
-0.8221107,-2.1609688,BRFSS,190385,,DANN_BRFSS
-3.7335339,2.6922102,BRFSS,406757,,DANN_BRFSS
-1.7360932,7.662443,BRFSS,275026,,DANN_BRFSS
-0.6568639,10.597194,BRFSS,296422,,DANN_BRFSS
-4.249599,-8.568694,NHANES,9125,Mexican American,DANN_BRFSS
-1.221097,-1.7754724,BRFSS,111586,,DANN_BRFSS
8.6431675,15.8060255,BRFSS,73599,,DANN_BRFSS
15.113717,1.1751878,BRFSS,357510,,DANN_BRFSS
-4.527488,-8.290262,NHANES,3986,Other Race,DANN_BRFSS
1.2742596,12.00474,BRFSS,301394,,DANN_BRFSS
-3.0375507,1.0927976,BRFSS,360491,,DANN_BRFSS
9.139611,16.59991,BRFSS,287048,,DANN_BRFSS
10.374345,8.876959,BRFSS,132697,,DANN_BRFSS
-0.95707196,4.0721354,BRFSS,342714,,DANN_BRFSS
-3.2458632,4.291123,BRFSS,378634,,DANN_BRFSS
-0.70617646,0.71415687,BRFSS,305717,,DANN_BRFSS
-3.2013423,5.943916,BRFSS,43020,,DANN_BRFSS
-2.0791006,11.6425705,BRFSS,294476,,DANN_BRFSS
-1.1587008,1.3237221,BRFSS,420897,,DANN_BRFSS
11.608317,10.602548,BRFSS,441960,,DANN_BRFSS
-1.4732282,-0.49436373,BRFSS,394482,,DANN_BRFSS
-1.0779682,0.90046436,BRFSS,154499,,DANN_BRFSS
10.268118,2.7738082,BRFSS,129017,,DANN_BRFSS
-3.061835,2.1081977,BRFSS,343499,,DANN_BRFSS
-3.1151109,4.2528796,BRFSS,326269,,DANN_BRFSS
-0.85557675,10.833004,BRFSS,338527,,DANN_BRFSS
7.9493575,15.54356,BRFSS,79665,,DANN_BRFSS
-2.778573,2.516886,BRFSS,298708,,DANN_BRFSS
14.70319,-9.812341,BRFSS,117653,,DANN_BRFSS
2.3767583,11.061884,BRFSS,181862,,DANN_BRFSS
10.904226,12.542734,BRFSS,216566,,DANN_BRFSS
4.973895,10.778188,BRFSS,269876,,DANN_BRFSS
-1.17731,1.1765077,BRFSS,87981,,DANN_BRFSS
10.8711195,12.515537,BRFSS,252637,,DANN_BRFSS
-0.8679434,14.098851,BRFSS,96262,,DANN_BRFSS
5.0860167,11.238645,BRFSS,446199,,DANN_BRFSS
9.315432,16.428148,BRFSS,250365,,DANN_BRFSS
-2.508164,4.110211,BRFSS,127428,,DANN_BRFSS
5.1133003,17.086935,BRFSS,217690,,DANN_BRFSS
9.441229,12.505439,BRFSS,318876,,DANN_BRFSS
7.586472,10.403267,BRFSS,268946,,DANN_BRFSS
-2.1007452,0.05688515,BRFSS,217769,,DANN_BRFSS
4.8044252,10.754186,BRFSS,129321,,DANN_BRFSS
12.925714,4.003416,BRFSS,266722,,DANN_BRFSS
7.228284,16.417273,BRFSS,421182,,DANN_BRFSS
-2.2116709,1.8933926,BRFSS,117743,,DANN_BRFSS
-4.5224648,-8.296618,NHANES,9163,Non-Hispanic Black,DANN_BRFSS
15.372986,1.0291852,BRFSS,63693,,DANN_BRFSS
-1.5115383,-0.30493706,BRFSS,41989,,DANN_BRFSS
-4.3905697,-8.428059,NHANES,6894,Non-Hispanic White,DANN_BRFSS
-1.2958162,11.043207,BRFSS,134515,,DANN_BRFSS
26.72358,-1.8514792,BRFSS,19869,,DANN_BRFSS
-1.787833,8.546804,BRFSS,363451,,DANN_BRFSS
5.363408,10.824866,BRFSS,240682,,DANN_BRFSS
13.76552,4.240332,BRFSS,166831,,DANN_BRFSS
7.1784425,15.241279,BRFSS,417709,,DANN_BRFSS
5.287803,10.92633,BRFSS,173825,,DANN_BRFSS
-0.40667138,-1.0387477,BRFSS,377374,,DANN_BRFSS
20.888214,-7.6544204,BRFSS,417412,,DANN_BRFSS
2.8330817,15.923845,BRFSS,392993,,DANN_BRFSS
9.754006,2.9069426,BRFSS,239727,,DANN_BRFSS
-0.9416428,13.870834,BRFSS,442567,,DANN_BRFSS
7.810865,10.269014,BRFSS,26485,,DANN_BRFSS
3.876357,13.192711,BRFSS,274150,,DANN_BRFSS
-3.0728552,7.327343,BRFSS,62440,,DANN_BRFSS
10.395721,8.866587,BRFSS,69249,,DANN_BRFSS
9.246695,17.092684,BRFSS,399176,,DANN_BRFSS
-4.419194,3.688415,BRFSS,254655,,DANN_BRFSS
12.949566,4.401008,BRFSS,83975,,DANN_BRFSS
11.438059,10.765586,BRFSS,260341,,DANN_BRFSS
-2.4064913,2.4108658,BRFSS,421164,,DANN_BRFSS
-1.3227388,6.0537267,BRFSS,270199,,DANN_BRFSS
9.051258,9.725361,BRFSS,354542,,DANN_BRFSS
10.15089,11.97302,BRFSS,285395,,DANN_BRFSS
9.157147,6.386872,BRFSS,355844,,DANN_BRFSS
15.18451,2.181659,BRFSS,283276,,DANN_BRFSS
21.783691,-6.091255,BRFSS,31104,,DANN_BRFSS
4.31425,11.790558,BRFSS,117254,,DANN_BRFSS
4.7408547,15.734353,BRFSS,412672,,DANN_BRFSS
0.13612439,15.013127,BRFSS,20116,,DANN_BRFSS
4.6590495,15.597729,BRFSS,178040,,DANN_BRFSS
13.476669,4.4849496,BRFSS,240635,,DANN_BRFSS
-1.6249268,10.50413,BRFSS,257642,,DANN_BRFSS
0.19441706,11.966427,BRFSS,401130,,DANN_BRFSS
18.149506,-7.669119,BRFSS,14278,,DANN_BRFSS
7.7898235,5.9726214,BRFSS,115383,,DANN_BRFSS
-3.1025212,4.11452,BRFSS,88540,,DANN_BRFSS
8.555506,5.234762,BRFSS,342563,,DANN_BRFSS
-1.6032071,-0.8065504,BRFSS,71667,,DANN_BRFSS
-1.5739658,6.783895,BRFSS,427568,,DANN_BRFSS
-2.654439,9.951487,BRFSS,195253,,DANN_BRFSS
10.000072,5.853731,BRFSS,144546,,DANN_BRFSS
-3.4045699,4.0295877,BRFSS,331718,,DANN_BRFSS
-2.4871314,4.7228403,BRFSS,102582,,DANN_BRFSS
-1.6164843,0.9654735,BRFSS,274945,,DANN_BRFSS
5.520648,14.976457,BRFSS,427442,,DANN_BRFSS
4.0514536,14.832417,BRFSS,437884,,DANN_BRFSS
10.898883,12.54164,BRFSS,178566,,DANN_BRFSS
7.0993366,-3.3629434,BRFSS,428237,,DANN_BRFSS
10.670724,3.0948439,BRFSS,325243,,DANN_BRFSS
-3.4982176,8.035991,BRFSS,242080,,DANN_BRFSS
10.357319,8.892578,BRFSS,107882,,DANN_BRFSS
-2.4700577,-0.09204619,BRFSS,382815,,DANN_BRFSS
-2.8220677,2.467701,BRFSS,401100,,DANN_BRFSS
0.39708155,13.773146,BRFSS,91890,,DANN_BRFSS
3.643598,16.609644,BRFSS,395012,,DANN_BRFSS
7.2068243,-3.1619978,BRFSS,347143,,DANN_BRFSS
10.868627,12.513708,BRFSS,278538,,DANN_BRFSS
8.062259,0.9601972,BRFSS,22627,,DANN_BRFSS
-1.8917168,1.3344169,BRFSS,295526,,DANN_BRFSS
-0.45931032,1.9221257,BRFSS,422247,,DANN_BRFSS
10.387288,12.228845,BRFSS,419643,,DANN_BRFSS
17.77504,-8.150628,BRFSS,17720,,DANN_BRFSS
-1.5343002,11.159154,BRFSS,251279,,DANN_BRFSS
-0.3325337,14.760074,BRFSS,278401,,DANN_BRFSS
1.67784,11.4181795,BRFSS,320556,,DANN_BRFSS
-0.7397502,9.66418,BRFSS,71533,,DANN_BRFSS
-3.300679,6.412549,BRFSS,255988,,DANN_BRFSS
2.8539515,15.964333,BRFSS,74172,,DANN_BRFSS
5.5727415,12.838049,BRFSS,314671,,DANN_BRFSS
8.299318,5.4440546,BRFSS,84645,,DANN_BRFSS
-2.0570507,11.933381,BRFSS,303547,,DANN_BRFSS
1.0084356,13.493351,BRFSS,220611,,DANN_BRFSS
-3.3570974,7.6050878,BRFSS,341660,,DANN_BRFSS
-1.8880519,1.962282,BRFSS,382506,,DANN_BRFSS
-1.868997,0.91483265,BRFSS,275540,,DANN_BRFSS
15.561881,2.3887002,BRFSS,253416,,DANN_BRFSS
2.2559576,14.679537,BRFSS,107277,,DANN_BRFSS
-3.4944186,8.010057,BRFSS,119991,,DANN_BRFSS
7.9398317,15.533492,BRFSS,71481,,DANN_BRFSS
10.739739,8.727346,BRFSS,278305,,DANN_BRFSS
10.376953,8.879922,BRFSS,51914,,DANN_BRFSS
9.391969,16.97214,BRFSS,209159,,DANN_BRFSS
0.60701823,15.259462,BRFSS,64833,,DANN_BRFSS
10.814787,8.732885,BRFSS,210244,,DANN_BRFSS
4.401879,16.774572,BRFSS,363842,,DANN_BRFSS
8.247261,5.435048,BRFSS,45732,,DANN_BRFSS
12.0160475,4.699262,BRFSS,184990,,DANN_BRFSS
9.318094,8.635876,BRFSS,362868,,DANN_BRFSS
10.953494,8.654719,BRFSS,296236,,DANN_BRFSS
-2.1392148,11.734647,BRFSS,177470,,DANN_BRFSS
-3.0271096,1.1024615,BRFSS,331880,,DANN_BRFSS
19.741035,-7.562873,BRFSS,317476,,DANN_BRFSS
3.4744866,15.169169,BRFSS,216287,,DANN_BRFSS
8.584621,5.765275,BRFSS,81843,,DANN_BRFSS
8.34814,11.268192,BRFSS,117929,,DANN_BRFSS
-0.75541085,10.695321,BRFSS,350594,,DANN_BRFSS
9.033453,9.355582,BRFSS,385213,,DANN_BRFSS
-2.745661,0.25698447,BRFSS,307629,,DANN_BRFSS
6.390176,11.720753,BRFSS,85216,,DANN_BRFSS
-0.8717988,14.119913,BRFSS,108089,,DANN_BRFSS
7.0447607,-3.4865537,BRFSS,369548,,DANN_BRFSS
10.238005,2.8057644,BRFSS,265474,,DANN_BRFSS
11.138654,-2.585186,BRFSS,231042,,DANN_BRFSS
9.670852,16.750801,BRFSS,202083,,DANN_BRFSS
-3.5324924,4.3683367,BRFSS,409639,,DANN_BRFSS
-2.2806666,3.8702593,BRFSS,337349,,DANN_BRFSS
8.942067,9.065309,BRFSS,320787,,DANN_BRFSS
2.3099039,14.088919,BRFSS,275243,,DANN_BRFSS
-0.85605705,12.712633,BRFSS,324753,,DANN_BRFSS
9.862035,8.12764,BRFSS,10475,,DANN_BRFSS
3.638325,16.596521,BRFSS,99942,,DANN_BRFSS
3.5371647,15.733419,BRFSS,63525,,DANN_BRFSS
21.783281,-6.091261,BRFSS,337830,,DANN_BRFSS
2.6501567,15.654627,BRFSS,217710,,DANN_BRFSS
-4.4074306,-8.4108305,PIMA,402,Pima Indian,DANN_BRFSS
9.455076,10.302988,BRFSS,268524,,DANN_BRFSS
9.934213,15.682432,BRFSS,115218,,DANN_BRFSS
-0.5425284,12.476964,BRFSS,39618,,DANN_BRFSS
-1.9607025,2.4051614,BRFSS,30527,,DANN_BRFSS
5.745403,15.955521,BRFSS,386907,,DANN_BRFSS
7.391681,16.783808,BRFSS,65502,,DANN_BRFSS
8.482163,0.13088828,BRFSS,118357,,DANN_BRFSS
-1.6457335,0.15028183,BRFSS,366156,,DANN_BRFSS
-1.5271198,-0.690309,BRFSS,186651,,DANN_BRFSS
4.2344284,13.316318,BRFSS,72433,,DANN_BRFSS
-3.8071694,4.530467,BRFSS,338330,,DANN_BRFSS
7.139517,11.617325,BRFSS,285051,,DANN_BRFSS
22.253008,-5.42102,BRFSS,278364,,DANN_BRFSS
-0.8471675,-1.8221519,BRFSS,51321,,DANN_BRFSS
17.221643,-9.984624,BRFSS,176083,,DANN_BRFSS
11.976604,3.6637778,BRFSS,222116,,DANN_BRFSS
9.166341,7.30564,BRFSS,11221,,DANN_BRFSS
9.367354,4.092501,BRFSS,314364,,DANN_BRFSS
-4.4532294,3.5035713,BRFSS,112634,,DANN_BRFSS
17.483564,-9.467215,BRFSS,304689,,DANN_BRFSS
9.472724,8.531109,BRFSS,223393,,DANN_BRFSS
10.167831,15.238784,BRFSS,419368,,DANN_BRFSS
10.241256,10.636866,BRFSS,194536,,DANN_BRFSS
9.347853,12.419672,BRFSS,190162,,DANN_BRFSS
-2.6574466,0.5350017,BRFSS,58507,,DANN_BRFSS
-1.6148498,6.8137617,BRFSS,199381,,DANN_BRFSS
-2.9156446,0.5785338,BRFSS,274627,,DANN_BRFSS
8.582116,-0.063455276,BRFSS,23431,,DANN_BRFSS
21.379372,-6.928826,BRFSS,22800,,DANN_BRFSS
-1.5337679,-0.7122274,BRFSS,117090,,DANN_BRFSS
4.752469,17.053291,BRFSS,90549,,DANN_BRFSS
-2.0284214,10.278361,BRFSS,199374,,DANN_BRFSS
8.971828,7.1299224,BRFSS,364426,,DANN_BRFSS
4.5229673,16.887629,BRFSS,285434,,DANN_BRFSS
12.04647,-2.637276,BRFSS,239489,,DANN_BRFSS
-2.6989858,0.45974988,BRFSS,122994,,DANN_BRFSS
-2.7392387,9.037825,BRFSS,445207,,DANN_BRFSS
7.546207,10.52361,BRFSS,357120,,DANN_BRFSS
-1.2426616,-1.7078428,BRFSS,26168,,DANN_BRFSS
-2.7127,9.785225,BRFSS,414785,,DANN_BRFSS
5.6028895,13.737794,BRFSS,355238,,DANN_BRFSS
-1.5177319,11.151716,BRFSS,56162,,DANN_BRFSS
1.297793,12.574192,BRFSS,22795,,DANN_BRFSS
-4.2078824,4.8406315,BRFSS,430908,,DANN_BRFSS
10.442602,2.5542605,BRFSS,150142,,DANN_BRFSS
-2.0610962,2.5592506,BRFSS,148412,,DANN_BRFSS
-3.4325812,2.511559,BRFSS,45153,,DANN_BRFSS
11.870822,8.673474,BRFSS,378163,,DANN_BRFSS
9.159911,7.29742,BRFSS,439004,,DANN_BRFSS
-4.0162563,2.9375522,BRFSS,225905,,DANN_BRFSS
12.858829,4.448991,NHANES,5453,Non-Hispanic White,DANN_BRFSS
4.033431,15.049362,BRFSS,280661,,DANN_BRFSS
7.2357492,10.6696,BRFSS,222208,,DANN_BRFSS
13.230988,4.4070287,BRFSS,53188,,DANN_BRFSS
-0.6194879,10.5161,BRFSS,170928,,DANN_BRFSS
5.0851064,16.662062,BRFSS,330253,,DANN_BRFSS
4.720519,11.827491,BRFSS,33852,,DANN_BRFSS
4.1860847,15.685072,BRFSS,24376,,DANN_BRFSS
-1.32149,1.8062497,BRFSS,275306,,DANN_BRFSS
7.932037,16.775469,BRFSS,317876,,DANN_BRFSS
-0.36513,14.735685,BRFSS,225453,,DANN_BRFSS
-2.1748734,2.6756122,BRFSS,110925,,DANN_BRFSS
9.495966,16.907406,BRFSS,82191,,DANN_BRFSS
9.855486,17.521082,BRFSS,316256,,DANN_BRFSS
-2.2286165,5.8388443,BRFSS,293909,,DANN_BRFSS
-0.95025444,4.428314,BRFSS,333111,,DANN_BRFSS
-1.8604596,11.404318,BRFSS,407313,,DANN_BRFSS
-2.2279413,7.7372503,BRFSS,301079,,DANN_BRFSS
0.72422254,15.281208,BRFSS,228443,,DANN_BRFSS
7.8493567,6.391285,BRFSS,311663,,DANN_BRFSS
9.676849,16.737804,BRFSS,284041,,DANN_BRFSS
9.651595,3.2534559,BRFSS,90975,,DANN_BRFSS
4.425243,12.418402,BRFSS,440200,,DANN_BRFSS
8.538007,11.802121,BRFSS,360260,,DANN_BRFSS
3.6832972,12.455173,BRFSS,340000,,DANN_BRFSS
21.323868,-6.991816,BRFSS,420312,,DANN_BRFSS
7.397285,10.92764,BRFSS,401537,,DANN_BRFSS
10.964159,3.9824915,BRFSS,240219,,DANN_BRFSS
15.184409,1.1562611,BRFSS,226366,,DANN_BRFSS
-1.9047128,7.332683,BRFSS,251291,,DANN_BRFSS
5.1532288,16.781967,BRFSS,66809,,DANN_BRFSS
1.0312022,13.470945,BRFSS,161582,,DANN_BRFSS
-1.5603592,0.19388112,BRFSS,125138,,DANN_BRFSS
9.86034,17.525003,BRFSS,260652,,DANN_BRFSS
-2.6284337,0.04096466,BRFSS,288589,,DANN_BRFSS
-0.6355403,-1.760784,BRFSS,354622,,DANN_BRFSS
4.892262,16.30069,BRFSS,303454,,DANN_BRFSS
18.431969,-7.460108,BRFSS,256385,,DANN_BRFSS
0.662688,13.68108,BRFSS,71424,,DANN_BRFSS
4.223286,13.374814,BRFSS,96596,,DANN_BRFSS
-0.5237521,1.8722616,BRFSS,444738,,DANN_BRFSS
10.333014,-2.392413,BRFSS,148025,,DANN_BRFSS
17.537045,-9.109534,BRFSS,111294,,DANN_BRFSS
11.829179,4.0139384,BRFSS,206229,,DANN_BRFSS
-2.3142738,1.3123775,BRFSS,294007,,DANN_BRFSS
4.722375,15.73609,BRFSS,47136,,DANN_BRFSS
4.845835,10.739201,BRFSS,276992,,DANN_BRFSS
8.707285,-0.6284688,BRFSS,309306,,DANN_BRFSS
-2.062168,11.92591,BRFSS,356165,,DANN_BRFSS
9.385297,-0.5638653,BRFSS,378027,,DANN_BRFSS
10.310512,-2.4086323,BRFSS,287543,,DANN_BRFSS
18.243752,-7.585248,BRFSS,355082,,DANN_BRFSS
-4.4109373,3.9172873,BRFSS,230739,,DANN_BRFSS
-2.5736113,6.3710427,BRFSS,124149,,DANN_BRFSS
-0.6310722,2.740659,BRFSS,247831,,DANN_BRFSS
-2.1201532,11.794179,BRFSS,443653,,DANN_BRFSS
14.908984,2.7489238,BRFSS,258462,,DANN_BRFSS
20.874113,-7.647918,BRFSS,315326,,DANN_BRFSS
10.785693,12.45274,BRFSS,340382,,DANN_BRFSS
15.57311,2.3647275,BRFSS,289834,,DANN_BRFSS
-0.70277256,2.8200588,BRFSS,318025,,DANN_BRFSS
7.1617346,11.627028,BRFSS,220100,,DANN_BRFSS
7.343864,14.198395,BRFSS,301816,,DANN_BRFSS
8.141415,9.927009,BRFSS,438449,,DANN_BRFSS
-1.2028842,-0.07358376,BRFSS,448421,,DANN_BRFSS
-1.5153925,8.936043,BRFSS,284586,,DANN_BRFSS
-2.838049,1.8895311,BRFSS,56443,,DANN_BRFSS
-4.2051096,5.819629,BRFSS,112857,,DANN_BRFSS
-2.3797472,10.624248,BRFSS,385247,,DANN_BRFSS
4.717708,11.804227,BRFSS,32737,,DANN_BRFSS
17.018517,-10.16329,BRFSS,364452,,DANN_BRFSS
9.901632,4.345952,BRFSS,282832,,DANN_BRFSS
-0.9565884,4.0762978,BRFSS,120447,,DANN_BRFSS
3.5723488,12.759724,BRFSS,129441,,DANN_BRFSS
10.711598,3.310588,BRFSS,213453,,DANN_BRFSS
4.025776,14.922215,BRFSS,71097,,DANN_BRFSS
-4.203357,-8.614927,NHANES,3684,Mexican American,DANN_BRFSS
-1.8510767,0.9235638,BRFSS,216465,,DANN_BRFSS
11.92421,8.651039,BRFSS,246498,,DANN_BRFSS
-0.98176354,12.789483,BRFSS,100072,,DANN_BRFSS
26.736359,-1.8640504,BRFSS,233687,,DANN_BRFSS
20.729462,-7.6714067,BRFSS,233273,,DANN_BRFSS
5.5609655,15.176883,BRFSS,342131,,DANN_BRFSS
-3.4653149,7.757936,BRFSS,54591,,DANN_BRFSS
17.398123,-9.720336,BRFSS,260370,,DANN_BRFSS
22.204693,-5.4840083,BRFSS,84478,,DANN_BRFSS
8.330133,0.43011954,BRFSS,94775,,DANN_BRFSS
-0.81927043,13.370994,BRFSS,411442,,DANN_BRFSS
-1.5776469,0.16722356,BRFSS,154958,,DANN_BRFSS
-3.6232994,6.553942,NHANES,5617,Non-Hispanic White,DANN_BRFSS
8.657563,-0.4742242,BRFSS,315688,,DANN_BRFSS
17.3014,-9.890856,BRFSS,389321,,DANN_BRFSS
-0.6289776,2.861548,BRFSS,223008,,DANN_BRFSS
-1.8028708,10.715897,BRFSS,435375,,DANN_BRFSS
1.0696744,11.699461,BRFSS,142835,,DANN_BRFSS
8.06339,0.9592795,BRFSS,339901,,DANN_BRFSS
5.6004453,13.724637,BRFSS,364533,,DANN_BRFSS
12.830571,4.4276514,BRFSS,440891,,DANN_BRFSS
-1.4437892,8.959119,BRFSS,113462,,DANN_BRFSS
7.7934246,5.949832,BRFSS,69669,,DANN_BRFSS
-2.26624,4.155178,BRFSS,435387,,DANN_BRFSS
7.109848,16.1078,BRFSS,36867,,DANN_BRFSS
-1.2930357,-1.8627183,BRFSS,211312,,DANN_BRFSS
5.439873,10.8408,BRFSS,261879,,DANN_BRFSS
-2.5563982,0.17717224,BRFSS,415094,,DANN_BRFSS
2.0133302,14.328223,BRFSS,168916,,DANN_BRFSS
9.870427,10.458737,BRFSS,277785,,DANN_BRFSS
-2.87656,5.876022,BRFSS,237299,,DANN_BRFSS
7.30932,-2.987255,BRFSS,19996,,DANN_BRFSS
-2.3188443,4.3414927,BRFSS,263703,,DANN_BRFSS
-4.0437226,3.4963703,BRFSS,79864,,DANN_BRFSS
-2.205758,7.6058846,BRFSS,130387,,DANN_BRFSS
-0.41929016,1.1874995,BRFSS,379899,,DANN_BRFSS
-1.9126723,10.124264,BRFSS,368054,,DANN_BRFSS
-3.5168738,5.6931047,BRFSS,426139,,DANN_BRFSS
-0.71147287,14.40244,BRFSS,265580,,DANN_BRFSS
14.957329,2.713879,BRFSS,119923,,DANN_BRFSS
6.5682406,11.728476,BRFSS,155884,,DANN_BRFSS
10.096914,5.953697,NHANES,5338,Other Hispanic,DANN_BRFSS
20.593828,-7.68437,BRFSS,79361,,DANN_BRFSS
-1.7443103,9.626674,BRFSS,60043,,DANN_BRFSS
9.631151,3.0287082,BRFSS,81903,,DANN_BRFSS
10.17301,15.219361,BRFSS,302510,,DANN_BRFSS
14.933451,2.7282605,BRFSS,166141,,DANN_BRFSS
20.05066,-7.6159353,BRFSS,119383,,DANN_BRFSS
9.070984,8.905183,BRFSS,326183,,DANN_BRFSS
7.324404,-2.961314,BRFSS,119087,,DANN_BRFSS
9.773874,12.749746,BRFSS,283460,,DANN_BRFSS
-2.7116008,6.4999104,BRFSS,368578,,DANN_BRFSS
10.873337,12.514643,BRFSS,386777,,DANN_BRFSS
-2.3076289,4.340356,BRFSS,20093,,DANN_BRFSS
-1.961004,10.196843,BRFSS,400396,,DANN_BRFSS
7.0789337,13.507004,BRFSS,255891,,DANN_BRFSS
-1.2760068,-1.8166156,BRFSS,343527,,DANN_BRFSS
1.2366511,12.603445,BRFSS,438872,,DANN_BRFSS
26.738127,-1.8658973,BRFSS,84008,,DANN_BRFSS
9.342831,8.581752,BRFSS,235331,,DANN_BRFSS
15.493849,1.9021021,BRFSS,410017,,DANN_BRFSS
-2.247746,2.5678349,BRFSS,247760,,DANN_BRFSS
-0.7576923,0.652308,BRFSS,20439,,DANN_BRFSS
4.833912,16.13991,BRFSS,249351,,DANN_BRFSS
2.145499,10.346439,BRFSS,381984,,DANN_BRFSS
12.450151,4.037885,BRFSS,120513,,DANN_BRFSS
-2.592497,9.747294,BRFSS,443136,,DANN_BRFSS
1.8475268,11.731834,BRFSS,207908,,DANN_BRFSS
0.13476963,13.354582,BRFSS,283654,,DANN_BRFSS
8.644356,-0.87762666,BRFSS,209238,,DANN_BRFSS
-4.1150813,3.9833276,BRFSS,58926,,DANN_BRFSS
-2.715917,2.566674,BRFSS,189156,,DANN_BRFSS
-1.7431402,9.1342745,BRFSS,362214,,DANN_BRFSS
8.963888,9.572612,BRFSS,84051,,DANN_BRFSS
-1.1638362,1.1878048,BRFSS,145020,,DANN_BRFSS
7.8699894,6.402959,BRFSS,209544,,DANN_BRFSS
8.596744,15.354039,BRFSS,114137,,DANN_BRFSS
-3.45717,1.6860151,BRFSS,137427,,DANN_BRFSS
8.774007,9.746848,NHANES,8904,Non-Hispanic White,DANN_BRFSS
-0.72584766,-1.9696233,BRFSS,318668,,DANN_BRFSS
8.048737,15.948737,BRFSS,176040,,DANN_BRFSS
-1.3077238,-1.2540337,BRFSS,324502,,DANN_BRFSS
3.0282137,10.0574255,BRFSS,325105,,DANN_BRFSS
-4.270574,4.00057,BRFSS,431508,,DANN_BRFSS
8.091225,5.659317,BRFSS,335931,,DANN_BRFSS
7.174713,15.155826,BRFSS,80825,,DANN_BRFSS
2.86996,15.952009,NHANES,7257,Non-Hispanic Black,DANN_BRFSS
-1.8857245,1.480051,BRFSS,86123,,DANN_BRFSS
22.310999,-5.3504014,BRFSS,350100,,DANN_BRFSS
14.769124,2.9166565,BRFSS,193443,,DANN_BRFSS
8.5321,0.031115782,BRFSS,194934,,DANN_BRFSS
-4.0878835,5.474325,BRFSS,214822,,DANN_BRFSS
2.5061738,12.704211,BRFSS,95102,,DANN_BRFSS
6.8787055,-3.9153328,BRFSS,86116,,DANN_BRFSS
5.6766887,16.477184,BRFSS,115678,,DANN_BRFSS
7.099344,15.907851,BRFSS,371574,,DANN_BRFSS
-0.9015972,4.147136,BRFSS,233672,,DANN_BRFSS
-3.9309056,6.289198,BRFSS,288416,,DANN_BRFSS
-3.6251163,6.5682654,BRFSS,142522,,DANN_BRFSS
9.204929,9.735611,BRFSS,50852,,DANN_BRFSS
-1.0844116,12.826332,BRFSS,380619,,DANN_BRFSS
13.756141,4.260415,BRFSS,271011,,DANN_BRFSS
2.0402741,10.619924,BRFSS,243971,,DANN_BRFSS
10.024481,13.300019,BRFSS,206760,,DANN_BRFSS
8.33604,0.41586563,BRFSS,357179,,DANN_BRFSS
26.746162,-1.8737586,BRFSS,322106,,DANN_BRFSS
-1.0864784,0.009372295,BRFSS,368401,,DANN_BRFSS
9.787848,9.346957,BRFSS,260675,,DANN_BRFSS
9.237686,7.3489056,BRFSS,64380,,DANN_BRFSS
-1.0573775,-1.3928473,BRFSS,190700,,DANN_BRFSS
11.557009,3.0937276,BRFSS,193632,,DANN_BRFSS
13.521983,4.4785795,BRFSS,145370,,DANN_BRFSS
-3.4353418,5.671762,BRFSS,123898,,DANN_BRFSS
10.33113,-2.3925872,BRFSS,372956,,DANN_BRFSS
2.819366,12.088006,BRFSS,356746,,DANN_BRFSS
14.187736,3.547877,BRFSS,427977,,DANN_BRFSS
10.727441,3.8628109,BRFSS,20007,,DANN_BRFSS
-0.8706463,-2.1368837,BRFSS,146510,,DANN_BRFSS
8.115054,11.402179,BRFSS,222171,,DANN_BRFSS
17.227436,-9.9807205,BRFSS,299810,,DANN_BRFSS
9.134519,9.543906,BRFSS,110014,,DANN_BRFSS
-3.3432643,4.306867,BRFSS,231489,,DANN_BRFSS
15.543497,2.409084,BRFSS,204327,,DANN_BRFSS
5.656141,16.501095,BRFSS,375979,,DANN_BRFSS
3.101469,10.013217,BRFSS,141779,,DANN_BRFSS
3.5250049,15.766818,BRFSS,264002,,DANN_BRFSS
9.5194845,10.330745,BRFSS,170383,,DANN_BRFSS
5.724332,15.878134,BRFSS,67311,,DANN_BRFSS
-0.87843275,14.09524,BRFSS,283689,,DANN_BRFSS
-3.9718459,2.8781016,BRFSS,45505,,DANN_BRFSS
15.156452,1.1512369,BRFSS,22293,,DANN_BRFSS
10.883591,3.393919,BRFSS,10104,,DANN_BRFSS
10.268126,10.653572,BRFSS,338320,,DANN_BRFSS
-3.974901,4.6300645,BRFSS,360234,,DANN_BRFSS
4.730058,11.824437,BRFSS,162420,,DANN_BRFSS
8.612237,15.431374,BRFSS,97518,,DANN_BRFSS
2.9103408,16.037601,BRFSS,338845,,DANN_BRFSS
-2.8842628,0.5867177,BRFSS,283801,,DANN_BRFSS
9.382611,3.9532106,BRFSS,100638,,DANN_BRFSS
9.48288,8.505613,BRFSS,125745,,DANN_BRFSS
-2.0124848,10.266485,BRFSS,410567,,DANN_BRFSS
-2.7873898,9.102801,BRFSS,112938,,DANN_BRFSS
7.2488184,13.778237,BRFSS,152938,,DANN_BRFSS
6.025692,11.833474,BRFSS,311414,,DANN_BRFSS
-3.0110466,1.6544158,BRFSS,223472,,DANN_BRFSS
10.860173,3.8864524,BRFSS,108729,,DANN_BRFSS
11.209162,-2.5722306,BRFSS,278291,,DANN_BRFSS
-2.1603518,2.3210416,BRFSS,284022,,DANN_BRFSS
10.981841,2.7528975,BRFSS,164529,,DANN_BRFSS
17.047653,-10.134236,BRFSS,424093,,DANN_BRFSS
-0.8771702,-1.8256539,BRFSS,442775,,DANN_BRFSS
7.6459517,14.922378,BRFSS,241923,,DANN_BRFSS
11.127925,-2.5855286,BRFSS,363115,,DANN_BRFSS
-3.4169497,5.6822524,BRFSS,178535,,DANN_BRFSS
5.6183352,10.9353695,BRFSS,313829,,DANN_BRFSS
8.270764,14.508476,BRFSS,175346,,DANN_BRFSS
8.440245,0.21392857,BRFSS,83053,,DANN_BRFSS
0.56730014,13.722423,NHANES,3472,Non-Hispanic Black,DANN_BRFSS
-0.5809491,14.578956,BRFSS,265724,,DANN_BRFSS
-1.3749497,6.9074817,BRFSS,99904,,DANN_BRFSS
-3.6993365,4.0314546,BRFSS,329806,,DANN_BRFSS
2.017987,12.581588,BRFSS,344969,,DANN_BRFSS
-3.1853223,1.4283,BRFSS,184916,,DANN_BRFSS
-0.50740397,1.5920929,BRFSS,226935,,DANN_BRFSS
15.276659,1.905164,BRFSS,308039,,DANN_BRFSS
4.751746,12.009143,BRFSS,222675,,DANN_BRFSS
2.7974753,10.711001,NHANES,1950,Other Race,DANN_BRFSS
-4.4400287,-8.378352,NHANES,1563,Non-Hispanic White,DANN_BRFSS
5.1661263,16.759584,BRFSS,215009,,DANN_BRFSS
9.048746,7.198165,BRFSS,370396,,DANN_BRFSS
11.112299,-2.5847564,BRFSS,60572,,DANN_BRFSS
14.432561,3.3090427,BRFSS,413579,,DANN_BRFSS
1.9625067,10.689707,BRFSS,386295,,DANN_BRFSS
1.0206417,13.48003,BRFSS,392061,,DANN_BRFSS
20.895403,-7.6469455,BRFSS,311828,,DANN_BRFSS
7.1811895,16.31789,BRFSS,336076,,DANN_BRFSS
-1.8021872,1.7129434,BRFSS,148419,,DANN_BRFSS
9.453076,5.31175,BRFSS,370834,,DANN_BRFSS
15.168484,1.1614877,BRFSS,414415,,DANN_BRFSS
-1.9655678,0.16094318,BRFSS,425023,,DANN_BRFSS
-0.4560461,1.0394839,BRFSS,15800,,DANN_BRFSS
-2.4283967,10.770096,BRFSS,194759,,DANN_BRFSS
-0.58622897,9.852479,BRFSS,232063,,DANN_BRFSS
9.4536495,-0.5971062,BRFSS,321082,,DANN_BRFSS
-2.1938398,7.6055045,BRFSS,242137,,DANN_BRFSS
21.36421,-6.942747,BRFSS,425850,,DANN_BRFSS
8.582054,11.282082,BRFSS,395090,,DANN_BRFSS
11.077832,3.5003088,BRFSS,71720,,DANN_BRFSS
9.944321,6.524944,BRFSS,104915,,DANN_BRFSS
-1.7037556,-0.81927186,BRFSS,387849,,DANN_BRFSS
18.32486,-7.527013,BRFSS,38265,,DANN_BRFSS
-1.6334021,0.15231344,BRFSS,350946,,DANN_BRFSS
10.674141,4.6704874,BRFSS,272252,,DANN_BRFSS
10.3460245,-2.3794875,BRFSS,50360,,DANN_BRFSS
17.795893,-8.130278,BRFSS,298755,,DANN_BRFSS
-3.4834776,8.035943,BRFSS,41830,,DANN_BRFSS
7.5971217,10.340548,BRFSS,207402,,DANN_BRFSS
17.09502,-10.10819,BRFSS,40205,,DANN_BRFSS
20.739738,-7.678956,BRFSS,209915,,DANN_BRFSS
8.275933,14.6268,BRFSS,395125,,DANN_BRFSS
-1.8337866,7.27115,BRFSS,191433,,DANN_BRFSS
-2.6525333,10.028985,NHANES,8791,Non-Hispanic Black,DANN_BRFSS
14.287641,3.4614573,BRFSS,213293,,DANN_BRFSS
4.7123685,15.71351,BRFSS,34929,,DANN_BRFSS
7.7399106,5.9717875,BRFSS,161311,,DANN_BRFSS
5.6722116,13.292192,BRFSS,443497,,DANN_BRFSS
6.6195645,11.751153,BRFSS,294377,,DANN_BRFSS
20.936026,-7.6265564,BRFSS,174106,,DANN_BRFSS
8.747904,11.370654,BRFSS,220169,,DANN_BRFSS
10.257653,10.648073,BRFSS,10770,,DANN_BRFSS
-0.8483839,-1.8477098,BRFSS,342200,,DANN_BRFSS
7.7019653,13.504286,BRFSS,165417,,DANN_BRFSS
-0.6083153,14.462354,BRFSS,445672,,DANN_BRFSS
10.119961,15.357828,BRFSS,154617,,DANN_BRFSS
-0.76728433,13.973187,BRFSS,164386,,DANN_BRFSS
11.710146,3.8961546,BRFSS,326745,,DANN_BRFSS
10.32474,2.749067,BRFSS,71422,,DANN_BRFSS
-0.6880918,2.9875913,BRFSS,144343,,DANN_BRFSS
14.276109,3.4753582,BRFSS,224963,,DANN_BRFSS
-3.3660812,1.8531196,BRFSS,117206,,DANN_BRFSS
12.825085,4.5006533,BRFSS,310205,,DANN_BRFSS
4.84375,17.041752,BRFSS,132867,,DANN_BRFSS
-2.1548345,2.694636,BRFSS,142764,,DANN_BRFSS
-1.8559489,9.73601,BRFSS,40836,,DANN_BRFSS
2.0187535,10.411072,NHANES,6443,Non-Hispanic White,DANN_BRFSS
-0.53799456,14.471008,BRFSS,285308,,DANN_BRFSS
12.542103,3.177385,BRFSS,309294,,DANN_BRFSS
7.1111245,13.56258,BRFSS,23140,,DANN_BRFSS
-4.2709527,-8.547535,NHANES,8587,Non-Hispanic White,DANN_BRFSS
9.68113,16.719711,BRFSS,322270,,DANN_BRFSS
4.3319926,16.371984,BRFSS,49041,,DANN_BRFSS
-2.3521605,10.04557,BRFSS,422475,,DANN_BRFSS
11.4738455,10.751255,BRFSS,105238,,DANN_BRFSS
-0.8323161,14.329285,BRFSS,65922,,DANN_BRFSS
9.886791,7.860151,BRFSS,398967,,DANN_BRFSS
14.69933,-9.810661,BRFSS,39461,,DANN_BRFSS
9.413059,12.469719,BRFSS,30075,,DANN_BRFSS
-2.3997145,2.7673748,BRFSS,10276,,DANN_BRFSS
-2.7322667,9.06662,BRFSS,426249,,DANN_BRFSS
9.592176,5.447987,BRFSS,34520,,DANN_BRFSS
-1.2773862,9.368027,BRFSS,448693,,DANN_BRFSS
2.055239,11.931355,BRFSS,71229,,DANN_BRFSS
0.3608732,15.121944,BRFSS,375046,,DANN_BRFSS
9.913058,6.5222573,BRFSS,218915,,DANN_BRFSS
-2.1788428,-0.012586508,BRFSS,213793,,DANN_BRFSS
7.3199773,16.555832,BRFSS,370710,,DANN_BRFSS
-3.4942389,7.815117,BRFSS,254617,,DANN_BRFSS
8.51321,15.134892,BRFSS,151238,,DANN_BRFSS
9.628588,2.9790988,BRFSS,89294,,DANN_BRFSS
12.748288,4.464199,BRFSS,318608,,DANN_BRFSS
-2.5296533,7.2246075,BRFSS,158610,,DANN_BRFSS
11.951059,4.077537,BRFSS,273000,,DANN_BRFSS
1.9632889,10.459275,BRFSS,107965,,DANN_BRFSS
10.312166,8.886218,BRFSS,130801,,DANN_BRFSS
10.832389,8.695996,BRFSS,165458,,DANN_BRFSS
8.359804,11.251466,BRFSS,385022,,DANN_BRFSS
7.1479774,14.8139515,BRFSS,157987,,DANN_BRFSS
-2.607623,4.1553965,BRFSS,98373,,DANN_BRFSS
-3.6662934,4.471656,BRFSS,174495,,DANN_BRFSS
9.427399,5.2781997,BRFSS,282766,,DANN_BRFSS
-4.2255607,-8.592733,NHANES,4101,Non-Hispanic White,DANN_BRFSS
11.908255,8.665299,BRFSS,133852,,DANN_BRFSS
3.0550642,11.774368,NHANES,4496,Other Hispanic,DANN_BRFSS
12.670024,4.2205486,BRFSS,123027,,DANN_BRFSS
4.0639405,10.71787,BRFSS,150957,,DANN_BRFSS
9.523901,16.873306,BRFSS,26567,,DANN_BRFSS
-3.5033412,7.9848647,BRFSS,301224,,DANN_BRFSS
4.832836,17.081675,BRFSS,127937,,DANN_BRFSS
10.879478,2.4338412,BRFSS,303525,,DANN_BRFSS
-1.3603549,0.03495968,BRFSS,27716,,DANN_BRFSS
3.460447,13.122618,BRFSS,61168,,DANN_BRFSS
22.211185,-5.477044,BRFSS,243133,,DANN_BRFSS
14.848564,2.7259178,BRFSS,167153,,DANN_BRFSS
8.642542,-0.8785123,BRFSS,244174,,DANN_BRFSS
0.6616977,13.677569,BRFSS,179018,,DANN_BRFSS
11.620709,-2.6225097,BRFSS,23216,,DANN_BRFSS
-1.55142,6.769347,BRFSS,137200,,DANN_BRFSS
7.1942115,13.680357,BRFSS,348063,,DANN_BRFSS
-2.7328932,9.067291,BRFSS,197525,,DANN_BRFSS
20.880323,-7.668175,BRFSS,302770,,DANN_BRFSS
3.5003333,15.620098,BRFSS,181357,,DANN_BRFSS
7.038663,-3.4979513,BRFSS,343383,,DANN_BRFSS
11.66571,8.653887,BRFSS,171494,,DANN_BRFSS
-0.8796542,10.36218,BRFSS,282321,,DANN_BRFSS
2.631631,10.473647,BRFSS,128163,,DANN_BRFSS
-1.9344128,10.841388,BRFSS,153699,,DANN_BRFSS
8.0833,0.970657,BRFSS,175394,,DANN_BRFSS
-0.83338016,2.7971516,BRFSS,229953,,DANN_BRFSS
7.278036,13.897379,BRFSS,68052,,DANN_BRFSS
-0.3326833,-1.1433308,BRFSS,243445,,DANN_BRFSS
7.600364,13.443644,BRFSS,161335,,DANN_BRFSS
13.619174,4.433865,BRFSS,358839,,DANN_BRFSS
8.083285,0.927342,BRFSS,153121,,DANN_BRFSS
7.269959,-3.047293,BRFSS,426899,,DANN_BRFSS
-2.0306122,1.064154,BRFSS,437773,,DANN_BRFSS
9.826171,17.499779,BRFSS,23085,,DANN_BRFSS
-2.229807,7.6603994,BRFSS,88071,,DANN_BRFSS
-2.0203269,1.6774688,BRFSS,144041,,DANN_BRFSS
9.708321,5.603091,BRFSS,108372,,DANN_BRFSS
7.284433,13.8758745,BRFSS,50540,,DANN_BRFSS
4.5313525,16.555508,BRFSS,315134,,DANN_BRFSS
8.759942,5.3078637,BRFSS,95556,,DANN_BRFSS
-3.4048903,8.029211,BRFSS,89923,,DANN_BRFSS
5.522571,14.099334,BRFSS,56361,,DANN_BRFSS
4.877916,10.790731,BRFSS,356823,,DANN_BRFSS
4.179048,16.803467,BRFSS,376039,,DANN_BRFSS
-3.2300453,6.673724,BRFSS,185377,,DANN_BRFSS
8.923985,9.083957,BRFSS,229794,,DANN_BRFSS
4.588351,16.646164,BRFSS,235595,,DANN_BRFSS
26.711071,-1.8375816,BRFSS,415091,,DANN_BRFSS
12.656295,3.9657667,BRFSS,21846,,DANN_BRFSS
3.7170336,10.629007,BRFSS,393506,,DANN_BRFSS
11.16149,4.097166,BRFSS,119323,,DANN_BRFSS
-1.0673417,2.8193119,BRFSS,448416,,DANN_BRFSS
7.3297863,-2.953319,BRFSS,151107,,DANN_BRFSS
-0.334961,14.75447,BRFSS,264855,,DANN_BRFSS
8.269424,14.685841,BRFSS,330347,,DANN_BRFSS
-2.0260425,-0.4029362,BRFSS,86955,,DANN_BRFSS
-2.224173,7.6728053,BRFSS,254966,,DANN_BRFSS
10.1189785,13.53856,BRFSS,151998,,DANN_BRFSS
-0.6441384,2.9895618,BRFSS,246148,,DANN_BRFSS
3.5188468,15.651042,BRFSS,383792,,DANN_BRFSS
17.8887,-8.002064,BRFSS,397168,,DANN_BRFSS
9.706711,5.6106343,BRFSS,349456,,DANN_BRFSS
9.786836,12.7676735,BRFSS,388785,,DANN_BRFSS
3.75096,12.145594,BRFSS,163129,,DANN_BRFSS
-2.2324347,7.680104,BRFSS,250164,,DANN_BRFSS
9.872612,7.834293,BRFSS,149952,,DANN_BRFSS
15.535667,2.4253044,BRFSS,434500,,DANN_BRFSS
0.69501626,13.64874,BRFSS,436070,,DANN_BRFSS
-3.721628,5.6402025,BRFSS,217142,,DANN_BRFSS
0.06623531,13.392362,BRFSS,215690,,DANN_BRFSS
11.40199,3.747001,BRFSS,356944,,DANN_BRFSS
-0.98490334,-0.08325172,BRFSS,93533,,DANN_BRFSS
-0.35931674,-1.1130949,BRFSS,68472,,DANN_BRFSS
10.978512,8.6542845,BRFSS,238855,,DANN_BRFSS
-2.3331358,2.7869008,BRFSS,299471,,DANN_BRFSS
21.38728,-6.900827,BRFSS,194067,,DANN_BRFSS
2.267453,14.70569,BRFSS,49325,,DANN_BRFSS
17.753378,-8.174484,BRFSS,273089,,DANN_BRFSS
11.596018,10.600141,BRFSS,163722,,DANN_BRFSS
7.095106,13.5732355,BRFSS,145860,,DANN_BRFSS
7.0382395,11.54426,BRFSS,213289,,DANN_BRFSS
19.733398,-7.5651994,BRFSS,357174,,DANN_BRFSS
20.924307,-7.6923285,BRFSS,48288,,DANN_BRFSS
-1.0553774,0.71226907,BRFSS,191221,,DANN_BRFSS
4.3986964,14.231055,BRFSS,90527,,DANN_BRFSS
-1.238829,6.104597,BRFSS,268151,,DANN_BRFSS
-3.4665654,4.3409195,BRFSS,361186,,DANN_BRFSS
19.759691,-7.578077,BRFSS,301743,,DANN_BRFSS
-0.4550227,1.9183986,BRFSS,231011,,DANN_BRFSS
9.055823,16.682915,BRFSS,439066,,DANN_BRFSS
4.3337502,16.197168,BRFSS,321432,,DANN_BRFSS
20.938,-7.6659803,BRFSS,102706,,DANN_BRFSS
-3.4271264,6.8759356,BRFSS,209756,,DANN_BRFSS
16.73202,-10.223592,BRFSS,120656,,DANN_BRFSS
9.772004,3.0104787,BRFSS,111552,,DANN_BRFSS
-4.4119267,-8.406575,NHANES,6309,Non-Hispanic Black,DANN_BRFSS
-3.077714,1.0282437,BRFSS,174132,,DANN_BRFSS
7.811542,5.9507895,NHANES,4432,Non-Hispanic Asian,DANN_BRFSS
1.3061355,11.934329,BRFSS,436782,,DANN_BRFSS
10.1780405,15.16777,BRFSS,114897,,DANN_BRFSS
