umap_x,umap_y,domain,sample_idx,protected,method
9.529634,-4.6741014,BRFSS,436072,,CORAL_NHANES
1.3501074,3.8844197,BRFSS,219834,,CORAL_NHANES
17.027294,6.264375,BRFSS,19966,,CORAL_NHANES
17.795,1.2664323,BRFSS,262068,,CORAL_NHANES
7.5190063,-3.3957198,BRFSS,316176,,CORAL_NHANES
0.1885887,7.396405,BRFSS,420733,,CORAL_NHANES
4.325757,-1.194066,BRFSS,307414,,CORAL_NHANES
1.4577107,-1.0270349,BRFSS,104317,,CORAL_NHANES
16.700281,9.21661,BRFSS,139451,,CORAL_NHANES
-3.5981226,12.768304,BRFSS,30530,,CORAL_NHANES
17.968073,2.223146,BRFSS,429928,,CORAL_NHANES
15.227466,3.3409433,BRFSS,179802,,CORAL_NHANES
-11.294358,17.742607,BRFSS,46940,,CORAL_NHANES
-7.8141418,2.4040537,BRFSS,318039,,CORAL_NHANES
4.723549,6.7333817,BRFSS,205523,,CORAL_NHANES
1.7624546,5.218107,BRFSS,289919,,CORAL_NHANES
13.504383,2.4672525,BRFSS,371107,,CORAL_NHANES
12.526435,-1.0940281,BRFSS,424658,,CORAL_NHANES
15.245194,11.342507,BRFSS,255076,,CORAL_NHANES
1.4663388,1.6682761,BRFSS,96456,,CORAL_NHANES
9.596829,-2.5097601,BRFSS,392555,,CORAL_NHANES
-10.217062,17.31166,BRFSS,56835,,CORAL_NHANES
-2.9919484,-8.540135,NHANES,928,Non-Hispanic White,CORAL_NHANES
-3.1014507,-8.649645,PIMA,583,Pima Indian,CORAL_NHANES
-7.2865806,4.9474406,BRFSS,101119,,CORAL_NHANES
2.373937,4.7942815,BRFSS,236650,,CORAL_NHANES
0.14180158,6.434579,BRFSS,56380,,CORAL_NHANES
11.133812,-2.9219875,BRFSS,129153,,CORAL_NHANES
11.918743,1.1689988,BRFSS,354939,,CORAL_NHANES
17.792255,1.7516674,BRFSS,103959,,CORAL_NHANES
14.722404,7.14066,BRFSS,23940,,CORAL_NHANES
3.7584016,0.5742198,BRFSS,26072,,CORAL_NHANES
17.86355,2.0366952,BRFSS,391272,,CORAL_NHANES
0.9480933,7.442585,BRFSS,395642,,CORAL_NHANES
17.405348,1.2203983,BRFSS,344358,,CORAL_NHANES
1.3243905,12.700338,NHANES,3968,Non-Hispanic Black,CORAL_NHANES
3.9633975,10.428631,BRFSS,146754,,CORAL_NHANES
11.656433,-1.43677,BRFSS,188217,,CORAL_NHANES
2.3798943,12.779237,BRFSS,410290,,CORAL_NHANES
15.817444,12.089139,BRFSS,337447,,CORAL_NHANES
3.9517314,13.006948,BRFSS,276827,,CORAL_NHANES
17.66497,6.3631144,BRFSS,197245,,CORAL_NHANES
17.369009,4.3029146,BRFSS,249143,,CORAL_NHANES
4.2577767,-1.2277143,BRFSS,309740,,CORAL_NHANES
16.789663,6.93576,BRFSS,330194,,CORAL_NHANES
10.223061,-4.5321016,BRFSS,425407,,CORAL_NHANES
17.79117,5.308143,BRFSS,101416,,CORAL_NHANES
15.488721,9.582315,BRFSS,378704,,CORAL_NHANES
18.211706,0.8098935,BRFSS,287721,,CORAL_NHANES
-7.827387,2.3996038,BRFSS,72049,,CORAL_NHANES
-11.5729475,17.933945,BRFSS,337496,,CORAL_NHANES
7.742884,-2.7560663,BRFSS,101990,,CORAL_NHANES
-7.273603,4.8765035,BRFSS,90910,,CORAL_NHANES
-9.540274,3.2243557,BRFSS,319833,,CORAL_NHANES
-7.2664127,4.8585944,BRFSS,350375,,CORAL_NHANES
16.240149,1.1540451,BRFSS,311932,,CORAL_NHANES
13.818743,3.7759404,BRFSS,190785,,CORAL_NHANES
2.9115992,5.6933866,BRFSS,136499,,CORAL_NHANES
7.3199706,1.238144,BRFSS,427197,,CORAL_NHANES
9.91381,-3.7408528,BRFSS,16662,,CORAL_NHANES
15.551794,7.700817,BRFSS,138015,,CORAL_NHANES
-12.647249,18.736696,BRFSS,257390,,CORAL_NHANES
13.881989,4.073495,BRFSS,173806,,CORAL_NHANES
1.1983802,0.48193213,BRFSS,187187,,CORAL_NHANES
10.020005,-2.8812656,BRFSS,29070,,CORAL_NHANES
15.577164,4.971796,BRFSS,138420,,CORAL_NHANES
15.44321,2.3580768,BRFSS,245621,,CORAL_NHANES
13.699081,8.460239,BRFSS,222454,,CORAL_NHANES
1.2065746,0.5050528,BRFSS,404656,,CORAL_NHANES
-0.03302161,7.331225,BRFSS,322032,,CORAL_NHANES
7.320406,2.4785762,BRFSS,318225,,CORAL_NHANES
-3.2216778,-8.769741,PIMA,53,Pima Indian,CORAL_NHANES
3.1876042,2.3729548,BRFSS,297991,,CORAL_NHANES
14.125865,6.704782,BRFSS,191304,,CORAL_NHANES
16.185488,10.597168,BRFSS,170073,,CORAL_NHANES
3.0720577,1.0063016,BRFSS,355661,,CORAL_NHANES
14.211897,12.55058,BRFSS,23472,,CORAL_NHANES
17.262676,8.000262,BRFSS,57703,,CORAL_NHANES
2.597722,12.893029,BRFSS,270394,,CORAL_NHANES
14.820208,11.696768,BRFSS,250886,,CORAL_NHANES
13.531757,1.9814336,BRFSS,363784,,CORAL_NHANES
7.2046375,-4.0990047,BRFSS,115826,,CORAL_NHANES
1.3830332,5.461836,BRFSS,124843,,CORAL_NHANES
-8.9257,2.6161983,BRFSS,177892,,CORAL_NHANES
4.1639223,2.0391526,BRFSS,61692,,CORAL_NHANES
3.0642524,5.4442253,BRFSS,342922,,CORAL_NHANES
3.0588105,1.001653,BRFSS,296821,,CORAL_NHANES
1.9114321,5.0748634,BRFSS,351488,,CORAL_NHANES
-2.5538077,14.073934,BRFSS,104114,,CORAL_NHANES
16.498781,4.075838,BRFSS,430000,,CORAL_NHANES
7.3843875,2.56399,BRFSS,60029,,CORAL_NHANES
11.481436,0.3639101,BRFSS,32610,,CORAL_NHANES
12.6956215,9.35656,BRFSS,54766,,CORAL_NHANES
15.397335,6.8346944,BRFSS,216677,,CORAL_NHANES
3.2398012,-0.3475194,BRFSS,233816,,CORAL_NHANES
3.0542915,3.095953,BRFSS,269921,,CORAL_NHANES
17.336222,1.2819967,BRFSS,138561,,CORAL_NHANES
14.1223955,11.899043,BRFSS,88226,,CORAL_NHANES
2.1248994,8.183981,BRFSS,356763,,CORAL_NHANES
14.191224,9.712284,BRFSS,138733,,CORAL_NHANES
5.893739,2.642394,BRFSS,56628,,CORAL_NHANES
5.4334054,3.0044978,BRFSS,205109,,CORAL_NHANES
6.978222,2.0403574,BRFSS,430920,,CORAL_NHANES
2.8449526,4.5757933,BRFSS,306029,,CORAL_NHANES
-3.5582163,12.813878,BRFSS,410099,,CORAL_NHANES
17.907015,6.8963013,BRFSS,324970,,CORAL_NHANES
13.9219055,11.2925625,BRFSS,135849,,CORAL_NHANES
15.788477,12.461939,BRFSS,46787,,CORAL_NHANES
5.229866,3.806514,BRFSS,438649,,CORAL_NHANES
15.153534,4.4741592,BRFSS,239440,,CORAL_NHANES
14.244874,12.396417,BRFSS,41596,,CORAL_NHANES
15.429056,5.034054,BRFSS,20651,,CORAL_NHANES
16.010916,0.8008624,BRFSS,92422,,CORAL_NHANES
17.909298,6.879201,BRFSS,274849,,CORAL_NHANES
0.0015243255,7.0919623,BRFSS,201228,,CORAL_NHANES
1.598251,-1.2078559,BRFSS,328065,,CORAL_NHANES
14.029458,6.9271417,BRFSS,223121,,CORAL_NHANES
16.082863,11.555439,BRFSS,160464,,CORAL_NHANES
13.86099,9.610875,BRFSS,357148,,CORAL_NHANES
6.9988785,-1.171858,BRFSS,321661,,CORAL_NHANES
0.7981031,13.233771,BRFSS,309898,,CORAL_NHANES
17.409986,8.991294,BRFSS,58751,,CORAL_NHANES
17.941864,5.1552362,BRFSS,64837,,CORAL_NHANES
8.249962,-3.2267344,BRFSS,433468,,CORAL_NHANES
2.5014093,12.832662,BRFSS,134095,,CORAL_NHANES
2.580322,5.367737,BRFSS,187381,,CORAL_NHANES
1.296034,5.9360557,BRFSS,77160,,CORAL_NHANES
7.9309134,-1.4704632,BRFSS,67885,,CORAL_NHANES
7.5505347,0.8414899,BRFSS,252205,,CORAL_NHANES
13.564582,9.790411,BRFSS,188730,,CORAL_NHANES
5.090066,1.3082852,BRFSS,417026,,CORAL_NHANES
8.04636,-0.2714511,BRFSS,339222,,CORAL_NHANES
-3.2452176,-8.79328,PIMA,578,Pima Indian,CORAL_NHANES
11.592007,-0.40285143,BRFSS,104071,,CORAL_NHANES
8.685146,-1.9094698,BRFSS,334248,,CORAL_NHANES
17.552366,6.386744,BRFSS,415914,,CORAL_NHANES
1.7713649,-1.123268,BRFSS,412118,,CORAL_NHANES
11.577641,2.7706125,BRFSS,196379,,CORAL_NHANES
12.472144,-1.4473301,BRFSS,289995,,CORAL_NHANES
2.5864058,12.888422,BRFSS,86112,,CORAL_NHANES
9.91279,-3.751183,BRFSS,149298,,CORAL_NHANES
17.00402,2.3440058,BRFSS,179995,,CORAL_NHANES
0.39347446,6.840535,BRFSS,434183,,CORAL_NHANES
4.4708443,8.754647,BRFSS,413763,,CORAL_NHANES
-3.1168559,-8.6650505,NHANES,7717,Non-Hispanic White,CORAL_NHANES
13.740895,9.547355,BRFSS,286204,,CORAL_NHANES
2.3966994,-0.29921305,BRFSS,68191,,CORAL_NHANES
0.42962912,5.9376535,BRFSS,193186,,CORAL_NHANES
17.76662,5.3179293,BRFSS,35908,,CORAL_NHANES
1.3298874,12.684616,BRFSS,25616,,CORAL_NHANES
-8.448223,2.3166611,BRFSS,242961,,CORAL_NHANES
0.29976347,13.745672,BRFSS,267017,,CORAL_NHANES
7.1881943,-3.9776843,BRFSS,445339,,CORAL_NHANES
11.666275,-1.4216707,BRFSS,63535,,CORAL_NHANES
17.503744,8.888212,BRFSS,139179,,CORAL_NHANES
16.334257,1.6044964,BRFSS,446754,,CORAL_NHANES
3.464867,3.6794791,BRFSS,28368,,CORAL_NHANES
3.7876666,-0.20439777,BRFSS,221573,,CORAL_NHANES
11.88784,-2.0102284,BRFSS,320576,,CORAL_NHANES
16.878506,2.3409324,BRFSS,241154,,CORAL_NHANES
14.281809,8.205886,BRFSS,366781,,CORAL_NHANES
4.1784143,1.3535606,BRFSS,321334,,CORAL_NHANES
-7.2794085,4.959428,BRFSS,362109,,CORAL_NHANES
1.0281692,7.2681885,BRFSS,21538,,CORAL_NHANES
16.359938,9.48261,BRFSS,94359,,CORAL_NHANES
13.325956,1.7968428,BRFSS,25597,,CORAL_NHANES
16.234888,0.10585822,BRFSS,301993,,CORAL_NHANES
4.780692,3.5405095,BRFSS,50314,,CORAL_NHANES
5.220532,0.81283075,BRFSS,168497,,CORAL_NHANES
17.156158,4.3625646,BRFSS,41629,,CORAL_NHANES
16.098732,9.879193,BRFSS,444630,,CORAL_NHANES
16.399126,8.207594,BRFSS,287109,,CORAL_NHANES
15.432053,12.211253,BRFSS,362367,,CORAL_NHANES
15.306988,2.4914548,BRFSS,377304,,CORAL_NHANES
7.788752,-2.6309018,BRFSS,348261,,CORAL_NHANES
-2.8900678,-8.438285,NHANES,4377,Non-Hispanic White,CORAL_NHANES
16.63509,11.0862875,BRFSS,302318,,CORAL_NHANES
4.653694,4.126496,BRFSS,61113,,CORAL_NHANES
15.300431,12.192132,BRFSS,449020,,CORAL_NHANES
17.225414,7.9898233,BRFSS,406292,,CORAL_NHANES
16.116795,11.796281,BRFSS,15605,,CORAL_NHANES
2.0542402,4.953342,BRFSS,363671,,CORAL_NHANES
2.654211,1.5298285,BRFSS,302402,,CORAL_NHANES
3.885521,10.544986,BRFSS,104764,,CORAL_NHANES
17.03751,4.973803,BRFSS,388759,,CORAL_NHANES
-10.690563,17.534586,BRFSS,45322,,CORAL_NHANES
11.507689,-0.12366516,BRFSS,182929,,CORAL_NHANES
14.111766,6.749898,BRFSS,94430,,CORAL_NHANES
-9.595911,3.2835536,BRFSS,354109,,CORAL_NHANES
12.866842,-2.3766785,BRFSS,323480,,CORAL_NHANES
-0.08671618,7.4192924,BRFSS,403648,,CORAL_NHANES
10.08657,-3.5857875,BRFSS,413037,,CORAL_NHANES
15.47479,7.8138027,BRFSS,70260,,CORAL_NHANES
3.507158,4.1729627,BRFSS,73374,,CORAL_NHANES
-8.852953,2.5555406,BRFSS,370167,,CORAL_NHANES
4.557825,8.236572,BRFSS,89292,,CORAL_NHANES
4.1246324,-1.1707499,BRFSS,103507,,CORAL_NHANES
-8.692696,2.4417741,BRFSS,325888,,CORAL_NHANES
1.4238981,3.9816616,BRFSS,262345,,CORAL_NHANES
0.5960393,6.063096,BRFSS,234269,,CORAL_NHANES
17.208094,7.993397,BRFSS,333607,,CORAL_NHANES
15.910216,9.8416195,BRFSS,280809,,CORAL_NHANES
-10.684426,4.5756755,BRFSS,64927,,CORAL_NHANES
6.8184457,-2.847651,BRFSS,307405,,CORAL_NHANES
13.883414,4.1344547,BRFSS,302048,,CORAL_NHANES
1.5997164,-0.4021966,BRFSS,97243,,CORAL_NHANES
5.203491,3.0853949,BRFSS,322962,,CORAL_NHANES
3.879833,10.532345,BRFSS,224985,,CORAL_NHANES
17.434591,2.0416267,BRFSS,293843,,CORAL_NHANES
7.5860677,0.55544764,BRFSS,312046,,CORAL_NHANES
17.007597,4.0149226,BRFSS,180219,,CORAL_NHANES
10.887719,-3.633056,BRFSS,85340,,CORAL_NHANES
13.7189865,10.968663,BRFSS,325843,,CORAL_NHANES
1.5649527,7.704919,BRFSS,432796,,CORAL_NHANES
0.5871171,6.4587674,BRFSS,166740,,CORAL_NHANES
15.944995,7.6875854,BRFSS,38331,,CORAL_NHANES
17.65819,4.3077226,BRFSS,251240,,CORAL_NHANES
1.2836581,12.743904,BRFSS,66654,,CORAL_NHANES
16.631937,6.6014175,BRFSS,255044,,CORAL_NHANES
16.793104,0.011513127,BRFSS,380763,,CORAL_NHANES
3.6019034,5.2373066,BRFSS,280494,,CORAL_NHANES
9.961269,-4.6435556,BRFSS,306492,,CORAL_NHANES
16.742115,9.226296,BRFSS,158466,,CORAL_NHANES
-7.116534,4.4823766,BRFSS,24375,,CORAL_NHANES
-7.087718,4.4155283,BRFSS,83866,,CORAL_NHANES
1.752138,-1.2720364,BRFSS,260458,,CORAL_NHANES
17.37038,8.19133,BRFSS,46840,,CORAL_NHANES
10.091146,-3.5460038,BRFSS,393591,,CORAL_NHANES
-7.292378,4.9795966,BRFSS,249329,,CORAL_NHANES
1.3377233,5.921195,BRFSS,183215,,CORAL_NHANES
16.443586,8.85751,BRFSS,235905,,CORAL_NHANES
17.194155,0.03497088,BRFSS,130053,,CORAL_NHANES
11.3289995,-3.535122,BRFSS,358875,,CORAL_NHANES
13.240402,3.4745598,BRFSS,122608,,CORAL_NHANES
-7.3541617,2.9436085,BRFSS,291857,,CORAL_NHANES
10.701212,-3.8364966,BRFSS,115641,,CORAL_NHANES
15.861281,11.029219,BRFSS,39789,,CORAL_NHANES
7.006509,-1.1683166,BRFSS,251968,,CORAL_NHANES
8.171092,-3.4165342,BRFSS,70354,,CORAL_NHANES
15.035306,1.8062367,BRFSS,204940,,CORAL_NHANES
-12.298909,18.463392,BRFSS,120875,,CORAL_NHANES
-12.198018,18.380047,BRFSS,296877,,CORAL_NHANES
15.559782,9.153669,BRFSS,45370,,CORAL_NHANES
16.192486,10.612833,BRFSS,401128,,CORAL_NHANES
11.807706,-0.060531337,BRFSS,326273,,CORAL_NHANES
13.129592,3.9095492,BRFSS,16670,,CORAL_NHANES
4.9924755,3.9669394,BRFSS,166693,,CORAL_NHANES
-7.1135592,4.482255,BRFSS,310854,,CORAL_NHANES
1.0150013,7.4531546,BRFSS,171380,,CORAL_NHANES
12.676079,8.99689,BRFSS,347820,,CORAL_NHANES
17.007915,10.0068655,BRFSS,442228,,CORAL_NHANES
8.616153,-2.2276056,BRFSS,180833,,CORAL_NHANES
15.04774,4.001069,BRFSS,267125,,CORAL_NHANES
17.246248,9.120122,BRFSS,355528,,CORAL_NHANES
7.0319467,-1.0702027,BRFSS,128429,,CORAL_NHANES
4.33148,1.4036511,BRFSS,202081,,CORAL_NHANES
10.044464,-2.107461,BRFSS,308839,,CORAL_NHANES
14.11631,6.744993,BRFSS,214354,,CORAL_NHANES
16.864653,6.285968,BRFSS,118821,,CORAL_NHANES
1.6957719,-1.2023752,BRFSS,121715,,CORAL_NHANES
10.080422,-2.623776,BRFSS,398145,,CORAL_NHANES
2.7994766,3.7356787,BRFSS,377284,,CORAL_NHANES
2.243789,12.536785,BRFSS,410403,,CORAL_NHANES
11.050704,-3.3760712,BRFSS,185370,,CORAL_NHANES
15.422492,1.3963383,BRFSS,323153,,CORAL_NHANES
0.28247762,5.334078,BRFSS,320710,,CORAL_NHANES
3.1830585,13.296163,BRFSS,445364,,CORAL_NHANES
2.2152538,-0.5840139,BRFSS,64622,,CORAL_NHANES
11.721158,2.3249364,BRFSS,315848,,CORAL_NHANES
14.779005,11.785751,BRFSS,370658,,CORAL_NHANES
9.7459135,-1.3482578,BRFSS,200824,,CORAL_NHANES
3.300369,5.457985,BRFSS,255120,,CORAL_NHANES
1.1861439,5.0766506,BRFSS,345696,,CORAL_NHANES
4.3642583,9.262133,BRFSS,196256,,CORAL_NHANES
15.9742,7.408148,BRFSS,45036,,CORAL_NHANES
14.211827,9.694332,BRFSS,318072,,CORAL_NHANES
12.084068,-1.5061392,BRFSS,414429,,CORAL_NHANES
14.586318,12.187552,BRFSS,229599,,CORAL_NHANES
9.134033,-4.887629,BRFSS,50168,,CORAL_NHANES
1.1599119,5.108809,BRFSS,97196,,CORAL_NHANES
-1.8533882,14.600744,BRFSS,117304,,CORAL_NHANES
4.679725,-1.8439025,BRFSS,232290,,CORAL_NHANES
15.837461,12.80468,BRFSS,407917,,CORAL_NHANES
11.545151,3.0794904,BRFSS,133022,,CORAL_NHANES
16.734896,10.419468,BRFSS,250261,,CORAL_NHANES
1.76765,1.0794717,BRFSS,449005,,CORAL_NHANES
5.19726,2.834079,BRFSS,167730,,CORAL_NHANES
-7.079015,4.4137955,BRFSS,284397,,CORAL_NHANES
2.4308228,-0.27658558,BRFSS,227010,,CORAL_NHANES
17.282063,2.3984694,BRFSS,258004,,CORAL_NHANES
7.2856193,-0.7063726,BRFSS,89301,,CORAL_NHANES
-11.299385,17.74417,BRFSS,273203,,CORAL_NHANES
12.502911,9.107037,BRFSS,381562,,CORAL_NHANES
7.7509913,-2.727447,BRFSS,153507,,CORAL_NHANES
13.755298,8.553195,BRFSS,155156,,CORAL_NHANES
17.238886,5.2944527,BRFSS,353289,,CORAL_NHANES
-8.517766,2.328109,BRFSS,77560,,CORAL_NHANES
3.5888615,0.4338332,NHANES,1829,Mexican American,CORAL_NHANES
-7.0643597,4.331692,BRFSS,27327,,CORAL_NHANES
12.91101,9.315591,BRFSS,412904,,CORAL_NHANES
-3.561098,12.8104105,BRFSS,220802,,CORAL_NHANES
8.255451,-3.2176878,BRFSS,129755,,CORAL_NHANES
7.8014016,-1.0509171,BRFSS,336882,,CORAL_NHANES
7.880521,-1.741814,BRFSS,135402,,CORAL_NHANES
4.6766963,3.3096354,BRFSS,430979,,CORAL_NHANES
2.4312153,-0.28433168,BRFSS,286801,,CORAL_NHANES
4.6205654,7.3080306,BRFSS,293559,,CORAL_NHANES
6.954038,1.7514002,BRFSS,435103,,CORAL_NHANES
12.504104,-1.26675,BRFSS,136581,,CORAL_NHANES
14.4179325,10.575533,BRFSS,305890,,CORAL_NHANES
4.4027805,1.4580154,BRFSS,333459,,CORAL_NHANES
15.559497,13.460218,BRFSS,424969,,CORAL_NHANES
15.329952,6.7182183,BRFSS,444849,,CORAL_NHANES
10.029358,-2.0337298,BRFSS,77772,,CORAL_NHANES
14.06408,6.925303,BRFSS,151958,,CORAL_NHANES
1.3531649,1.6362725,BRFSS,237226,,CORAL_NHANES
0.018831441,7.1094155,BRFSS,303163,,CORAL_NHANES
15.323535,1.1457204,BRFSS,11579,,CORAL_NHANES
15.8518,10.004808,BRFSS,42200,,CORAL_NHANES
6.9924154,-1.1953146,BRFSS,413688,,CORAL_NHANES
17.720604,1.5219212,BRFSS,73795,,CORAL_NHANES
8.223459,-3.3033404,BRFSS,101696,,CORAL_NHANES
-7.569478,2.6202877,BRFSS,424695,,CORAL_NHANES
15.325083,6.79396,BRFSS,393042,,CORAL_NHANES
4.546675,8.308419,BRFSS,116763,,CORAL_NHANES
15.406356,2.359115,BRFSS,139097,,CORAL_NHANES
7.424881,-3.787293,BRFSS,371965,,CORAL_NHANES
4.681393,-1.8436981,BRFSS,103358,,CORAL_NHANES
-1.1488241,14.546229,BRFSS,289793,,CORAL_NHANES
16.277067,10.436855,BRFSS,198261,,CORAL_NHANES
8.204368,-4.535589,BRFSS,78470,,CORAL_NHANES
3.659868,11.152448,BRFSS,407918,,CORAL_NHANES
11.671556,2.44172,BRFSS,136354,,CORAL_NHANES
15.348806,12.985932,BRFSS,448186,,CORAL_NHANES
14.949838,5.6088777,BRFSS,143971,,CORAL_NHANES
4.6756153,5.5386376,BRFSS,72541,,CORAL_NHANES
14.37073,12.25835,BRFSS,46930,,CORAL_NHANES
1.2071743,0.43486428,BRFSS,179888,,CORAL_NHANES
13.797064,11.270344,BRFSS,28174,,CORAL_NHANES
-13.2312765,19.217152,BRFSS,379003,,CORAL_NHANES
16.24412,1.723406,BRFSS,160266,,CORAL_NHANES
7.9913235,-4.509109,BRFSS,208433,,CORAL_NHANES
12.444112,2.326482,BRFSS,187429,,CORAL_NHANES
-1.3863124,14.536443,BRFSS,72408,,CORAL_NHANES
-0.06936753,14.047103,BRFSS,129146,,CORAL_NHANES
7.235392,1.8696642,BRFSS,265593,,CORAL_NHANES
0.8920343,13.130844,BRFSS,262108,,CORAL_NHANES
13.784421,3.1522207,BRFSS,13542,,CORAL_NHANES
14.164307,6.6591687,BRFSS,166692,,CORAL_NHANES
11.910411,1.4705029,BRFSS,167490,,CORAL_NHANES
15.741044,9.982602,BRFSS,378907,,CORAL_NHANES
2.1678302,12.694287,BRFSS,239812,,CORAL_NHANES
2.8744366,-0.8290069,BRFSS,115180,,CORAL_NHANES
17.831926,5.637349,BRFSS,55334,,CORAL_NHANES
11.852521,1.495932,BRFSS,321896,,CORAL_NHANES
11.478124,-0.6948422,BRFSS,347429,,CORAL_NHANES
17.723063,6.14051,BRFSS,436328,,CORAL_NHANES
15.673012,13.393227,BRFSS,295125,,CORAL_NHANES
1.9052306,5.1135464,BRFSS,375054,,CORAL_NHANES
4.702748,6.867986,BRFSS,62230,,CORAL_NHANES
-11.245831,17.724125,BRFSS,43565,,CORAL_NHANES
2.7455142,-1.3387573,BRFSS,168004,,CORAL_NHANES
17.918648,4.318703,BRFSS,372275,,CORAL_NHANES
13.178384,9.769705,BRFSS,38058,,CORAL_NHANES
2.315893,-0.35923722,BRFSS,416437,,CORAL_NHANES
5.026318,2.0516608,BRFSS,201024,,CORAL_NHANES
15.392436,1.0931556,BRFSS,176075,,CORAL_NHANES
3.4123971,4.6331215,BRFSS,195103,,CORAL_NHANES
15.240822,2.841446,BRFSS,155772,,CORAL_NHANES
6.8434095,-2.877091,BRFSS,143673,,CORAL_NHANES
5.2724733,0.92067,BRFSS,251881,,CORAL_NHANES
14.999114,5.337683,BRFSS,15077,,CORAL_NHANES
7.3955007,2.5956855,BRFSS,129794,,CORAL_NHANES
3.5306122,11.018867,BRFSS,47073,,CORAL_NHANES
1.6969177,12.484534,BRFSS,10954,,CORAL_NHANES
13.1288595,4.260667,BRFSS,10065,,CORAL_NHANES
13.059575,9.729752,BRFSS,30398,,CORAL_NHANES
12.92272,9.322289,BRFSS,111397,,CORAL_NHANES
14.228878,12.552192,BRFSS,253797,,CORAL_NHANES
15.785821,7.6351247,BRFSS,157105,,CORAL_NHANES
-10.681185,4.573383,BRFSS,296966,,CORAL_NHANES
1.6149312,1.0085912,BRFSS,131594,,CORAL_NHANES
7.140305,-3.6321907,BRFSS,370033,,CORAL_NHANES
16.505566,5.9583464,BRFSS,384675,,CORAL_NHANES
5.483965,2.4392548,BRFSS,286600,,CORAL_NHANES
14.245441,12.343006,BRFSS,292808,,CORAL_NHANES
13.097512,9.653753,BRFSS,136671,,CORAL_NHANES
17.794388,8.044728,BRFSS,388893,,CORAL_NHANES
17.8117,6.154792,BRFSS,231024,,CORAL_NHANES
15.231922,0.9472088,BRFSS,294581,,CORAL_NHANES
15.025286,6.567599,BRFSS,403986,,CORAL_NHANES
2.635588,3.8550394,BRFSS,440391,,CORAL_NHANES
3.596197,3.0658803,BRFSS,403478,,CORAL_NHANES
1.4583799,12.5813,BRFSS,34720,,CORAL_NHANES
10.723821,-2.8946204,BRFSS,137030,,CORAL_NHANES
6.816679,-2.8412375,BRFSS,13556,,CORAL_NHANES
15.415062,3.287523,BRFSS,251187,,CORAL_NHANES
12.7987995,3.5674446,BRFSS,235139,,CORAL_NHANES
17.256733,0.8633666,BRFSS,145145,,CORAL_NHANES
14.322383,11.871984,NHANES,1190,Non-Hispanic Black,CORAL_NHANES
17.513298,2.2544384,BRFSS,121671,,CORAL_NHANES
6.473865,1.4003328,BRFSS,130157,,CORAL_NHANES
15.534663,1.8537229,BRFSS,244762,,CORAL_NHANES
6.6342015,1.2501367,BRFSS,358080,,CORAL_NHANES
17.868633,6.123491,BRFSS,281399,,CORAL_NHANES
-11.508808,17.886421,BRFSS,249237,,CORAL_NHANES
8.5474205,-2.625214,BRFSS,151789,,CORAL_NHANES
17.56215,8.354844,BRFSS,386297,,CORAL_NHANES
-9.363586,3.0392878,BRFSS,350112,,CORAL_NHANES
-8.00938,2.2919533,BRFSS,340964,,CORAL_NHANES
15.70585,13.204939,BRFSS,390115,,CORAL_NHANES
10.009814,-2.8961458,BRFSS,389989,,CORAL_NHANES
2.6431713,5.2909946,BRFSS,145686,,CORAL_NHANES
5.5012326,2.502597,BRFSS,221845,,CORAL_NHANES
8.490371,-4.684387,BRFSS,319729,,CORAL_NHANES
0.46128723,7.4365735,BRFSS,277030,,CORAL_NHANES
11.084469,-3.2492805,BRFSS,293068,,CORAL_NHANES
15.485645,9.372294,BRFSS,274855,,CORAL_NHANES
13.063242,3.7933524,BRFSS,406505,,CORAL_NHANES
12.350075,9.0541725,BRFSS,302204,,CORAL_NHANES
16.667227,0.38959926,BRFSS,293351,,CORAL_NHANES
-1.6370391,14.655571,BRFSS,441661,,CORAL_NHANES
3.5812519,10.847092,BRFSS,446805,,CORAL_NHANES
8.679264,-1.9373119,BRFSS,397932,,CORAL_NHANES
12.683741,1.9821674,BRFSS,401783,,CORAL_NHANES
4.5616083,8.21632,BRFSS,321979,,CORAL_NHANES
0.80482197,13.22665,BRFSS,268555,,CORAL_NHANES
17.280708,1.3485788,BRFSS,295606,,CORAL_NHANES
4.724926,6.725912,BRFSS,258681,,CORAL_NHANES
-12.435548,18.564945,BRFSS,18794,,CORAL_NHANES
17.19886,7.861174,BRFSS,59319,,CORAL_NHANES
1.7285112,12.578521,BRFSS,319875,,CORAL_NHANES
15.831528,0.83191806,BRFSS,100393,,CORAL_NHANES
7.1779547,1.7905977,BRFSS,78702,,CORAL_NHANES
3.744487,13.14862,BRFSS,346959,,CORAL_NHANES
-12.958949,18.991503,BRFSS,230318,,CORAL_NHANES
4.2489223,-1.2264445,BRFSS,220662,,CORAL_NHANES
14.467574,11.555469,BRFSS,294368,,CORAL_NHANES
2.6077616,3.8812528,BRFSS,325742,,CORAL_NHANES
1.1843573,0.49958318,BRFSS,48495,,CORAL_NHANES
3.8232396,10.662333,BRFSS,378174,,CORAL_NHANES
15.388774,12.20482,BRFSS,199682,,CORAL_NHANES
-7.5422807,2.6381872,BRFSS,356425,,CORAL_NHANES
6.170249,0.26073468,BRFSS,437142,,CORAL_NHANES
16.240824,4.220223,BRFSS,440346,,CORAL_NHANES
14.343489,9.7089815,BRFSS,227470,,CORAL_NHANES
13.398197,2.2836013,BRFSS,198632,,CORAL_NHANES
7.147788,-3.6670334,BRFSS,143096,,CORAL_NHANES
1.0772444,5.2431517,BRFSS,136031,,CORAL_NHANES
8.914634,-4.903078,BRFSS,246294,,CORAL_NHANES
0.017778592,5.5774994,BRFSS,167500,,CORAL_NHANES
13.52972,2.4316163,BRFSS,239038,,CORAL_NHANES
3.965631,10.424797,BRFSS,51145,,CORAL_NHANES
-12.198433,18.379885,BRFSS,329385,,CORAL_NHANES
11.827862,-2.535633,BRFSS,199387,,CORAL_NHANES
16.996727,4.9596786,BRFSS,335514,,CORAL_NHANES
15.124705,4.52411,BRFSS,360222,,CORAL_NHANES
-2.591291,14.039288,BRFSS,86181,,CORAL_NHANES
15.0583105,10.909851,BRFSS,218485,,CORAL_NHANES
6.1805496,2.5791397,BRFSS,261898,,CORAL_NHANES
5.771624,0.4732527,BRFSS,180459,,CORAL_NHANES
13.930322,2.0232666,BRFSS,269038,,CORAL_NHANES
3.84147,10.604106,BRFSS,279576,,CORAL_NHANES
-2.9064465,-8.45467,NHANES,3178,Other Hispanic,CORAL_NHANES
16.31167,6.6803875,BRFSS,449775,,CORAL_NHANES
-7.9477744,2.2962394,BRFSS,133496,,CORAL_NHANES
14.171955,6.6773148,BRFSS,289301,,CORAL_NHANES
-9.195551,2.8661387,BRFSS,149348,,CORAL_NHANES
-10.684876,4.5764756,BRFSS,326936,,CORAL_NHANES
15.366953,5.241421,BRFSS,198186,,CORAL_NHANES
-7.2990503,4.99024,BRFSS,102319,,CORAL_NHANES
16.997065,7.685109,BRFSS,343847,,CORAL_NHANES
-7.310596,3.0259287,BRFSS,230762,,CORAL_NHANES
18.233698,1.7752551,BRFSS,71592,,CORAL_NHANES
1.3682618,1.6389815,BRFSS,34636,,CORAL_NHANES
-10.756099,17.559736,BRFSS,247330,,CORAL_NHANES
3.2715957,-0.33600086,BRFSS,20754,,CORAL_NHANES
0.9203655,6.639304,BRFSS,121416,,CORAL_NHANES
11.90958,0.16528045,BRFSS,370733,,CORAL_NHANES
4.6884727,7.0769095,BRFSS,35120,,CORAL_NHANES
13.744705,9.578155,BRFSS,301029,,CORAL_NHANES
7.69281,-0.80195117,BRFSS,106467,,CORAL_NHANES
2.6106102,12.910237,BRFSS,66907,,CORAL_NHANES
1.2206689,0.16331369,BRFSS,365413,,CORAL_NHANES
17.53128,1.6152807,BRFSS,206045,,CORAL_NHANES
15.22556,2.8543005,BRFSS,46991,,CORAL_NHANES
4.0959845,-1.1496521,BRFSS,279032,,CORAL_NHANES
-10.692736,4.584113,BRFSS,326802,,CORAL_NHANES
6.467499e-05,5.620103,BRFSS,402758,,CORAL_NHANES
11.476458,0.41272426,BRFSS,237647,,CORAL_NHANES
12.510636,-1.2233171,BRFSS,172460,,CORAL_NHANES
2.6433537,-0.8698385,BRFSS,116220,,CORAL_NHANES
5.3682323,2.7953334,BRFSS,241730,,CORAL_NHANES
3.664328,3.0834575,BRFSS,268391,,CORAL_NHANES
14.466881,10.607353,BRFSS,40940,,CORAL_NHANES
6.8879733,-2.9541008,BRFSS,101698,,CORAL_NHANES
-2.5536635,14.074206,BRFSS,203807,,CORAL_NHANES
-3.5903976,12.775744,BRFSS,10815,,CORAL_NHANES
0.7970867,13.234755,BRFSS,96552,,CORAL_NHANES
1.7424611,-1.2785014,BRFSS,183983,,CORAL_NHANES
13.615593,3.6449225,BRFSS,28193,,CORAL_NHANES
11.949868,1.6084806,BRFSS,10318,,CORAL_NHANES
-7.287921,4.969472,BRFSS,308857,,CORAL_NHANES
14.003663,10.796294,BRFSS,248785,,CORAL_NHANES
-3.2813005,-8.829405,NHANES,7233,Other Hispanic,CORAL_NHANES
16.136734,1.7532321,BRFSS,14195,,CORAL_NHANES
11.832777,-2.489816,BRFSS,426511,,CORAL_NHANES
12.043661,-0.3194538,BRFSS,364096,,CORAL_NHANES
15.743657,0.4158813,BRFSS,155566,,CORAL_NHANES
1.704788,1.0566201,BRFSS,127746,,CORAL_NHANES
12.951041,2.0553885,BRFSS,33793,,CORAL_NHANES
15.585517,9.67615,BRFSS,188370,,CORAL_NHANES
17.265982,7.8909793,BRFSS,112269,,CORAL_NHANES
18.088593,2.1478355,BRFSS,164453,,CORAL_NHANES
15.49005,2.7334251,BRFSS,301332,,CORAL_NHANES
16.481321,6.340239,BRFSS,288390,,CORAL_NHANES
1.3899852,5.496752,BRFSS,351586,,CORAL_NHANES
9.895558,-3.7569563,BRFSS,440688,,CORAL_NHANES
16.193699,1.7649224,BRFSS,163486,,CORAL_NHANES
1.3813126,12.633104,BRFSS,228007,,CORAL_NHANES
15.5378685,1.4060941,BRFSS,163667,,CORAL_NHANES
-3.2403605,-8.78841,NHANES,4093,Other Hispanic,CORAL_NHANES
-10.6851225,4.576338,BRFSS,225085,,CORAL_NHANES
14.734643,6.943719,BRFSS,123911,,CORAL_NHANES
7.7229643,-2.82706,BRFSS,392710,,CORAL_NHANES
0.21142125,13.824535,BRFSS,276860,,CORAL_NHANES
17.13705,2.605369,BRFSS,290184,,CORAL_NHANES
16.210262,4.0667377,BRFSS,433604,,CORAL_NHANES
-1.9720675,14.561931,BRFSS,365620,,CORAL_NHANES
0.82533205,7.421969,BRFSS,323803,,CORAL_NHANES
17.218752,9.578285,BRFSS,192623,,CORAL_NHANES
1.7140368,5.66524,BRFSS,296698,,CORAL_NHANES
8.724075,-4.8678193,BRFSS,428245,,CORAL_NHANES
7.91541,-1.4314164,BRFSS,446900,,CORAL_NHANES
8.139592,-3.4817903,BRFSS,325437,,CORAL_NHANES
3.868946,0.66551656,BRFSS,416693,,CORAL_NHANES
17.069448,9.5543165,BRFSS,117860,,CORAL_NHANES
15.35148,0.79668397,BRFSS,300856,,CORAL_NHANES
17.818077,7.926091,BRFSS,153300,,CORAL_NHANES
0.7073618,13.329126,BRFSS,369748,,CORAL_NHANES
12.840535,1.832292,BRFSS,144735,,CORAL_NHANES
13.980275,11.969966,BRFSS,104296,,CORAL_NHANES
13.656055,11.05502,BRFSS,436749,,CORAL_NHANES
12.52221,-1.0013982,BRFSS,373800,,CORAL_NHANES
15.47695,1.9259156,BRFSS,282600,,CORAL_NHANES
4.727417,6.1651993,BRFSS,89457,,CORAL_NHANES
-2.030827,14.5237465,BRFSS,440673,,CORAL_NHANES
15.650952,13.420658,BRFSS,236920,,CORAL_NHANES
15.708825,12.024738,BRFSS,87109,,CORAL_NHANES
7.1283836,-3.5610187,BRFSS,155355,,CORAL_NHANES
4.675254,7.1835766,BRFSS,439691,,CORAL_NHANES
14.172753,7.9298716,BRFSS,120188,,CORAL_NHANES
1.9017678,4.290159,BRFSS,49022,,CORAL_NHANES
15.262073,2.8365028,BRFSS,280624,,CORAL_NHANES
3.122843,13.281666,BRFSS,400527,,CORAL_NHANES
15.736511,11.321531,BRFSS,422491,,CORAL_NHANES
7.533352,-3.4290369,NHANES,7473,Non-Hispanic Asian,CORAL_NHANES
4.3234096,9.39727,BRFSS,191176,,CORAL_NHANES
14.148887,6.792685,BRFSS,107638,,CORAL_NHANES
17.54358,8.688772,NHANES,4167,Non-Hispanic White,CORAL_NHANES
5.621026,2.1462274,BRFSS,154095,,CORAL_NHANES
17.729158,1.813529,BRFSS,153949,,CORAL_NHANES
12.464148,-1.3623147,BRFSS,338600,,CORAL_NHANES
15.723702,12.995053,BRFSS,192671,,CORAL_NHANES
12.232812,2.6275694,BRFSS,177749,,CORAL_NHANES
17.24285,0.3095634,BRFSS,205294,,CORAL_NHANES
2.3685284,-0.3297378,BRFSS,259434,,CORAL_NHANES
7.6791806,-0.6471169,BRFSS,176979,,CORAL_NHANES
2.7166162,1.5689038,BRFSS,307549,,CORAL_NHANES
-1.7890581,14.651898,BRFSS,205708,,CORAL_NHANES
-10.685466,4.5766144,BRFSS,302715,,CORAL_NHANES
8.571353,-4.7887597,BRFSS,88525,,CORAL_NHANES
13.998531,10.639968,BRFSS,197842,,CORAL_NHANES
17.57028,1.8908832,BRFSS,20604,,CORAL_NHANES
-3.204244,-8.752351,NHANES,6581,Non-Hispanic White,CORAL_NHANES
2.7368805,-1.3452895,BRFSS,413339,,CORAL_NHANES
11.2637825,-3.7540479,BRFSS,201139,,CORAL_NHANES
1.1574286,-0.66250473,BRFSS,136521,,CORAL_NHANES
18.220644,0.90056354,BRFSS,142574,,CORAL_NHANES
15.403593,1.4401014,BRFSS,225720,,CORAL_NHANES
1.186579,5.0772624,BRFSS,154897,,CORAL_NHANES
5.682802,0.44121456,BRFSS,10613,,CORAL_NHANES
15.38005,1.1403364,BRFSS,268140,,CORAL_NHANES
13.100763,9.483155,BRFSS,49765,,CORAL_NHANES
15.342605,5.2497554,BRFSS,200169,,CORAL_NHANES
13.96611,10.687032,BRFSS,15813,,CORAL_NHANES
3.6906738,11.143606,BRFSS,239225,,CORAL_NHANES
8.536318,-2.590091,BRFSS,33414,,CORAL_NHANES
15.759458,11.659437,BRFSS,390291,,CORAL_NHANES
15.280042,7.9386215,BRFSS,213985,,CORAL_NHANES
-0.12669137,14.0861025,BRFSS,242333,,CORAL_NHANES
-0.0950656,14.064649,BRFSS,245243,,CORAL_NHANES
-1.2441511,14.571903,BRFSS,109615,,CORAL_NHANES
11.854267,2.8302498,BRFSS,63264,,CORAL_NHANES
-7.9945674,2.303614,BRFSS,321640,,CORAL_NHANES
17.571022,1.5873618,BRFSS,69074,,CORAL_NHANES
3.1723268,0.10631588,BRFSS,259695,,CORAL_NHANES
3.0744371,5.405935,BRFSS,101122,,CORAL_NHANES
-2.4457974,14.15881,BRFSS,410557,,CORAL_NHANES
4.343256,9.351444,BRFSS,83385,,CORAL_NHANES
3.1108012,3.037817,BRFSS,208180,,CORAL_NHANES
3.6847956,10.732943,BRFSS,308892,,CORAL_NHANES
17.477297,1.5993176,BRFSS,354069,,CORAL_NHANES
0.3266617,6.0932055,BRFSS,111661,,CORAL_NHANES
-13.367319,19.348999,BRFSS,342503,,CORAL_NHANES
3.4955091,4.623498,BRFSS,57211,,CORAL_NHANES
17.217339,2.8983514,BRFSS,193933,,CORAL_NHANES
-2.8982003,-8.4464245,NHANES,8106,Other Race,CORAL_NHANES
14.465251,11.019949,BRFSS,341704,,CORAL_NHANES
3.1383464,3.7029424,BRFSS,32739,,CORAL_NHANES
4.481378,8.712625,BRFSS,304817,,CORAL_NHANES
17.908155,6.8981547,BRFSS,271800,,CORAL_NHANES
-2.0719204,14.489088,BRFSS,328702,,CORAL_NHANES
16.853,7.624448,BRFSS,150907,,CORAL_NHANES
7.660275,1.3069484,BRFSS,332085,,CORAL_NHANES
1.3318305,12.692318,BRFSS,315159,,CORAL_NHANES
4.4809985,4.5573316,BRFSS,386890,,CORAL_NHANES
2.6128798,5.312984,BRFSS,307990,,CORAL_NHANES
16.490213,8.254465,BRFSS,251530,,CORAL_NHANES
17.891914,4.8067813,BRFSS,424533,,CORAL_NHANES
16.01645,11.544162,BRFSS,275487,,CORAL_NHANES
6.1068835,1.7378855,BRFSS,259696,,CORAL_NHANES
8.71359,-4.7644744,BRFSS,278845,,CORAL_NHANES
6.4598703,1.3626682,BRFSS,210128,,CORAL_NHANES
-11.302894,17.746899,BRFSS,387479,,CORAL_NHANES
11.38609,-0.49227604,BRFSS,232102,,CORAL_NHANES
11.553414,2.6513133,BRFSS,81931,,CORAL_NHANES
5.1298976,3.8063936,BRFSS,47827,,CORAL_NHANES
1.3423306,5.9121222,BRFSS,229032,,CORAL_NHANES
18.090883,5.438067,BRFSS,291181,,CORAL_NHANES
12.352744,2.1289847,BRFSS,225086,,CORAL_NHANES
0.25576112,6.3624897,BRFSS,255574,,CORAL_NHANES
0.25220558,5.4732714,BRFSS,34709,,CORAL_NHANES
8.501179,-4.6466937,BRFSS,325468,,CORAL_NHANES
7.7490635,-2.7273407,BRFSS,377625,,CORAL_NHANES
17.748695,1.8315693,BRFSS,33138,,CORAL_NHANES
1.5267332,12.521628,BRFSS,73102,,CORAL_NHANES
8.325079,-3.0622866,BRFSS,158405,,CORAL_NHANES
0.3190027,13.727296,BRFSS,21904,,CORAL_NHANES
4.1755743,2.020593,BRFSS,444918,,CORAL_NHANES
11.406378,-0.8317309,BRFSS,280796,,CORAL_NHANES
-3.252026,-8.800064,NHANES,6678,Non-Hispanic Black,CORAL_NHANES
10.642395,-3.153854,BRFSS,275555,,CORAL_NHANES
10.017713,-2.8773603,BRFSS,23667,,CORAL_NHANES
17.95813,6.4732046,BRFSS,246008,,CORAL_NHANES
17.501102,8.106174,BRFSS,132679,,CORAL_NHANES
14.625192,11.733935,BRFSS,188620,,CORAL_NHANES
-7.258121,4.8659415,BRFSS,251349,,CORAL_NHANES
5.30088,2.81232,BRFSS,261614,,CORAL_NHANES
17.632317,1.8867619,BRFSS,441180,,CORAL_NHANES
16.164215,5.8396826,BRFSS,14696,,CORAL_NHANES
-3.58834,12.77722,BRFSS,102002,,CORAL_NHANES
16.546799,0.077036165,BRFSS,403642,,CORAL_NHANES
15.430027,1.0678883,BRFSS,141310,,CORAL_NHANES
14.15478,7.957062,BRFSS,449676,,CORAL_NHANES
13.839891,2.069475,BRFSS,15093,,CORAL_NHANES
1.5219619,12.522677,BRFSS,398021,,CORAL_NHANES
10.7726755,-2.7689593,BRFSS,277026,,CORAL_NHANES
3.1494708,2.3661113,BRFSS,220137,,CORAL_NHANES
18.096804,5.259228,BRFSS,259443,,CORAL_NHANES
12.607117,9.078249,BRFSS,148380,,CORAL_NHANES
-2.58635,14.042714,BRFSS,344470,,CORAL_NHANES
15.14097,4.247077,BRFSS,299544,,CORAL_NHANES
17.093166,9.812803,BRFSS,29275,,CORAL_NHANES
10.026688,-2.9838994,BRFSS,95696,,CORAL_NHANES
14.781262,5.201424,BRFSS,253131,,CORAL_NHANES
15.869438,10.048731,BRFSS,275841,,CORAL_NHANES
5.03787,4.526914,BRFSS,87812,,CORAL_NHANES
11.860304,-2.2842073,BRFSS,19958,,CORAL_NHANES
10.51149,-3.4750583,BRFSS,309513,,CORAL_NHANES
15.724991,11.31455,BRFSS,88379,,CORAL_NHANES
15.290344,13.13341,BRFSS,325365,,CORAL_NHANES
12.848172,1.1861304,BRFSS,391994,,CORAL_NHANES
-8.191143,2.302759,BRFSS,278316,,CORAL_NHANES
14.4313965,7.609175,BRFSS,138358,,CORAL_NHANES
12.70706,1.7123173,BRFSS,444883,,CORAL_NHANES
15.07457,5.312522,BRFSS,299836,,CORAL_NHANES
1.5385046,12.507421,BRFSS,31737,,CORAL_NHANES
11.9197035,2.2095022,BRFSS,102197,,CORAL_NHANES
12.059895,0.10784565,BRFSS,242604,,CORAL_NHANES
16.10767,12.033417,BRFSS,177948,,CORAL_NHANES
14.192494,12.529101,BRFSS,33806,,CORAL_NHANES
11.6366625,-1.481873,BRFSS,170076,,CORAL_NHANES
-12.119049,18.31325,BRFSS,94631,,CORAL_NHANES
11.91647,0.14453688,BRFSS,66657,,CORAL_NHANES
11.84642,1.4389577,BRFSS,104819,,CORAL_NHANES
13.5924225,9.838731,BRFSS,264287,,CORAL_NHANES
10.054164,-4.6550145,BRFSS,399454,,CORAL_NHANES
8.4872875,-4.668234,BRFSS,12881,,CORAL_NHANES
3.4499652,4.92252,BRFSS,177667,,CORAL_NHANES
-8.555927,2.3509226,BRFSS,171750,,CORAL_NHANES
15.0462055,6.7576957,BRFSS,41981,,CORAL_NHANES
2.7132914,1.5658442,BRFSS,76835,,CORAL_NHANES
7.0325723,-1.0912156,BRFSS,429980,,CORAL_NHANES
15.854945,1.7865819,BRFSS,63978,,CORAL_NHANES
12.45101,-1.4345468,BRFSS,237400,,CORAL_NHANES
3.978935,10.411585,BRFSS,239233,,CORAL_NHANES
15.410656,9.100344,BRFSS,394614,,CORAL_NHANES
5.2009463,0.8348577,BRFSS,430220,,CORAL_NHANES
4.0876117,-1.1462001,BRFSS,248221,,CORAL_NHANES
4.0645523,-0.098738015,BRFSS,392486,,CORAL_NHANES
12.287901,3.0636473,BRFSS,422158,,CORAL_NHANES
15.153595,5.2434626,BRFSS,448270,,CORAL_NHANES
-13.360478,19.342125,BRFSS,99935,,CORAL_NHANES
7.4568887,-3.5701988,BRFSS,279147,,CORAL_NHANES
15.375303,6.812388,BRFSS,379714,,CORAL_NHANES
12.757584,8.880115,BRFSS,303894,,CORAL_NHANES
15.820222,12.860398,BRFSS,138409,,CORAL_NHANES
9.955168,-4.717435,BRFSS,28252,,CORAL_NHANES
17.476751,5.699686,BRFSS,276150,,CORAL_NHANES
-10.676656,4.566247,BRFSS,357507,,CORAL_NHANES
4.1776795,-0.02191144,BRFSS,107891,,CORAL_NHANES
4.627223,7.4680457,BRFSS,258718,,CORAL_NHANES
5.0321956,1.5994686,BRFSS,302598,,CORAL_NHANES
-7.3505187,2.944442,BRFSS,386849,,CORAL_NHANES
15.694237,13.008316,BRFSS,388546,,CORAL_NHANES
8.645178,-2.06341,BRFSS,168176,,CORAL_NHANES
1.6473626,7.7375813,BRFSS,262364,,CORAL_NHANES
13.018562,9.394848,BRFSS,231615,,CORAL_NHANES
12.011595,2.2105012,BRFSS,359584,,CORAL_NHANES
1.4926805,4.677665,BRFSS,192499,,CORAL_NHANES
0.9200323,7.2685575,BRFSS,430623,,CORAL_NHANES
12.078008,2.737635,BRFSS,54238,,CORAL_NHANES
13.850105,10.798484,BRFSS,44514,,CORAL_NHANES
17.689552,4.7729287,BRFSS,68114,,CORAL_NHANES
15.479718,0.66768676,BRFSS,282553,,CORAL_NHANES
-1.608755,14.658018,BRFSS,10690,,CORAL_NHANES
11.473519,0.55736893,BRFSS,118834,,CORAL_NHANES
-11.499421,17.878515,BRFSS,281464,,CORAL_NHANES
3.7109077,5.3245063,BRFSS,289663,,CORAL_NHANES
18.254112,1.7260762,BRFSS,194853,,CORAL_NHANES
7.9145346,-1.3815062,BRFSS,92800,,CORAL_NHANES
17.25791,2.9009492,BRFSS,278342,,CORAL_NHANES
9.730398,-1.6327685,BRFSS,280792,,CORAL_NHANES
1.4842693,1.2909042,BRFSS,221991,,CORAL_NHANES
-7.615027,2.5426705,BRFSS,221551,,CORAL_NHANES
16.027922,0.7771223,BRFSS,234820,,CORAL_NHANES
15.06014,12.304937,BRFSS,281712,,CORAL_NHANES
12.015911,2.2496376,BRFSS,325595,,CORAL_NHANES
-13.264921,19.248835,BRFSS,139572,,CORAL_NHANES
13.996572,4.2557964,BRFSS,27464,,CORAL_NHANES
4.6018763,3.790455,BRFSS,359029,,CORAL_NHANES
4.714748,6.857187,BRFSS,52192,,CORAL_NHANES
16.322561,8.534526,BRFSS,274830,,CORAL_NHANES
11.656215,-1.6626444,BRFSS,137480,,CORAL_NHANES
-3.0352862,-8.5834875,NHANES,3074,Non-Hispanic Black,CORAL_NHANES
17.200972,5.6690865,BRFSS,375099,,CORAL_NHANES
12.33134,3.0801678,BRFSS,145503,,CORAL_NHANES
14.833447,5.194264,BRFSS,352116,,CORAL_NHANES
2.146371,-0.8599181,BRFSS,382070,,CORAL_NHANES
8.165243,-3.4374573,BRFSS,92092,,CORAL_NHANES
7.695944,-2.8857653,BRFSS,53591,,CORAL_NHANES
13.01092,1.3123182,NHANES,3739,Non-Hispanic White,CORAL_NHANES
14.595663,11.714977,BRFSS,148887,,CORAL_NHANES
4.766519,5.851348,BRFSS,76245,,CORAL_NHANES
-10.68512,4.5762224,BRFSS,81267,,CORAL_NHANES
-3.562338,12.808977,BRFSS,363048,,CORAL_NHANES
-10.753292,17.558538,BRFSS,145346,,CORAL_NHANES
15.109691,4.2609496,BRFSS,227147,,CORAL_NHANES
4.464753,8.769073,BRFSS,168827,,CORAL_NHANES
17.14558,2.6245198,BRFSS,411472,,CORAL_NHANES
15.495389,7.791578,BRFSS,360516,,CORAL_NHANES
8.142914,-3.4684782,BRFSS,111455,,CORAL_NHANES
2.7389657,-1.3453578,BRFSS,333924,,CORAL_NHANES
3.2394502,4.7815733,BRFSS,269992,,CORAL_NHANES
11.66237,-1.5770226,BRFSS,439082,,CORAL_NHANES
17.026762,5.2691126,BRFSS,11721,,CORAL_NHANES
14.246051,11.239522,BRFSS,435329,,CORAL_NHANES
14.205913,12.564704,BRFSS,44331,,CORAL_NHANES
14.081038,7.1067123,BRFSS,253794,,CORAL_NHANES
5.801643,0.49185577,BRFSS,357101,,CORAL_NHANES
4.9016275,4.7835608,BRFSS,346254,,CORAL_NHANES
2.0444791,1.3801731,BRFSS,276132,,CORAL_NHANES
14.050533,3.613167,BRFSS,392101,,CORAL_NHANES
3.1464574,2.3550591,BRFSS,61585,,CORAL_NHANES
2.5011418,12.833707,BRFSS,49733,,CORAL_NHANES
16.645416,0.39427897,BRFSS,108105,,CORAL_NHANES
8.555982,-4.7892637,BRFSS,36082,,CORAL_NHANES
7.2025547,-4.0749993,BRFSS,280765,,CORAL_NHANES
2.6433794,5.292686,BRFSS,104118,,CORAL_NHANES
15.296693,12.964691,NHANES,4802,Non-Hispanic Black,CORAL_NHANES
15.035943,9.35082,BRFSS,45717,,CORAL_NHANES
13.212925,1.849391,BRFSS,318438,,CORAL_NHANES
17.087229,9.349016,BRFSS,59531,,CORAL_NHANES
3.330228,-0.30411857,BRFSS,175483,,CORAL_NHANES
3.6315153,11.189509,BRFSS,237968,,CORAL_NHANES
2.061558,4.928047,BRFSS,286234,,CORAL_NHANES
11.441007,-0.73817205,BRFSS,330638,,CORAL_NHANES
10.752245,-3.7961721,BRFSS,431264,,CORAL_NHANES
4.0930567,2.0340796,BRFSS,94451,,CORAL_NHANES
15.618309,12.018583,BRFSS,381334,,CORAL_NHANES
14.815885,2.7290983,BRFSS,170585,,CORAL_NHANES
13.756093,10.867717,BRFSS,282545,,CORAL_NHANES
12.7979145,9.1274395,BRFSS,353123,,CORAL_NHANES
2.1942244,12.721032,BRFSS,177906,,CORAL_NHANES
3.7696917,2.3874578,BRFSS,274645,,CORAL_NHANES
8.645102,-2.0682714,BRFSS,55934,,CORAL_NHANES
0.4926395,6.5464067,BRFSS,267089,,CORAL_NHANES
16.69766,0.36303186,BRFSS,351785,,CORAL_NHANES
-10.676754,4.5660458,BRFSS,88410,,CORAL_NHANES
15.262883,13.110135,BRFSS,428854,,CORAL_NHANES
1.3259602,12.697573,BRFSS,341300,,CORAL_NHANES
6.9160438,1.7121083,BRFSS,66179,,CORAL_NHANES
4.6867685,7.092355,BRFSS,219068,,CORAL_NHANES
1.7374684,5.200157,BRFSS,289382,,CORAL_NHANES
1.7138845,-1.1699458,BRFSS,420363,,CORAL_NHANES
6.5640025,1.20886,BRFSS,166364,,CORAL_NHANES
17.89342,7.1373644,BRFSS,169168,,CORAL_NHANES
17.94621,0.45827597,BRFSS,60970,,CORAL_NHANES
-9.589627,3.2799273,BRFSS,58581,,CORAL_NHANES
7.926611,-1.5019227,BRFSS,176859,,CORAL_NHANES
5.207345,3.077357,BRFSS,148604,,CORAL_NHANES
6.8047605,-2.804845,BRFSS,149838,,CORAL_NHANES
10.698134,-3.8327796,BRFSS,394263,,CORAL_NHANES
2.0040026,5.001966,BRFSS,188536,,CORAL_NHANES
-3.1069489,-8.655129,PIMA,85,Pima Indian,CORAL_NHANES
15.644712,13.160087,BRFSS,16719,,CORAL_NHANES
0.2684074,5.352682,BRFSS,347543,,CORAL_NHANES
4.683386,-1.8466609,BRFSS,385666,,CORAL_NHANES
17.653204,0.21092263,BRFSS,246127,,CORAL_NHANES
2.1714938,5.510163,BRFSS,308122,,CORAL_NHANES
7.0980477,1.6102335,BRFSS,141059,,CORAL_NHANES
6.870846,-1.5690794,BRFSS,64613,,CORAL_NHANES
4.663551,6.332622,BRFSS,339429,,CORAL_NHANES
3.7541108,0.5800205,BRFSS,168976,,CORAL_NHANES
11.537225,3.1531322,BRFSS,114353,,CORAL_NHANES
7.382331,2.5203855,BRFSS,404983,,CORAL_NHANES
3.3584664,4.281623,BRFSS,129916,,CORAL_NHANES
5.080021,0.68191504,BRFSS,334717,,CORAL_NHANES
15.515313,9.888419,BRFSS,111385,,CORAL_NHANES
17.139254,6.1983156,BRFSS,358311,,CORAL_NHANES
-2.937638,-8.485865,NHANES,1604,Non-Hispanic White,CORAL_NHANES
-7.270361,4.926442,BRFSS,169371,,CORAL_NHANES
15.56927,5.456577,BRFSS,254636,,CORAL_NHANES
17.686613,1.5292416,BRFSS,35682,,CORAL_NHANES
11.938745,-0.19306064,BRFSS,9974,,CORAL_NHANES
15.464442,13.428368,BRFSS,214034,,CORAL_NHANES
11.407437,-0.8819852,BRFSS,226052,,CORAL_NHANES
-3.2288876,-8.777013,NHANES,9365,Other Hispanic,CORAL_NHANES
4.3747554,9.142767,BRFSS,53035,,CORAL_NHANES
3.9213471,13.050522,BRFSS,37515,,CORAL_NHANES
10.034306,-1.8594263,BRFSS,291234,,CORAL_NHANES
16.351835,8.879152,BRFSS,274088,,CORAL_NHANES
2.677653,4.6282225,BRFSS,15951,,CORAL_NHANES
5.2731037,2.791553,BRFSS,30424,,CORAL_NHANES
15.42816,13.375908,BRFSS,392228,,CORAL_NHANES
8.074642,1.4500803,BRFSS,115994,,CORAL_NHANES
18.05413,1.3603333,BRFSS,21172,,CORAL_NHANES
1.810585,5.1691017,BRFSS,371196,,CORAL_NHANES
7.9688344,-0.19306383,BRFSS,101866,,CORAL_NHANES
15.091085,6.752494,BRFSS,249824,,CORAL_NHANES
14.887729,5.188814,BRFSS,424275,,CORAL_NHANES
8.063445,1.4429204,BRFSS,137865,,CORAL_NHANES
17.20075,7.977298,BRFSS,329309,,CORAL_NHANES
15.519247,11.920011,BRFSS,125010,,CORAL_NHANES
14.397764,12.289413,BRFSS,336120,,CORAL_NHANES
4.2911034,-1.2307612,BRFSS,176547,,CORAL_NHANES
-9.587801,3.2741497,BRFSS,332144,,CORAL_NHANES
7.6992035,-0.06657645,BRFSS,326189,,CORAL_NHANES
16.838552,10.332657,BRFSS,250384,,CORAL_NHANES
-7.3129535,3.0378244,BRFSS,369706,,CORAL_NHANES
8.057504,-0.3050435,BRFSS,50768,,CORAL_NHANES
11.244346,-3.7298303,BRFSS,167519,,CORAL_NHANES
7.2421627,-4.1421127,BRFSS,397879,,CORAL_NHANES
15.225549,10.418464,BRFSS,105271,,CORAL_NHANES
17.271185,0.87043214,BRFSS,188748,,CORAL_NHANES
14.117034,7.361036,BRFSS,34246,,CORAL_NHANES
-8.853583,2.54642,BRFSS,34986,,CORAL_NHANES
12.899505,-2.255483,BRFSS,58819,,CORAL_NHANES
15.412426,5.2494764,BRFSS,73058,,CORAL_NHANES
16.887115,6.540418,BRFSS,57048,,CORAL_NHANES
2.7290719,-1.3410213,BRFSS,379283,,CORAL_NHANES
1.9248658,12.528519,BRFSS,277486,,CORAL_NHANES
17.980474,5.3527966,BRFSS,49395,,CORAL_NHANES
0.4622716,6.6146894,BRFSS,277883,,CORAL_NHANES
8.873929,-4.8786697,BRFSS,171305,,CORAL_NHANES
1.802777,1.6964998,BRFSS,438203,,CORAL_NHANES
13.947419,10.562166,BRFSS,289090,,CORAL_NHANES
2.2512832,-0.38573566,BRFSS,48853,,CORAL_NHANES
14.644097,7.482863,BRFSS,269708,,CORAL_NHANES
16.853094,10.313003,BRFSS,393238,,CORAL_NHANES
16.623955,0.022768509,BRFSS,242472,,CORAL_NHANES
14.174756,11.240211,BRFSS,337108,,CORAL_NHANES
12.877611,-2.344579,BRFSS,439345,,CORAL_NHANES
15.277018,4.128945,BRFSS,437297,,CORAL_NHANES
-1.9888074,14.569562,BRFSS,128300,,CORAL_NHANES
16.738754,7.9341393,BRFSS,136961,,CORAL_NHANES
3.7532299,0.5760223,BRFSS,319132,,CORAL_NHANES
4.7510233,5.9534683,BRFSS,337849,,CORAL_NHANES
1.3546662,3.9090493,BRFSS,278800,,CORAL_NHANES
10.123942,-4.5915017,BRFSS,204170,,CORAL_NHANES
12.589434,9.264888,BRFSS,254906,,CORAL_NHANES
8.181689,-4.2977004,BRFSS,211624,,CORAL_NHANES
15.165414,12.345011,BRFSS,88503,,CORAL_NHANES
4.876993,1.5150915,BRFSS,180396,,CORAL_NHANES
-3.2110913,-8.75919,NHANES,2087,Non-Hispanic Black,CORAL_NHANES
1.7712289,-1.3328298,BRFSS,253361,,CORAL_NHANES
4.998309,3.1806946,BRFSS,248651,,CORAL_NHANES
17.251461,7.8578773,BRFSS,390012,,CORAL_NHANES
6.832243,-2.8479357,BRFSS,277834,,CORAL_NHANES
4.563893,4.7345467,BRFSS,158322,,CORAL_NHANES
1.796492,1.6939814,BRFSS,432458,,CORAL_NHANES
10.522784,-3.4079568,BRFSS,46606,,CORAL_NHANES
4.0508003,-0.1097034,BRFSS,16710,,CORAL_NHANES
15.689205,0.44027004,BRFSS,222403,,CORAL_NHANES
-8.520741,2.331331,BRFSS,33463,,CORAL_NHANES
15.374885,12.224268,BRFSS,26958,,CORAL_NHANES
4.862683,3.5072083,BRFSS,425685,,CORAL_NHANES
14.805811,8.297125,BRFSS,16751,,CORAL_NHANES
4.9799457,4.90495,BRFSS,298411,,CORAL_NHANES
1.955006,8.418107,BRFSS,412333,,CORAL_NHANES
2.3901546,-0.31261328,BRFSS,134999,,CORAL_NHANES
15.123728,3.956522,BRFSS,444196,,CORAL_NHANES
13.362703,3.9890692,BRFSS,61788,,CORAL_NHANES
6.288085,1.6753758,BRFSS,11408,,CORAL_NHANES
14.295577,7.4309916,BRFSS,350721,,CORAL_NHANES
13.536271,2.0387561,BRFSS,368677,,CORAL_NHANES
1.6506246,-1.1813169,NHANES,1121,Non-Hispanic Asian,CORAL_NHANES
4.815063,4.6542034,BRFSS,371666,,CORAL_NHANES
4.640531,1.93364,BRFSS,134775,,CORAL_NHANES
-7.9671845,2.2960055,BRFSS,441643,,CORAL_NHANES
7.159387,-0.85081005,BRFSS,168522,,CORAL_NHANES
7.4441304,-0.09439289,BRFSS,449734,,CORAL_NHANES
8.2354965,-4.6010976,BRFSS,353657,,CORAL_NHANES
16.6175,8.543193,BRFSS,300632,,CORAL_NHANES
11.053668,-3.4076076,BRFSS,52774,,CORAL_NHANES
4.56981,4.381893,BRFSS,369404,,CORAL_NHANES
17.193811,2.4850225,BRFSS,375300,,CORAL_NHANES
-7.625723,2.5293365,BRFSS,239011,,CORAL_NHANES
1.3788642,1.2226636,BRFSS,376056,,CORAL_NHANES
1.241804,0.9960979,BRFSS,66482,,CORAL_NHANES
0.53696865,6.7682595,BRFSS,347897,,CORAL_NHANES
17.22046,4.0204473,BRFSS,55704,,CORAL_NHANES
-7.98622,2.310861,BRFSS,445819,,CORAL_NHANES
15.6393585,11.223722,BRFSS,68397,,CORAL_NHANES
15.329035,13.321343,BRFSS,214066,,CORAL_NHANES
4.636253,7.4050126,BRFSS,36365,,CORAL_NHANES
0.5694911,5.6960545,BRFSS,403078,,CORAL_NHANES
14.055082,11.705411,BRFSS,44219,,CORAL_NHANES
18.004585,1.3846266,BRFSS,22353,,CORAL_NHANES
15.557898,13.472042,BRFSS,414127,,CORAL_NHANES
16.173405,1.1366432,BRFSS,380677,,CORAL_NHANES
16.028442,1.1556269,BRFSS,370950,,CORAL_NHANES
18.253702,0.9501266,BRFSS,201274,,CORAL_NHANES
8.018376,-0.24354807,NHANES,4229,Non-Hispanic White,CORAL_NHANES
1.7229803,1.3009439,BRFSS,155974,,CORAL_NHANES
16.453709,1.4909025,BRFSS,152017,,CORAL_NHANES
3.1268015,3.0417287,BRFSS,179798,,CORAL_NHANES
4.8874865,5.4303284,BRFSS,311257,,CORAL_NHANES
15.081971,10.042149,BRFSS,284550,,CORAL_NHANES
11.577877,3.1157162,BRFSS,132282,,CORAL_NHANES
17.296413,1.3489972,BRFSS,79077,,CORAL_NHANES
14.97862,5.366066,BRFSS,17856,,CORAL_NHANES
4.1085663,-1.1591072,BRFSS,346350,,CORAL_NHANES
18.0109,1.5767456,BRFSS,52193,,CORAL_NHANES
1.4859442,12.542201,BRFSS,396167,,CORAL_NHANES
12.619603,9.026451,BRFSS,74566,,CORAL_NHANES
13.997323,10.79232,BRFSS,274345,,CORAL_NHANES
-8.4723835,2.3182385,BRFSS,31438,,CORAL_NHANES
15.403831,5.0130205,BRFSS,214397,,CORAL_NHANES
16.678633,0.37186158,BRFSS,85838,,CORAL_NHANES
12.478137,-1.3521127,BRFSS,16730,,CORAL_NHANES
15.626683,10.209297,BRFSS,379187,,CORAL_NHANES
3.1952612,-0.3673988,BRFSS,201168,,CORAL_NHANES
13.621147,3.0466151,BRFSS,155520,,CORAL_NHANES
4.6509557,7.035868,BRFSS,207249,,CORAL_NHANES
1.9706515,8.392758,BRFSS,136137,,CORAL_NHANES
15.798015,0.8820127,BRFSS,205272,,CORAL_NHANES
1.5005808,4.6928806,BRFSS,16563,,CORAL_NHANES
-2.4970176,14.1174,BRFSS,81417,,CORAL_NHANES
4.6821394,-1.8394666,BRFSS,247643,,CORAL_NHANES
9.746195,-1.5942891,BRFSS,116520,,CORAL_NHANES
16.178297,8.961755,BRFSS,187908,,CORAL_NHANES
4.68514,3.5136006,BRFSS,402844,,CORAL_NHANES
0.036338184,5.3637004,BRFSS,174241,,CORAL_NHANES
18.137016,5.1876903,BRFSS,390334,,CORAL_NHANES
0.14316024,6.411394,BRFSS,415059,,CORAL_NHANES
11.781945,3.1427612,BRFSS,166296,,CORAL_NHANES
-1.1135302,14.538487,BRFSS,370176,,CORAL_NHANES
6.2157187,0.27749217,BRFSS,214040,,CORAL_NHANES
11.399352,3.242195,BRFSS,147603,,CORAL_NHANES
11.421981,-0.3815975,BRFSS,115541,,CORAL_NHANES
8.208957,-4.59609,BRFSS,363237,,CORAL_NHANES
14.7611885,5.8906403,BRFSS,280672,,CORAL_NHANES
17.222353,2.8936658,BRFSS,70916,,CORAL_NHANES
0.13882224,6.2712164,BRFSS,55287,,CORAL_NHANES
-2.8926284,-8.440849,NHANES,7814,Mexican American,CORAL_NHANES
15.33157,10.13889,BRFSS,324960,,CORAL_NHANES
1.2102412,0.29849142,BRFSS,185085,,CORAL_NHANES
14.137803,6.7819195,BRFSS,72035,,CORAL_NHANES
16.657995,4.067913,BRFSS,445123,,CORAL_NHANES
-9.588103,3.2750173,BRFSS,401541,,CORAL_NHANES
15.988527,0.2655129,BRFSS,35738,,CORAL_NHANES
-1.5325745,14.560575,BRFSS,166213,,CORAL_NHANES
15.39297,11.877926,BRFSS,193124,,CORAL_NHANES
-1.6086297,14.655556,BRFSS,232222,,CORAL_NHANES
0.32390168,7.4158735,BRFSS,153888,,CORAL_NHANES
1.598145,-0.4201977,BRFSS,167639,,CORAL_NHANES
5.7772098,0.49819246,BRFSS,157004,,CORAL_NHANES
16.080206,10.541287,BRFSS,94336,,CORAL_NHANES
6.2889957,0.31594285,BRFSS,401932,,CORAL_NHANES
12.84688,1.2045822,BRFSS,439569,,CORAL_NHANES
1.7856439,-0.98728335,BRFSS,411461,,CORAL_NHANES
1.2459975,0.59416145,BRFSS,204950,,CORAL_NHANES
3.6667812,1.3132513,BRFSS,436403,,CORAL_NHANES
10.018359,-2.8526902,BRFSS,121086,,CORAL_NHANES
17.873371,7.1560817,BRFSS,161600,,CORAL_NHANES
-0.6045402,14.384135,BRFSS,286677,,CORAL_NHANES
-13.156604,19.150326,BRFSS,200504,,CORAL_NHANES
1.2021654,0.51589423,BRFSS,305014,,CORAL_NHANES
8.10411,1.461787,BRFSS,156671,,CORAL_NHANES
3.8253403,10.717662,BRFSS,241681,,CORAL_NHANES
11.16115,-3.8228009,BRFSS,393595,,CORAL_NHANES
1.3817713,3.929659,BRFSS,60856,,CORAL_NHANES
0.34222236,13.703043,BRFSS,235185,,CORAL_NHANES
11.421234,3.2141383,BRFSS,141798,,CORAL_NHANES
6.987392,-3.191065,BRFSS,323431,,CORAL_NHANES
2.0072458,8.352985,BRFSS,172571,,CORAL_NHANES
1.8532832,8.446828,BRFSS,238176,,CORAL_NHANES
9.802134,-4.7719226,BRFSS,96571,,CORAL_NHANES
17.19806,7.840164,BRFSS,323849,,CORAL_NHANES
17.782465,4.8081474,BRFSS,255847,,CORAL_NHANES
-13.23172,19.216976,BRFSS,326816,,CORAL_NHANES
12.90948,-2.2529438,BRFSS,332016,,CORAL_NHANES
18.217606,0.90944195,BRFSS,61765,,CORAL_NHANES
-2.9439697,-8.492194,NHANES,5242,Mexican American,CORAL_NHANES
18.10664,5.1528087,BRFSS,110480,,CORAL_NHANES
15.824403,1.7768079,BRFSS,68248,,CORAL_NHANES
17.80215,4.805066,BRFSS,79855,,CORAL_NHANES
7.3534894,2.5220575,BRFSS,167583,,CORAL_NHANES
13.927766,11.171161,BRFSS,87043,,CORAL_NHANES
10.756313,-2.7332592,BRFSS,217543,,CORAL_NHANES
17.845587,4.1174254,BRFSS,398547,,CORAL_NHANES
11.8771305,2.8709054,BRFSS,377897,,CORAL_NHANES
1.0210848,7.450618,BRFSS,441172,,CORAL_NHANES
3.9377728,13.019922,BRFSS,118439,,CORAL_NHANES
3.2992628,4.4099383,BRFSS,113960,,CORAL_NHANES
15.47491,1.0195494,BRFSS,172134,,CORAL_NHANES
-3.046684,-8.5949,NHANES,5055,Non-Hispanic White,CORAL_NHANES
16.434452,8.848999,BRFSS,197577,,CORAL_NHANES
4.165408,0.8929098,BRFSS,22508,,CORAL_NHANES
16.48868,4.3055964,BRFSS,263749,,CORAL_NHANES
15.207035,0.94252354,BRFSS,397481,,CORAL_NHANES
8.192164,-4.4136963,BRFSS,163264,,CORAL_NHANES
-0.16610983,14.117367,BRFSS,84254,,CORAL_NHANES
-7.6484814,2.5058022,BRFSS,328906,,CORAL_NHANES
12.80387,8.881068,BRFSS,171365,,CORAL_NHANES
7.9199224,-1.5075606,BRFSS,284511,,CORAL_NHANES
14.665788,7.1769247,BRFSS,448015,,CORAL_NHANES
8.891975,-4.8921447,BRFSS,416078,,CORAL_NHANES
-10.213794,17.309425,BRFSS,335251,,CORAL_NHANES
17.607738,0.584612,BRFSS,134023,,CORAL_NHANES
1.6657977,1.073341,BRFSS,36620,,CORAL_NHANES
1.2559395,1.0111729,BRFSS,387398,,CORAL_NHANES
13.797923,2.0972977,BRFSS,275341,,CORAL_NHANES
1.6776053,7.7402525,BRFSS,149951,,CORAL_NHANES
8.203796,-4.3868446,BRFSS,144134,,CORAL_NHANES
14.730262,5.6053796,BRFSS,239522,,CORAL_NHANES
11.856607,-2.1999452,BRFSS,69316,,CORAL_NHANES
3.5728614,4.728894,BRFSS,224289,,CORAL_NHANES
1.6018044,12.715642,BRFSS,128778,,CORAL_NHANES
16.718971,6.631939,BRFSS,43108,,CORAL_NHANES
1.9393595,7.818299,BRFSS,181575,,CORAL_NHANES
15.720079,11.30201,BRFSS,367211,,CORAL_NHANES
14.981909,5.1213098,BRFSS,145997,,CORAL_NHANES
5.586296,2.538892,BRFSS,165999,,CORAL_NHANES
-7.0549855,4.368235,BRFSS,225425,,CORAL_NHANES
13.511271,10.744797,BRFSS,100928,,CORAL_NHANES
4.0608697,-0.09741492,BRFSS,430897,,CORAL_NHANES
11.184808,-3.8304296,BRFSS,245761,,CORAL_NHANES
7.756755,-2.7160225,BRFSS,424749,,CORAL_NHANES
7.520516,-3.4307225,BRFSS,149439,,CORAL_NHANES
4.8918138,5.355035,BRFSS,113695,,CORAL_NHANES
7.391084,2.5423005,BRFSS,418663,,CORAL_NHANES
-3.2242367,-8.772334,NHANES,5010,Non-Hispanic Asian,CORAL_NHANES
17.274158,0.84002215,BRFSS,18066,,CORAL_NHANES
2.8485842,5.6414537,BRFSS,364147,,CORAL_NHANES
0.13742834,6.437216,BRFSS,306974,,CORAL_NHANES
10.698526,-2.9997802,BRFSS,325749,,CORAL_NHANES
-9.201726,2.8714914,BRFSS,372501,,CORAL_NHANES
11.400179,3.2360067,BRFSS,147759,,CORAL_NHANES
3.9682949,2.036045,BRFSS,65385,,CORAL_NHANES
12.012503,-1.6841059,BRFSS,227653,,CORAL_NHANES
0.5531384,6.4771667,BRFSS,298391,,CORAL_NHANES
2.306105,-0.52437437,BRFSS,77313,,CORAL_NHANES
-7.3013563,4.997413,BRFSS,315187,,CORAL_NHANES
14.632999,11.731649,BRFSS,336083,,CORAL_NHANES
16.355635,0.58622503,BRFSS,13657,,CORAL_NHANES
16.431774,6.8955984,BRFSS,387156,,CORAL_NHANES
11.201523,-2.7475882,BRFSS,280341,,CORAL_NHANES
16.40953,6.3454185,BRFSS,194511,,CORAL_NHANES
5.128286,3.1320808,BRFSS,73650,,CORAL_NHANES
13.662743,10.098149,BRFSS,145459,,CORAL_NHANES
4.3597245,0.11606022,BRFSS,288879,,CORAL_NHANES
13.816931,9.744004,BRFSS,318996,,CORAL_NHANES
14.000823,11.9852085,BRFSS,302366,,CORAL_NHANES
17.856556,6.4231935,BRFSS,245490,,CORAL_NHANES
12.5695095,9.132112,BRFSS,435690,,CORAL_NHANES
17.638792,0.1938916,BRFSS,107261,,CORAL_NHANES
-2.9644182,-8.512639,NHANES,8567,Non-Hispanic White,CORAL_NHANES
15.373239,13.329025,BRFSS,88397,,CORAL_NHANES
13.783271,3.9080522,BRFSS,243236,,CORAL_NHANES
-7.6258936,2.534383,BRFSS,52242,,CORAL_NHANES
-10.254781,17.34891,BRFSS,237336,,CORAL_NHANES
1.7998345,12.4801655,BRFSS,244000,,CORAL_NHANES
15.794346,12.0722275,BRFSS,403459,,CORAL_NHANES
14.758181,5.8742104,BRFSS,300719,,CORAL_NHANES
2.6725686,5.327649,BRFSS,83250,,CORAL_NHANES
0.36148047,6.5630198,BRFSS,134909,,CORAL_NHANES
12.440079,9.039148,BRFSS,430182,,CORAL_NHANES
16.136171,8.918152,BRFSS,157534,,CORAL_NHANES
9.659882,-2.119615,BRFSS,287310,,CORAL_NHANES
13.288776,1.8244555,BRFSS,114089,,CORAL_NHANES
5.1904716,1.4093881,BRFSS,24590,,CORAL_NHANES
1.4136944,3.9685426,BRFSS,194318,,CORAL_NHANES
6.186597,0.28347898,BRFSS,398217,,CORAL_NHANES
-7.2154036,4.752098,BRFSS,214374,,CORAL_NHANES
9.742811,-1.6441959,BRFSS,316885,,CORAL_NHANES
14.458193,11.782979,BRFSS,349514,,CORAL_NHANES
17.788649,6.418126,BRFSS,416729,,CORAL_NHANES
17.49612,1.5913345,BRFSS,58400,,CORAL_NHANES
1.7559738,12.474495,BRFSS,235730,,CORAL_NHANES
8.575874,-4.825675,BRFSS,62889,,CORAL_NHANES
12.907044,9.404447,BRFSS,155555,,CORAL_NHANES
4.07743,12.459722,BRFSS,241852,,CORAL_NHANES
18.117731,0.69672096,BRFSS,102300,,CORAL_NHANES
0.031515907,5.374483,BRFSS,105039,,CORAL_NHANES
4.07584,12.525495,BRFSS,403491,,CORAL_NHANES
0.10652683,7.405037,BRFSS,228749,,CORAL_NHANES
13.757715,3.7687154,BRFSS,366413,,CORAL_NHANES
15.007211,2.9269922,BRFSS,59644,,CORAL_NHANES
3.013655,-0.7771263,BRFSS,353891,,CORAL_NHANES
13.502137,2.5004232,BRFSS,73503,,CORAL_NHANES
15.263565,4.131979,BRFSS,272103,,CORAL_NHANES
8.575395,-4.7961435,BRFSS,400234,,CORAL_NHANES
14.26299,9.696825,BRFSS,381162,,CORAL_NHANES
1.9545752,1.3212453,BRFSS,418580,,CORAL_NHANES
3.2390397,0.2228456,BRFSS,104837,,CORAL_NHANES
15.380593,3.2939177,BRFSS,234058,,CORAL_NHANES
12.296734,2.998872,BRFSS,123514,,CORAL_NHANES
1.6527842,7.7341666,BRFSS,446834,,CORAL_NHANES
1.7278732,-0.77055997,BRFSS,392567,,CORAL_NHANES
4.0261793,2.0525303,BRFSS,175271,,CORAL_NHANES
3.3037739,4.375281,BRFSS,199565,,CORAL_NHANES
5.735167,0.45890585,BRFSS,356048,,CORAL_NHANES
2.248779,5.4880056,BRFSS,404875,,CORAL_NHANES
13.601262,10.918167,BRFSS,201095,,CORAL_NHANES
10.082682,-3.572507,BRFSS,114282,,CORAL_NHANES
3.9711554,10.42337,BRFSS,240396,,CORAL_NHANES
15.228505,10.379772,BRFSS,59946,,CORAL_NHANES
16.993694,0.3831618,BRFSS,222745,,CORAL_NHANES
15.743915,0.4693093,BRFSS,318204,,CORAL_NHANES
17.35923,0.2909549,BRFSS,235870,,CORAL_NHANES
13.886814,8.257279,BRFSS,395789,,CORAL_NHANES
7.1890883,-4.0025315,BRFSS,345287,,CORAL_NHANES
16.153805,1.1468441,BRFSS,326664,,CORAL_NHANES
1.5251439,7.67622,BRFSS,241168,,CORAL_NHANES
1.7457587,4.3102894,BRFSS,66243,,CORAL_NHANES
12.878962,-2.406355,BRFSS,231422,,CORAL_NHANES
16.976734,2.3054662,BRFSS,55716,,CORAL_NHANES
4.4966683,4.402144,BRFSS,307904,,CORAL_NHANES
11.839839,-2.45246,BRFSS,200114,,CORAL_NHANES
10.781235,-2.767262,BRFSS,223343,,CORAL_NHANES
16.195032,1.7498373,BRFSS,112162,,CORAL_NHANES
-1.0270774,14.522296,BRFSS,109530,,CORAL_NHANES
12.997275,3.8158026,BRFSS,152794,,CORAL_NHANES
4.07641,12.61124,BRFSS,378220,,CORAL_NHANES
17.84061,4.2981095,BRFSS,167050,,CORAL_NHANES
5.5115128,2.7662988,BRFSS,54361,,CORAL_NHANES
12.90878,-2.2402327,BRFSS,346490,,CORAL_NHANES
2.901266,3.719426,BRFSS,339525,,CORAL_NHANES
16.263245,0.098254435,BRFSS,363796,,CORAL_NHANES
17.086329,7.7491517,BRFSS,138701,,CORAL_NHANES
2.4623811,-0.24544324,BRFSS,382577,,CORAL_NHANES
4.998359,4.615639,BRFSS,258426,,CORAL_NHANES
2.7853663,3.7531412,BRFSS,63812,,CORAL_NHANES
11.565876,0.66459566,BRFSS,250971,,CORAL_NHANES
5.168571,3.8196976,BRFSS,411538,,CORAL_NHANES
1.4083714,3.968367,BRFSS,163341,,CORAL_NHANES
15.3512,1.1185771,BRFSS,390597,,CORAL_NHANES
9.679443,-2.062641,BRFSS,175411,,CORAL_NHANES
3.6645603,1.3137541,BRFSS,217948,,CORAL_NHANES
-8.437746,2.3310084,BRFSS,447193,,CORAL_NHANES
11.46486,3.1434035,BRFSS,379385,,CORAL_NHANES
15.808113,12.775174,BRFSS,57192,,CORAL_NHANES
4.452749,8.855388,BRFSS,226143,,CORAL_NHANES
15.434144,13.363927,BRFSS,211406,,CORAL_NHANES
-7.283881,3.0548317,BRFSS,76616,,CORAL_NHANES
12.285745,2.8545818,BRFSS,16767,,CORAL_NHANES
17.983055,1.42197,BRFSS,139856,,CORAL_NHANES
5.615092,2.139298,BRFSS,349306,,CORAL_NHANES
16.535988,8.613246,BRFSS,183463,,CORAL_NHANES
8.873272,-4.901847,BRFSS,312464,,CORAL_NHANES
2.7888207,3.7589293,BRFSS,251690,,CORAL_NHANES
17.019432,9.463183,BRFSS,211219,,CORAL_NHANES
7.8902206,-1.7127651,BRFSS,293459,,CORAL_NHANES
4.180813,0.9117054,BRFSS,359909,,CORAL_NHANES
15.834518,11.729016,BRFSS,399490,,CORAL_NHANES
4.3874483,9.145995,BRFSS,48486,,CORAL_NHANES
15.878041,12.535994,BRFSS,407684,,CORAL_NHANES
14.999064,5.5238013,BRFSS,331596,,CORAL_NHANES
4.5609665,8.219585,BRFSS,348795,,CORAL_NHANES
13.77038,2.1218286,BRFSS,449123,,CORAL_NHANES
9.651733,-2.206813,BRFSS,322211,,CORAL_NHANES
3.2124066,-0.3600791,BRFSS,366282,,CORAL_NHANES
-1.7069955,14.646582,BRFSS,184033,,CORAL_NHANES
-9.551603,3.2346334,BRFSS,376183,,CORAL_NHANES
1.8372694,8.446869,BRFSS,85399,,CORAL_NHANES
13.1659,4.2786417,BRFSS,237993,,CORAL_NHANES
12.923754,9.343748,BRFSS,310037,,CORAL_NHANES
0.6580344,7.210375,BRFSS,320261,,CORAL_NHANES
3.4932995,4.875453,BRFSS,149392,,CORAL_NHANES
3.0645473,3.0827374,BRFSS,261620,,CORAL_NHANES
16.576965,8.297135,BRFSS,237787,,CORAL_NHANES
8.466402,-4.676654,BRFSS,329941,,CORAL_NHANES
7.6265254,0.29113695,BRFSS,317297,,CORAL_NHANES
16.243528,10.599696,BRFSS,274758,,CORAL_NHANES
10.562595,-3.2259758,BRFSS,361323,,CORAL_NHANES
13.918561,4.104731,BRFSS,420640,,CORAL_NHANES
18.204931,0.8263033,BRFSS,92041,,CORAL_NHANES
15.391963,9.885433,BRFSS,56813,,CORAL_NHANES
17.221836,8.106869,BRFSS,238212,,CORAL_NHANES
11.427403,3.0802455,BRFSS,332693,,CORAL_NHANES
1.7385712,-1.2758008,BRFSS,101730,,CORAL_NHANES
14.341811,12.262595,BRFSS,301135,,CORAL_NHANES
4.8791804,5.4328747,BRFSS,24626,,CORAL_NHANES
17.082544,9.830011,BRFSS,157333,,CORAL_NHANES
1.6346331,4.5216274,BRFSS,328127,,CORAL_NHANES
15.412458,7.8542776,BRFSS,87344,,CORAL_NHANES
15.96137,7.40671,BRFSS,78149,,CORAL_NHANES
15.753869,12.054657,BRFSS,191500,,CORAL_NHANES
15.450196,3.2524881,BRFSS,390464,,CORAL_NHANES
0.80921847,7.418064,BRFSS,308059,,CORAL_NHANES
2.2623405,12.494611,BRFSS,340055,,CORAL_NHANES
-9.11435,2.7865925,BRFSS,266583,,CORAL_NHANES
17.219378,4.0042005,BRFSS,268802,,CORAL_NHANES
6.908975,-1.4644018,BRFSS,99661,,CORAL_NHANES
4.278397,5.217464,BRFSS,285404,,CORAL_NHANES
6.4839993,1.337452,BRFSS,72665,,CORAL_NHANES
-0.044337086,14.027031,BRFSS,272498,,CORAL_NHANES
14.643028,7.881487,BRFSS,263663,,CORAL_NHANES
12.62471,9.009289,BRFSS,155800,,CORAL_NHANES
7.129559,1.6348919,BRFSS,243824,,CORAL_NHANES
12.4449625,-1.3980376,BRFSS,45441,,CORAL_NHANES
17.225092,0.047123652,BRFSS,397809,,CORAL_NHANES
0.95771426,7.4381366,BRFSS,307814,,CORAL_NHANES
1.7710216,-0.7690482,BRFSS,202224,,CORAL_NHANES
16.327976,11.820788,BRFSS,26692,,CORAL_NHANES
15.210889,2.567642,BRFSS,293954,,CORAL_NHANES
15.5419445,13.47076,BRFSS,86394,,CORAL_NHANES
-7.9934807,2.3027701,BRFSS,304186,,CORAL_NHANES
15.692422,7.467702,BRFSS,67861,,CORAL_NHANES
6.1266007,0.2408446,BRFSS,160023,,CORAL_NHANES
10.4444,-3.534085,BRFSS,333935,,CORAL_NHANES
3.9617832,10.43142,BRFSS,114762,,CORAL_NHANES
14.468055,7.605489,BRFSS,247212,,CORAL_NHANES
4.719976,6.7259474,BRFSS,291179,,CORAL_NHANES
2.1495292,12.683592,BRFSS,447269,,CORAL_NHANES
17.360218,5.684954,BRFSS,51562,,CORAL_NHANES
17.027468,9.480744,BRFSS,161879,,CORAL_NHANES
2.3218706,-0.8238244,BRFSS,152538,,CORAL_NHANES
11.843598,-2.382427,BRFSS,317270,,CORAL_NHANES
1.4478467,4.0006747,BRFSS,96518,,CORAL_NHANES
14.545526,9.717489,BRFSS,161712,,CORAL_NHANES
13.2125845,1.8486716,BRFSS,380676,,CORAL_NHANES
8.110811,1.4690071,BRFSS,30393,,CORAL_NHANES
7.4480577,0.69236296,BRFSS,341772,,CORAL_NHANES
7.8841677,-1.2321398,BRFSS,256901,,CORAL_NHANES
4.809792,4.305186,BRFSS,401628,,CORAL_NHANES
4.63036,7.4378324,BRFSS,420000,,CORAL_NHANES
4.275895,2.0148153,BRFSS,272901,,CORAL_NHANES
17.272305,0.84319514,BRFSS,346125,,CORAL_NHANES
17.230095,0.041340325,BRFSS,69568,,CORAL_NHANES
7.469351,-0.04992361,BRFSS,414155,,CORAL_NHANES
6.8368673,-1.758332,BRFSS,258339,,CORAL_NHANES
2.2944298,12.475586,BRFSS,243438,,CORAL_NHANES
4.432526,4.411639,BRFSS,335892,,CORAL_NHANES
15.97695,11.5077915,BRFSS,428610,,CORAL_NHANES
4.558031,8.233641,BRFSS,163701,,CORAL_NHANES
1.6108665,0.9692692,BRFSS,191493,,CORAL_NHANES
8.57638,-2.3573492,BRFSS,199547,,CORAL_NHANES
9.741147,-1.4767268,BRFSS,347961,,CORAL_NHANES
12.627745,9.0220175,BRFSS,244365,,CORAL_NHANES
1.6927507,8.398454,BRFSS,126092,,CORAL_NHANES
3.1376119,13.290805,BRFSS,308025,,CORAL_NHANES
12.923157,-2.2598796,BRFSS,352170,,CORAL_NHANES
-0.16727455,14.112447,BRFSS,80483,,CORAL_NHANES
13.19374,4.0758905,BRFSS,308781,,CORAL_NHANES
13.034476,1.189987,BRFSS,339214,,CORAL_NHANES
13.019257,9.660808,BRFSS,351729,,CORAL_NHANES
14.4603,11.009497,BRFSS,148240,,CORAL_NHANES
15.741503,7.6228766,BRFSS,111769,,CORAL_NHANES
-13.255057,19.238924,BRFSS,339248,,CORAL_NHANES
15.279223,8.760671,BRFSS,233162,,CORAL_NHANES
4.7920785,5.6974945,BRFSS,120911,,CORAL_NHANES
7.914039,-1.596005,BRFSS,367443,,CORAL_NHANES
17.30845,9.255479,BRFSS,111471,,CORAL_NHANES
1.6872878,7.746846,BRFSS,348515,,CORAL_NHANES
2.0831063,8.267668,BRFSS,48318,,CORAL_NHANES
15.521581,1.3744304,BRFSS,269508,,CORAL_NHANES
15.97759,9.853542,BRFSS,306033,,CORAL_NHANES
-10.285976,17.373163,BRFSS,421606,,CORAL_NHANES
0.15733668,7.246833,BRFSS,104744,,CORAL_NHANES
15.346982,2.7881455,BRFSS,74804,,CORAL_NHANES
11.569235,0.003996397,BRFSS,62542,,CORAL_NHANES
13.535103,2.4075055,BRFSS,206225,,CORAL_NHANES
2.7570574,-1.3662509,BRFSS,221409,,CORAL_NHANES
-7.6301775,2.5265155,BRFSS,349165,,CORAL_NHANES
8.36673,-2.901274,BRFSS,217366,,CORAL_NHANES
0.2860231,5.3437214,BRFSS,84274,,CORAL_NHANES
15.280371,0.8717744,BRFSS,386628,,CORAL_NHANES
11.395774,3.23023,BRFSS,141810,,CORAL_NHANES
8.139148,-3.5747886,BRFSS,356207,,CORAL_NHANES
3.1235173,1.048715,BRFSS,365686,,CORAL_NHANES
16.402716,8.225969,BRFSS,38716,,CORAL_NHANES
-7.045238,4.309015,BRFSS,155743,,CORAL_NHANES
10.57092,-3.216012,BRFSS,22890,,CORAL_NHANES
0.55349,7.607699,BRFSS,120562,,CORAL_NHANES
13.076522,9.647689,BRFSS,429895,,CORAL_NHANES
3.7419522,0.5650646,BRFSS,322458,,CORAL_NHANES
13.854637,3.3070142,BRFSS,44335,,CORAL_NHANES
11.82043,2.5336387,BRFSS,139203,,CORAL_NHANES
1.2057205,-0.72598046,BRFSS,209248,,CORAL_NHANES
16.048645,1.1792184,BRFSS,258621,,CORAL_NHANES
1.6666517,7.734915,BRFSS,205674,,CORAL_NHANES
11.429068,-0.83350897,BRFSS,383511,,CORAL_NHANES
2.5640059,-0.8930131,BRFSS,220491,,CORAL_NHANES
2.590343,12.890727,BRFSS,360874,,CORAL_NHANES
2.0522368,-5.1116133,BRFSS,330645,,CORAL_NHANES
-7.9561114,2.306625,BRFSS,268041,,CORAL_NHANES
-3.563659,12.808011,BRFSS,328447,,CORAL_NHANES
11.115061,-3.8216188,BRFSS,395012,,CORAL_NHANES
0.04542881,5.3343377,BRFSS,127995,,CORAL_NHANES
15.378969,13.164218,BRFSS,108827,,CORAL_NHANES
16.309591,6.2834945,BRFSS,388899,,CORAL_NHANES
8.019041,-0.24318583,BRFSS,14341,,CORAL_NHANES
4.68578,-1.8498676,BRFSS,183005,,CORAL_NHANES
11.921999,0.1548835,BRFSS,289254,,CORAL_NHANES
15.540081,9.4074,BRFSS,388986,,CORAL_NHANES
12.533949,-1.0955793,BRFSS,303427,,CORAL_NHANES
17.241539,4.3546095,BRFSS,42220,,CORAL_NHANES
3.2014377,-0.36065865,BRFSS,295667,,CORAL_NHANES
9.932314,-4.730006,BRFSS,72645,,CORAL_NHANES
13.039204,1.9851272,BRFSS,255313,,CORAL_NHANES
3.2314427,2.38383,BRFSS,90923,,CORAL_NHANES
13.564046,8.394154,BRFSS,301681,,CORAL_NHANES
5.003303,1.599687,BRFSS,220453,,CORAL_NHANES
8.516698,-2.6591866,BRFSS,226099,,CORAL_NHANES
14.500482,12.1292,BRFSS,231760,,CORAL_NHANES
2.0991142,8.2109995,BRFSS,61392,,CORAL_NHANES
4.4255514,3.313411,BRFSS,54593,,CORAL_NHANES
-8.195221,2.3003213,BRFSS,305709,,CORAL_NHANES
7.4389195,0.88571227,BRFSS,299547,,CORAL_NHANES
17.436846,8.244683,BRFSS,61883,,CORAL_NHANES
16.34909,8.873806,BRFSS,217382,,CORAL_NHANES
2.3760798,5.4530363,BRFSS,371457,,CORAL_NHANES
13.371338,1.7451777,BRFSS,145061,,CORAL_NHANES
16.607628,9.368054,BRFSS,424738,,CORAL_NHANES
15.652441,13.387932,BRFSS,118405,,CORAL_NHANES
17.781923,5.285876,BRFSS,357740,,CORAL_NHANES
1.6659212,0.997463,BRFSS,280020,,CORAL_NHANES
15.592599,8.981314,BRFSS,314004,,CORAL_NHANES
17.357342,8.029512,BRFSS,168247,,CORAL_NHANES
1.7426355,1.0574045,BRFSS,9567,,CORAL_NHANES
10.042367,-3.6151788,BRFSS,97288,,CORAL_NHANES
16.531023,11.466658,BRFSS,93320,,CORAL_NHANES
16.87972,6.5410843,BRFSS,34482,,CORAL_NHANES
5.265341,3.8826215,BRFSS,316072,,CORAL_NHANES
-0.005310715,6.0796847,BRFSS,414964,,CORAL_NHANES
9.752084,-1.5414013,BRFSS,409993,,CORAL_NHANES
11.660649,-1.6322697,BRFSS,436658,,CORAL_NHANES
17.888103,6.09151,BRFSS,205850,,CORAL_NHANES
6.1395926,0.2378197,BRFSS,76516,,CORAL_NHANES
17.174425,0.031413555,BRFSS,102253,,CORAL_NHANES
4.6280823,3.2881773,BRFSS,229251,,CORAL_NHANES
11.852301,-2.214804,BRFSS,228172,,CORAL_NHANES
2.6780176,5.6443477,BRFSS,179600,,CORAL_NHANES
11.652837,-1.5714872,BRFSS,419906,,CORAL_NHANES
0.16565256,13.859241,BRFSS,428339,,CORAL_NHANES
4.832572,1.5249308,BRFSS,207696,,CORAL_NHANES
18.088476,1.3871837,BRFSS,195094,,CORAL_NHANES
4.4206777,9.049114,BRFSS,129286,,CORAL_NHANES
12.360441,9.150953,BRFSS,343184,,CORAL_NHANES
17.899204,6.8585863,BRFSS,225423,,CORAL_NHANES
12.553294,-1.1014483,BRFSS,125175,,CORAL_NHANES
16.072289,9.842249,BRFSS,291059,,CORAL_NHANES
-0.06115451,7.345406,BRFSS,88601,,CORAL_NHANES
2.9189405,4.513611,BRFSS,303013,,CORAL_NHANES
-8.94588,2.6343172,BRFSS,333491,,CORAL_NHANES
17.532131,8.332192,BRFSS,41501,,CORAL_NHANES
15.32978,2.0199537,BRFSS,431755,,CORAL_NHANES
-2.4791775,14.1320915,BRFSS,54185,,CORAL_NHANES
15.309631,3.3215446,BRFSS,361528,,CORAL_NHANES
12.402473,2.1963966,BRFSS,250026,,CORAL_NHANES
1.5604285,-0.41133097,BRFSS,246173,,CORAL_NHANES
16.455173,11.619925,BRFSS,329496,,CORAL_NHANES
11.206593,-3.8340788,BRFSS,249099,,CORAL_NHANES
3.1300275,13.288691,BRFSS,363804,,CORAL_NHANES
8.58609,-2.2959678,BRFSS,315181,,CORAL_NHANES
5.9971466,2.6776183,BRFSS,174899,,CORAL_NHANES
2.158369,12.68002,BRFSS,426259,,CORAL_NHANES
7.1277313,-3.5499387,BRFSS,442861,,CORAL_NHANES
1.8389547,1.0759349,BRFSS,343348,,CORAL_NHANES
17.195889,2.9324076,BRFSS,407755,,CORAL_NHANES
1.7868016,1.7041036,BRFSS,364383,,CORAL_NHANES
10.768943,-2.7363522,BRFSS,24649,,CORAL_NHANES
1.8714896,1.6716223,BRFSS,133736,,CORAL_NHANES
-7.9844913,2.2870154,BRFSS,328189,,CORAL_NHANES
4.8933573,5.4288507,BRFSS,149572,,CORAL_NHANES
15.544255,3.1859474,BRFSS,150524,,CORAL_NHANES
-2.0986822,14.468864,BRFSS,337307,,CORAL_NHANES
8.870983,-4.8973794,BRFSS,144025,,CORAL_NHANES
4.6840363,-1.8466861,BRFSS,73814,,CORAL_NHANES
13.758913,4.0787,BRFSS,100829,,CORAL_NHANES
17.314182,9.293889,BRFSS,423445,,CORAL_NHANES
2.9254856,-0.80188763,BRFSS,244544,,CORAL_NHANES
-0.611331,14.39411,BRFSS,243990,,CORAL_NHANES
1.6837867,1.0564516,BRFSS,22631,,CORAL_NHANES
3.503717,5.4346495,BRFSS,205719,,CORAL_NHANES
6.9924912,-3.232588,BRFSS,414658,,CORAL_NHANES
18.222557,2.2020965,BRFSS,76526,,CORAL_NHANES
17.51084,4.8074965,BRFSS,397436,,CORAL_NHANES
0.2719409,5.3916545,BRFSS,115791,,CORAL_NHANES
1.6850666,1.0428605,BRFSS,10689,,CORAL_NHANES
5.4506917,2.4262316,BRFSS,221471,,CORAL_NHANES
-0.06303415,7.349417,BRFSS,132401,,CORAL_NHANES
-8.519682,2.3263848,BRFSS,185893,,CORAL_NHANES
0.8696049,13.151822,BRFSS,87579,,CORAL_NHANES
2.749409,-1.3755137,BRFSS,119677,,CORAL_NHANES
16.497234,1.968748,BRFSS,197966,,CORAL_NHANES
14.807053,6.424354,BRFSS,314759,,CORAL_NHANES
3.1500833,5.571673,BRFSS,152787,,CORAL_NHANES
17.946423,1.4574474,BRFSS,250685,,CORAL_NHANES
12.596091,1.369676,BRFSS,31233,,CORAL_NHANES
3.9790854,10.39507,BRFSS,148775,,CORAL_NHANES
-7.361811,2.9330063,BRFSS,360654,,CORAL_NHANES
17.19618,8.111974,BRFSS,292874,,CORAL_NHANES
1.1631792,-0.5822646,BRFSS,207600,,CORAL_NHANES
3.5459356,5.261668,BRFSS,395882,,CORAL_NHANES
10.04685,-1.648272,BRFSS,22187,,CORAL_NHANES
3.7191908,3.6115866,BRFSS,174990,,CORAL_NHANES
13.859466,2.2857623,BRFSS,230918,,CORAL_NHANES
15.329065,12.177175,BRFSS,424671,,CORAL_NHANES
16.527517,6.610257,BRFSS,60099,,CORAL_NHANES
1.2475867,5.68105,BRFSS,76584,,CORAL_NHANES
7.607634,0.3627986,BRFSS,202066,,CORAL_NHANES
4.243395,0.03903593,BRFSS,139007,,CORAL_NHANES
2.4099984,12.78749,BRFSS,280512,,CORAL_NHANES
15.822811,12.78374,BRFSS,282210,,CORAL_NHANES
5.529145,2.1130316,BRFSS,223817,,CORAL_NHANES
-7.171992,3.2728667,BRFSS,267123,,CORAL_NHANES
18.073753,1.9602656,BRFSS,284384,,CORAL_NHANES
6.129482,0.20291167,BRFSS,413864,,CORAL_NHANES
-9.199159,2.8668644,BRFSS,146390,,CORAL_NHANES
2.703457,3.7838528,BRFSS,320593,,CORAL_NHANES
13.811746,4.0193224,BRFSS,153645,,CORAL_NHANES
0.05934665,7.237925,BRFSS,102338,,CORAL_NHANES
8.612186,-4.8503385,BRFSS,171491,,CORAL_NHANES
-1.167829,14.55187,BRFSS,226374,,CORAL_NHANES
3.9511635,13.008498,BRFSS,25797,,CORAL_NHANES
12.864096,-2.4101596,BRFSS,188213,,CORAL_NHANES
-2.1107662,14.447615,BRFSS,116839,,CORAL_NHANES
13.392797,8.534136,BRFSS,449146,,CORAL_NHANES
7.885262,-1.7272635,BRFSS,255451,,CORAL_NHANES
16.45887,8.22271,BRFSS,68197,,CORAL_NHANES
3.8004084,13.122999,BRFSS,90212,,CORAL_NHANES
14.076867,8.391525,BRFSS,330388,,CORAL_NHANES
7.196262,-4.0984483,BRFSS,340948,,CORAL_NHANES
15.123658,5.016427,BRFSS,382346,,CORAL_NHANES
-2.8872445,-8.435472,NHANES,8116,Other Race,CORAL_NHANES
18.113409,5.3412194,BRFSS,165181,,CORAL_NHANES
10.106739,-1.5514634,BRFSS,379381,,CORAL_NHANES
-7.172295,3.2652109,BRFSS,150822,,CORAL_NHANES
14.79964,5.5138645,BRFSS,83454,,CORAL_NHANES
5.7581325,0.4748671,BRFSS,134817,,CORAL_NHANES
0.8400883,13.182833,BRFSS,136396,,CORAL_NHANES
13.261689,1.8256632,NHANES,1066,Other Hispanic,CORAL_NHANES
1.5021685,4.7029634,BRFSS,180987,,CORAL_NHANES
17.625723,8.547313,BRFSS,368403,,CORAL_NHANES
16.276112,4.0713153,BRFSS,296646,,CORAL_NHANES
-0.0065105935,5.7148128,BRFSS,237578,,CORAL_NHANES
9.7352295,-1.4522377,BRFSS,241795,,CORAL_NHANES
5.11718,1.373257,BRFSS,77562,,CORAL_NHANES
3.451314,3.699734,BRFSS,257229,,CORAL_NHANES
3.677628,11.133103,BRFSS,176045,,CORAL_NHANES
8.675905,-1.9566995,BRFSS,166001,,CORAL_NHANES
6.167149,0.24913524,BRFSS,218646,,CORAL_NHANES
18.129713,5.3022013,BRFSS,38442,,CORAL_NHANES
4.4716687,8.764521,BRFSS,196690,,CORAL_NHANES
11.555739,3.1411371,BRFSS,30917,,CORAL_NHANES
4.190836,5.151386,BRFSS,125822,,CORAL_NHANES
4.6797233,4.696117,BRFSS,184542,,CORAL_NHANES
2.573931,-0.8602184,BRFSS,359117,,CORAL_NHANES
13.00627,1.356227,BRFSS,176047,,CORAL_NHANES
6.207299,0.2405599,BRFSS,300773,,CORAL_NHANES
16.21918,10.818753,BRFSS,141332,,CORAL_NHANES
17.774899,5.3295517,BRFSS,170191,,CORAL_NHANES
5.6131544,2.7722025,BRFSS,10806,,CORAL_NHANES
4.725376,6.206831,BRFSS,102413,,CORAL_NHANES
-0.10784237,7.410638,BRFSS,63306,,CORAL_NHANES
12.043096,0.020137029,BRFSS,54198,,CORAL_NHANES
14.414354,6.3792067,BRFSS,294340,,CORAL_NHANES
1.7508558,1.3612325,BRFSS,156218,,CORAL_NHANES
13.646414,11.073826,BRFSS,17598,,CORAL_NHANES
14.91181,8.189413,BRFSS,143513,,CORAL_NHANES
2.3397574,-0.5268737,BRFSS,233873,,CORAL_NHANES
16.379808,10.829428,BRFSS,201192,,CORAL_NHANES
4.322165,9.412745,BRFSS,268371,,CORAL_NHANES
0.40847594,6.825874,BRFSS,397013,,CORAL_NHANES
14.66656,7.338579,BRFSS,164481,,CORAL_NHANES
-11.57579,17.937689,BRFSS,340533,,CORAL_NHANES
17.872698,6.423017,BRFSS,171429,,CORAL_NHANES
8.900148,-4.8919415,BRFSS,162630,,CORAL_NHANES
-8.014628,2.3136466,BRFSS,313577,,CORAL_NHANES
6.9685082,1.7954528,BRFSS,81561,,CORAL_NHANES
-7.216976,4.752908,BRFSS,409554,,CORAL_NHANES
14.006443,4.171755,BRFSS,352302,,CORAL_NHANES
2.662464,4.6299267,BRFSS,358930,,CORAL_NHANES
4.6401505,4.3771734,BRFSS,158798,,CORAL_NHANES
1.1588056,-0.6548624,BRFSS,419776,,CORAL_NHANES
1.3589232,3.9103885,BRFSS,19554,,CORAL_NHANES
3.3413496,5.5356674,BRFSS,285812,,CORAL_NHANES
17.587149,4.81172,BRFSS,390435,,CORAL_NHANES
14.586241,11.909302,BRFSS,111321,,CORAL_NHANES
10.091462,-1.637733,BRFSS,333098,,CORAL_NHANES
1.2524459,0.9945178,BRFSS,397237,,CORAL_NHANES
14.232689,12.387301,BRFSS,68765,,CORAL_NHANES
2.0947104,8.241964,BRFSS,138646,,CORAL_NHANES
17.329641,0.3003626,BRFSS,20251,,CORAL_NHANES
15.837593,12.500189,BRFSS,292345,,CORAL_NHANES
2.0522633,-5.1117115,BRFSS,378019,,CORAL_NHANES
5.192696,3.684385,BRFSS,119694,,CORAL_NHANES
18.23718,0.866136,BRFSS,133523,,CORAL_NHANES
13.608914,8.47816,BRFSS,394034,,CORAL_NHANES
2.1795723,4.8665752,BRFSS,115442,,CORAL_NHANES
7.1885614,-4.083872,BRFSS,228307,,CORAL_NHANES
4.58725,4.377459,BRFSS,243220,,CORAL_NHANES
1.7321459,-1.0224191,BRFSS,112289,,CORAL_NHANES
-11.543021,17.906942,BRFSS,130808,,CORAL_NHANES
16.196686,9.116015,BRFSS,380867,,CORAL_NHANES
15.256636,10.661528,BRFSS,299387,,CORAL_NHANES
3.3345191,4.7409163,BRFSS,247239,,CORAL_NHANES
-2.1793642,14.395973,BRFSS,136249,,CORAL_NHANES
-7.3421597,2.9555938,BRFSS,208568,,CORAL_NHANES
4.6076,4.372896,BRFSS,327835,,CORAL_NHANES
6.568347,1.2226646,BRFSS,315683,,CORAL_NHANES
18.226906,0.9102383,BRFSS,419553,,CORAL_NHANES
15.978659,7.4129615,BRFSS,98754,,CORAL_NHANES
-13.271624,19.255342,BRFSS,332752,,CORAL_NHANES
17.732159,0.26245183,BRFSS,143672,,CORAL_NHANES
15.943879,11.798816,BRFSS,331637,,CORAL_NHANES
6.976975,-3.1908455,BRFSS,83062,,CORAL_NHANES
6.0737553,2.5870962,BRFSS,177734,,CORAL_NHANES
17.87089,7.148718,BRFSS,317919,,CORAL_NHANES
1.0621798,7.34247,BRFSS,385764,,CORAL_NHANES
16.931585,10.131112,BRFSS,430594,,CORAL_NHANES
0.054572422,5.897969,BRFSS,119062,,CORAL_NHANES
3.7373033,10.959335,BRFSS,433311,,CORAL_NHANES
-1.1223083,14.541399,BRFSS,195112,,CORAL_NHANES
-7.06477,4.3770094,BRFSS,90961,,CORAL_NHANES
-13.357765,19.339455,BRFSS,342533,,CORAL_NHANES
15.579678,13.442221,BRFSS,190045,,CORAL_NHANES
14.494406,7.5846934,BRFSS,76311,,CORAL_NHANES
17.668978,1.5577579,BRFSS,35778,,CORAL_NHANES
3.5137875,5.410696,BRFSS,73551,,CORAL_NHANES
10.433898,-3.572607,BRFSS,318030,,CORAL_NHANES
9.978451,-4.7041826,BRFSS,395448,,CORAL_NHANES
1.1796107,0.4500438,BRFSS,250083,,CORAL_NHANES
16.541925,6.324556,BRFSS,207638,,CORAL_NHANES
-8.870358,2.5671222,BRFSS,331700,,CORAL_NHANES
-3.606499,12.75765,BRFSS,120343,,CORAL_NHANES
5.029277,3.485065,BRFSS,266699,,CORAL_NHANES
4.5478005,8.307182,BRFSS,78481,,CORAL_NHANES
0.027685232,5.3468266,BRFSS,406057,,CORAL_NHANES
13.085221,1.950428,BRFSS,243643,,CORAL_NHANES
-7.233291,3.2472036,BRFSS,312059,,CORAL_NHANES
13.945508,10.732771,BRFSS,432705,,CORAL_NHANES
17.750902,6.141157,BRFSS,288890,,CORAL_NHANES
-12.2729845,18.438747,BRFSS,182429,,CORAL_NHANES
1.2995981,12.7221985,BRFSS,83530,,CORAL_NHANES
3.0132587,3.1504989,BRFSS,235692,,CORAL_NHANES
7.665745,-0.13619019,BRFSS,342970,,CORAL_NHANES
10.086703,-2.6496892,BRFSS,171912,,CORAL_NHANES
2.7570984,5.2331734,BRFSS,238600,,CORAL_NHANES
5.8103366,0.49758837,BRFSS,165177,,CORAL_NHANES
4.6048155,7.7411404,BRFSS,244637,,CORAL_NHANES
5.0358315,3.5275464,BRFSS,216774,,CORAL_NHANES
13.988936,10.708508,BRFSS,281126,,CORAL_NHANES
15.55183,13.161396,BRFSS,249258,,CORAL_NHANES
16.734968,4.3937693,BRFSS,61484,,CORAL_NHANES
-7.0721087,4.4083695,BRFSS,297529,,CORAL_NHANES
12.066847,2.8239028,BRFSS,378891,,CORAL_NHANES
14.005662,9.6158905,BRFSS,143371,,CORAL_NHANES
15.175191,0.9100982,BRFSS,152930,,CORAL_NHANES
12.98271,3.86876,BRFSS,350752,,CORAL_NHANES
17.32553,0.30027658,BRFSS,401317,,CORAL_NHANES
4.807981,3.523263,BRFSS,164359,,CORAL_NHANES
0.3150225,13.729494,BRFSS,115005,,CORAL_NHANES
16.596588,0.43839172,BRFSS,210809,,CORAL_NHANES
16.158829,10.747158,BRFSS,43841,,CORAL_NHANES
9.586618,-2.5936544,BRFSS,234641,,CORAL_NHANES
3.830818,13.11926,BRFSS,402770,,CORAL_NHANES
15.654732,0.91432995,BRFSS,192896,,CORAL_NHANES
0.52153826,6.779175,BRFSS,161302,,CORAL_NHANES
11.81518,-2.5146897,BRFSS,395114,,CORAL_NHANES
13.851063,3.0651073,BRFSS,352027,,CORAL_NHANES
15.6071415,2.2911887,BRFSS,78354,,CORAL_NHANES
7.4042487,2.6224403,BRFSS,334246,,CORAL_NHANES
11.68184,2.9817855,BRFSS,31834,,CORAL_NHANES
0.0051694103,5.5777974,BRFSS,240459,,CORAL_NHANES
17.050482,9.788965,BRFSS,46198,,CORAL_NHANES
4.7716866,5.820221,BRFSS,356672,,CORAL_NHANES
15.716143,11.3035,BRFSS,234931,,CORAL_NHANES
4.9050045,4.6883607,BRFSS,440786,,CORAL_NHANES
15.235866,2.8377485,BRFSS,265836,,CORAL_NHANES
18.124859,5.0781975,BRFSS,307485,,CORAL_NHANES
0.008276191,5.4105725,BRFSS,417280,,CORAL_NHANES
3.9509048,10.444099,BRFSS,347983,,CORAL_NHANES
4.273554,0.0450577,BRFSS,364567,,CORAL_NHANES
3.0770175,1.0097814,BRFSS,55169,,CORAL_NHANES
-1.5732651,14.67976,BRFSS,78665,,CORAL_NHANES
6.179619,0.25844765,BRFSS,386995,,CORAL_NHANES
3.0021985,-0.805578,BRFSS,155440,,CORAL_NHANES
16.073038,9.842086,BRFSS,317935,,CORAL_NHANES
14.019798,6.939559,BRFSS,226859,,CORAL_NHANES
9.722754,-1.4437672,BRFSS,177775,,CORAL_NHANES
4.2655993,9.558344,BRFSS,175135,,CORAL_NHANES
-0.046777584,14.030422,BRFSS,418316,,CORAL_NHANES
10.900013,-3.936611,BRFSS,105152,,CORAL_NHANES
13.645581,9.245487,BRFSS,112858,,CORAL_NHANES
16.610472,8.543656,BRFSS,148393,,CORAL_NHANES
6.8907285,-1.5188056,BRFSS,303282,,CORAL_NHANES
2.0522275,-5.1116605,BRFSS,343542,,CORAL_NHANES
17.176628,0.030700231,BRFSS,263467,,CORAL_NHANES
11.814937,2.4455068,BRFSS,307918,,CORAL_NHANES
17.23493,0.2862983,BRFSS,95761,,CORAL_NHANES
0.48711854,6.2495427,BRFSS,205522,,CORAL_NHANES
3.7893085,1.943511,BRFSS,361946,,CORAL_NHANES
11.066213,-3.3528395,BRFSS,278461,,CORAL_NHANES
1.89929,5.077903,BRFSS,296890,,CORAL_NHANES
1.8986882,1.6836607,BRFSS,234721,,CORAL_NHANES
15.271727,12.144398,BRFSS,95601,,CORAL_NHANES
2.8267725,-0.053178247,BRFSS,67336,,CORAL_NHANES
9.655332,-2.1362026,BRFSS,228703,,CORAL_NHANES
17.192667,2.9475687,BRFSS,146504,,CORAL_NHANES
-13.378014,19.359726,BRFSS,45859,,CORAL_NHANES
18.121067,0.65200555,BRFSS,336442,,CORAL_NHANES
8.147243,1.4873885,BRFSS,285828,,CORAL_NHANES
1.8313203,-1.385843,BRFSS,234209,,CORAL_NHANES
13.241336,3.8412156,BRFSS,43886,,CORAL_NHANES
16.061071,0.7508505,BRFSS,124098,,CORAL_NHANES
17.738085,6.3754735,BRFSS,24064,,CORAL_NHANES
11.3572235,-1.0082695,BRFSS,224413,,CORAL_NHANES
-2.9126232,-8.460881,NHANES,2526,Mexican American,CORAL_NHANES
-1.0703971,14.537091,BRFSS,17557,,CORAL_NHANES
3.25855,0.20518592,BRFSS,94320,,CORAL_NHANES
-2.1185765,14.441437,BRFSS,66339,,CORAL_NHANES
13.766217,2.117175,BRFSS,15948,,CORAL_NHANES
14.330464,7.456202,BRFSS,70902,,CORAL_NHANES
6.845596,-1.7446533,BRFSS,288173,,CORAL_NHANES
10.020011,-2.2893138,BRFSS,362717,,CORAL_NHANES
4.0836744,12.434536,BRFSS,186354,,CORAL_NHANES
16.557907,4.065587,BRFSS,139455,,CORAL_NHANES
18.017607,0.5096281,BRFSS,403931,,CORAL_NHANES
16.26801,6.9036536,BRFSS,404613,,CORAL_NHANES
15.520659,13.44344,BRFSS,41822,,CORAL_NHANES
16.14438,4.0894217,BRFSS,300881,,CORAL_NHANES
1.4018841,3.960228,BRFSS,269776,,CORAL_NHANES
13.436248,8.602179,BRFSS,140596,,CORAL_NHANES
7.1689377,-4.037358,BRFSS,95340,,CORAL_NHANES
13.858748,3.9229794,BRFSS,448797,,CORAL_NHANES
5.2871246,2.8174324,BRFSS,72752,,CORAL_NHANES
15.500772,9.40052,BRFSS,344272,,CORAL_NHANES
16.124596,11.192819,BRFSS,249919,,CORAL_NHANES
1.5487883,0.9608919,BRFSS,61284,,CORAL_NHANES
-7.0542784,4.368757,BRFSS,442739,,CORAL_NHANES
3.1186354,13.276101,BRFSS,33478,,CORAL_NHANES
17.949903,5.160107,BRFSS,61872,,CORAL_NHANES
2.1835232,12.706092,BRFSS,196819,,CORAL_NHANES
2.598108,1.5033134,BRFSS,186470,,CORAL_NHANES
7.256162,-0.7537413,NHANES,8830,Other Hispanic,CORAL_NHANES
15.2599325,6.8811264,BRFSS,427366,,CORAL_NHANES
-7.6243424,2.5266151,BRFSS,360219,,CORAL_NHANES
17.93638,1.6736052,BRFSS,162244,,CORAL_NHANES
17.22013,2.912103,BRFSS,270085,,CORAL_NHANES
15.15479,4.229821,BRFSS,192849,,CORAL_NHANES
7.737524,-2.7698119,BRFSS,437460,,CORAL_NHANES
16.099396,11.797527,BRFSS,316365,,CORAL_NHANES
15.803415,12.780115,BRFSS,387638,,CORAL_NHANES
14.203122,11.469046,BRFSS,269941,,CORAL_NHANES
14.325227,10.750316,BRFSS,98072,,CORAL_NHANES
13.81208,2.3434525,NHANES,5250,Non-Hispanic Black,CORAL_NHANES
17.441538,4.069134,BRFSS,177303,,CORAL_NHANES
4.6592565,-1.8235209,BRFSS,44184,,CORAL_NHANES
15.806581,12.766457,BRFSS,42480,,CORAL_NHANES
13.386566,9.668902,BRFSS,197373,,CORAL_NHANES
3.4359663,3.6951225,BRFSS,201890,,CORAL_NHANES
1.9743733,8.392259,BRFSS,297981,,CORAL_NHANES
16.295998,11.626303,BRFSS,338777,,CORAL_NHANES
16.942945,4.0313554,BRFSS,19624,,CORAL_NHANES
14.843619,12.176815,BRFSS,431463,,CORAL_NHANES
-2.096902,14.455148,BRFSS,37041,,CORAL_NHANES
16.130772,9.127314,BRFSS,75236,,CORAL_NHANES
14.507062,3.4835198,BRFSS,114935,,CORAL_NHANES
3.291312,5.1335354,BRFSS,366051,,CORAL_NHANES
15.206225,10.624572,BRFSS,257362,,CORAL_NHANES
12.894357,1.7725303,NHANES,2474,Non-Hispanic Black,CORAL_NHANES
4.526301,8.233405,BRFSS,105411,,CORAL_NHANES
18.014973,6.569637,BRFSS,282161,,CORAL_NHANES
-2.5706098,14.059048,BRFSS,375077,,CORAL_NHANES
11.41735,-0.8224784,BRFSS,398597,,CORAL_NHANES
-1.6661817,14.564477,BRFSS,431044,,CORAL_NHANES
15.270237,1.1368867,BRFSS,277354,,CORAL_NHANES
13.488464,3.3768768,BRFSS,253675,,CORAL_NHANES
-7.2224016,3.1802375,BRFSS,248493,,CORAL_NHANES
1.8584235,12.507681,BRFSS,184952,,CORAL_NHANES
-0.08854869,7.4168444,BRFSS,265895,,CORAL_NHANES
2.5084627,12.8303585,BRFSS,238011,,CORAL_NHANES
13.37774,8.567034,BRFSS,59715,,CORAL_NHANES
1.8487706,8.444148,BRFSS,298457,,CORAL_NHANES
15.068222,9.093451,BRFSS,358036,,CORAL_NHANES
12.808278,-2.1239045,BRFSS,130328,,CORAL_NHANES
16.11865,11.188279,BRFSS,189548,,CORAL_NHANES
3.7358503,3.595849,BRFSS,60785,,CORAL_NHANES
16.58214,9.153771,BRFSS,10047,,CORAL_NHANES
-2.6712563,13.956682,BRFSS,363508,,CORAL_NHANES
7.3763914,2.5517704,BRFSS,327727,,CORAL_NHANES
2.507209,-0.20162961,BRFSS,405687,,CORAL_NHANES
2.4082072,5.448961,BRFSS,258634,,CORAL_NHANES
-0.6102985,14.386087,BRFSS,130565,,CORAL_NHANES
13.487222,3.3732123,BRFSS,144653,,CORAL_NHANES
13.740369,2.1559622,BRFSS,304909,,CORAL_NHANES
15.559611,9.418795,BRFSS,381043,,CORAL_NHANES
15.842897,12.537463,BRFSS,41170,,CORAL_NHANES
15.626724,11.2321,BRFSS,211211,,CORAL_NHANES
17.801891,0.37010175,NHANES,5392,Non-Hispanic White,CORAL_NHANES
6.147473,0.24944441,BRFSS,441991,,CORAL_NHANES
16.60099,8.552183,BRFSS,103449,,CORAL_NHANES
11.626909,2.931417,BRFSS,50214,,CORAL_NHANES
17.584549,8.608404,BRFSS,126093,,CORAL_NHANES
16.02548,0.26042202,BRFSS,154308,,CORAL_NHANES
3.13812,13.292609,BRFSS,414607,,CORAL_NHANES
15.328207,2.0074072,BRFSS,335336,,CORAL_NHANES
8.228112,-4.52296,BRFSS,361375,,CORAL_NHANES
9.648429,-2.175025,BRFSS,15536,,CORAL_NHANES
7.443753,0.92638963,BRFSS,140355,,CORAL_NHANES
13.560213,8.392966,BRFSS,434219,,CORAL_NHANES
14.516405,9.94672,BRFSS,59256,,CORAL_NHANES
4.1875925,2.023812,BRFSS,25153,,CORAL_NHANES
4.0790095,12.458308,BRFSS,112078,,CORAL_NHANES
-3.1005,-8.648756,NHANES,4218,Non-Hispanic Black,CORAL_NHANES
18.183432,0.94911444,BRFSS,398006,,CORAL_NHANES
1.3232642,5.9145093,BRFSS,222973,,CORAL_NHANES
15.618956,7.645015,BRFSS,223712,,CORAL_NHANES
0.69398123,7.199211,BRFSS,418805,,CORAL_NHANES
1.6725663,-1.075484,BRFSS,189928,,CORAL_NHANES
1.3574846,3.9100728,BRFSS,324885,,CORAL_NHANES
15.463357,0.6692388,BRFSS,276596,,CORAL_NHANES
7.674176,1.3198224,BRFSS,263891,,CORAL_NHANES
-13.283891,19.267672,BRFSS,342788,,CORAL_NHANES
14.377067,8.207484,BRFSS,362802,,CORAL_NHANES
-7.2395773,3.1547346,BRFSS,67009,,CORAL_NHANES
18.22868,0.90336394,BRFSS,353958,,CORAL_NHANES
0.6806211,7.393312,BRFSS,177288,,CORAL_NHANES
13.415874,2.0433688,BRFSS,25822,,CORAL_NHANES
3.5722072,3.066997,BRFSS,289900,,CORAL_NHANES
15.459607,6.9687796,BRFSS,316552,,CORAL_NHANES
15.36785,3.8217058,BRFSS,293724,,CORAL_NHANES
-0.0042538345,6.089985,BRFSS,441406,,CORAL_NHANES
17.43247,5.6951222,BRFSS,378363,,CORAL_NHANES
14.8917465,12.375218,BRFSS,444535,,CORAL_NHANES
14.081558,7.0810018,BRFSS,263765,,CORAL_NHANES
-3.5605457,12.811569,BRFSS,77256,,CORAL_NHANES
16.942453,6.5221753,BRFSS,140023,,CORAL_NHANES
-9.156278,2.8264847,BRFSS,196678,,CORAL_NHANES
10.1134,-3.5625637,BRFSS,78018,,CORAL_NHANES
2.774692,-1.3713967,BRFSS,216099,,CORAL_NHANES
17.939302,7.1094637,BRFSS,320150,,CORAL_NHANES
12.006236,3.087428,BRFSS,147277,,CORAL_NHANES
15.334868,2.7798676,BRFSS,319282,,CORAL_NHANES
16.483925,1.4742324,BRFSS,134189,,CORAL_NHANES
16.973246,7.675713,BRFSS,427034,,CORAL_NHANES
4.871071,3.7213929,BRFSS,394222,,CORAL_NHANES
2.619254,1.5174181,BRFSS,195373,,CORAL_NHANES
4.8540735,5.478353,BRFSS,234324,,CORAL_NHANES
17.89459,1.2303221,BRFSS,72660,,CORAL_NHANES
11.968338,1.6800541,BRFSS,334377,,CORAL_NHANES
5.0639443,0.64061725,BRFSS,50997,,CORAL_NHANES
-12.213473,18.396238,BRFSS,59855,,CORAL_NHANES
13.153074,3.8191226,BRFSS,60511,,CORAL_NHANES
12.257913,3.0082579,BRFSS,188603,,CORAL_NHANES
15.422252,5.24588,BRFSS,223649,,CORAL_NHANES
1.8859829,1.6547486,BRFSS,440979,,CORAL_NHANES
-8.855191,2.5527778,BRFSS,352403,,CORAL_NHANES
15.122887,12.312735,BRFSS,89208,,CORAL_NHANES
6.1871204,0.26622579,BRFSS,141261,,CORAL_NHANES
16.15519,9.118093,BRFSS,295437,,CORAL_NHANES
15.843471,1.279522,BRFSS,289862,,CORAL_NHANES
2.364783,5.448154,BRFSS,73008,,CORAL_NHANES
-8.698647,2.4356432,BRFSS,381400,,CORAL_NHANES
8.5858965,-4.821788,BRFSS,106218,,CORAL_NHANES
14.118989,6.792846,BRFSS,103455,,CORAL_NHANES
11.941025,0.25039417,BRFSS,302498,,CORAL_NHANES
11.523947,2.7075796,BRFSS,66155,,CORAL_NHANES
16.681059,0.36366525,BRFSS,449758,,CORAL_NHANES
4.95632,4.9171443,BRFSS,196437,,CORAL_NHANES
5.274019,0.8634629,BRFSS,234570,,CORAL_NHANES
3.1201944,2.377154,BRFSS,257237,,CORAL_NHANES
7.616066,-3.2323716,BRFSS,39107,,CORAL_NHANES
-7.639332,2.5145383,BRFSS,125978,,CORAL_NHANES
11.762099,1.9475105,BRFSS,284666,,CORAL_NHANES
10.490358,-3.4720411,BRFSS,123329,,CORAL_NHANES
14.832854,9.712103,BRFSS,399738,,CORAL_NHANES
-13.242681,19.228046,BRFSS,188841,,CORAL_NHANES
16.33323,11.614971,BRFSS,88358,,CORAL_NHANES
11.040831,-3.4172807,BRFSS,431780,,CORAL_NHANES
16.020252,1.1174846,BRFSS,40243,,CORAL_NHANES
10.057009,-3.0655878,BRFSS,272077,,CORAL_NHANES
16.920374,5.2621117,BRFSS,307143,,CORAL_NHANES
18.175718,0.9317128,BRFSS,63064,,CORAL_NHANES
-1.9370867,14.579694,BRFSS,29225,,CORAL_NHANES
14.026248,3.480258,BRFSS,138767,,CORAL_NHANES
0.39389268,7.4175487,BRFSS,439772,,CORAL_NHANES
1.8963755,1.3561804,BRFSS,36378,,CORAL_NHANES
15.145279,9.15287,BRFSS,70301,,CORAL_NHANES
14.119213,3.3589256,BRFSS,422988,,CORAL_NHANES
6.426856,1.7084894,BRFSS,282787,,CORAL_NHANES
13.950307,3.6735508,BRFSS,322722,,CORAL_NHANES
11.91899,2.0291126,BRFSS,75437,,CORAL_NHANES
4.6301594,7.357698,BRFSS,193432,,CORAL_NHANES
13.005664,9.272602,BRFSS,71834,,CORAL_NHANES
-3.2495472,-8.797649,NHANES,4118,Non-Hispanic Black,CORAL_NHANES
15.8436985,3.6417353,BRFSS,21398,,CORAL_NHANES
10.635858,-3.9376345,BRFSS,288924,,CORAL_NHANES
14.77434,8.268357,BRFSS,422302,,CORAL_NHANES
2.4635797,4.729777,BRFSS,309482,,CORAL_NHANES
13.993443,10.682412,BRFSS,34284,,CORAL_NHANES
17.789825,4.3090734,BRFSS,48171,,CORAL_NHANES
11.750129,1.8707945,BRFSS,103496,,CORAL_NHANES
7.5189624,1.0828596,BRFSS,271606,,CORAL_NHANES
2.8786366,5.630371,BRFSS,177699,,CORAL_NHANES
7.1248097,-3.5780303,BRFSS,206553,,CORAL_NHANES
15.778822,3.6418512,BRFSS,339940,,CORAL_NHANES
-7.0531945,4.3227334,BRFSS,51626,,CORAL_NHANES
-12.55048,18.657465,BRFSS,307692,,CORAL_NHANES
7.9039755,-1.6513621,BRFSS,48109,,CORAL_NHANES
7.899177,-1.3532054,BRFSS,104841,,CORAL_NHANES
2.0926607,8.238507,BRFSS,94249,,CORAL_NHANES
17.176914,5.258533,BRFSS,110656,,CORAL_NHANES
-12.256341,18.424355,BRFSS,42770,,CORAL_NHANES
-7.203629,3.2127032,BRFSS,400555,,CORAL_NHANES
15.38502,12.220138,BRFSS,422315,,CORAL_NHANES
17.957876,6.842149,BRFSS,271387,,CORAL_NHANES
15.867145,11.459136,BRFSS,408112,,CORAL_NHANES
-8.4574375,2.3060238,BRFSS,193835,,CORAL_NHANES
16.553848,8.595148,BRFSS,38833,,CORAL_NHANES
1.6038023,-0.42941865,BRFSS,328384,,CORAL_NHANES
0.16896003,7.2358065,BRFSS,209039,,CORAL_NHANES
4.9469285,1.547494,BRFSS,342305,,CORAL_NHANES
17.060865,9.529612,BRFSS,373713,,CORAL_NHANES
11.473886,0.3731702,BRFSS,212610,,CORAL_NHANES
-10.6850605,4.576079,BRFSS,177095,,CORAL_NHANES
1.2734565,12.753475,BRFSS,194400,,CORAL_NHANES
17.862387,4.0476313,BRFSS,362650,,CORAL_NHANES
-9.362764,3.0383,BRFSS,389957,,CORAL_NHANES
0.2546282,5.396684,BRFSS,297526,,CORAL_NHANES
2.2339685,5.493121,BRFSS,182905,,CORAL_NHANES
6.8182435,-2.8255262,BRFSS,168689,,CORAL_NHANES
4.673398,7.3153753,BRFSS,299755,,CORAL_NHANES
15.444517,11.470575,BRFSS,167792,,CORAL_NHANES
4.714978,6.834496,BRFSS,134160,,CORAL_NHANES
17.566364,8.6230345,BRFSS,148851,,CORAL_NHANES
12.3738785,9.110116,NHANES,2802,Other Hispanic,CORAL_NHANES
4.858752,5.46165,BRFSS,157854,,CORAL_NHANES
-7.0855722,4.420067,BRFSS,25874,,CORAL_NHANES
1.3800892,12.641861,BRFSS,341210,,CORAL_NHANES
3.765529,13.1527815,BRFSS,126489,,CORAL_NHANES
1.779465,-0.7586936,BRFSS,418224,,CORAL_NHANES
1.4278984,1.2912772,BRFSS,97788,,CORAL_NHANES
-8.551387,2.3513856,BRFSS,297218,,CORAL_NHANES
2.351331,-0.32590055,BRFSS,23763,,CORAL_NHANES
11.849948,2.1822379,BRFSS,109192,,CORAL_NHANES
15.096918,6.760746,BRFSS,125015,,CORAL_NHANES
17.663937,0.20830302,BRFSS,290541,,CORAL_NHANES
15.008351,8.714841,BRFSS,353285,,CORAL_NHANES
-13.311157,19.293592,BRFSS,144675,,CORAL_NHANES
12.40518,9.109684,BRFSS,435372,,CORAL_NHANES
6.6147633,1.2504683,BRFSS,193848,,CORAL_NHANES
1.9036242,1.6583701,BRFSS,98748,,CORAL_NHANES
18.207748,0.8780557,BRFSS,181071,,CORAL_NHANES
7.650154,0.16553105,BRFSS,100199,,CORAL_NHANES
3.3723865,3.7146666,BRFSS,379137,,CORAL_NHANES
15.0754385,5.2987456,BRFSS,290862,,CORAL_NHANES
17.666018,6.3695703,BRFSS,167952,,CORAL_NHANES
2.6765134,5.65541,BRFSS,370905,,CORAL_NHANES
2.8786488,5.634785,BRFSS,347012,,CORAL_NHANES
6.841434,-1.7439549,BRFSS,20441,,CORAL_NHANES
16.41346,10.634254,BRFSS,275650,,CORAL_NHANES
0.23256718,13.807361,BRFSS,48872,,CORAL_NHANES
3.427345,4.93748,BRFSS,169490,,CORAL_NHANES
15.469122,1.9092466,BRFSS,350257,,CORAL_NHANES
4.916466,1.5364856,BRFSS,348748,,CORAL_NHANES
16.9612,5.2464457,BRFSS,381766,,CORAL_NHANES
2.7780597,4.5785985,BRFSS,405490,,CORAL_NHANES
17.364176,1.254981,BRFSS,105106,,CORAL_NHANES
8.139156,-3.890714,NHANES,2799,Non-Hispanic Black,CORAL_NHANES
16.234406,4.068082,BRFSS,92026,,CORAL_NHANES
15.474805,8.965103,BRFSS,421509,,CORAL_NHANES
2.9809637,5.5169587,BRFSS,262257,,CORAL_NHANES
2.1561909,12.701366,BRFSS,72616,,CORAL_NHANES
-1.0231992,14.519557,BRFSS,449658,,CORAL_NHANES
7.8862743,-1.7290441,BRFSS,328334,,CORAL_NHANES
14.62478,11.730892,BRFSS,44696,,CORAL_NHANES
4.6136622,4.701507,BRFSS,360869,,CORAL_NHANES
15.382036,9.059472,BRFSS,424407,,CORAL_NHANES
7.6116757,0.37244466,BRFSS,15375,,CORAL_NHANES
4.075692,5.2258396,BRFSS,113202,,CORAL_NHANES
1.7336763,-0.7827931,BRFSS,165436,,CORAL_NHANES
17.916876,7.102049,BRFSS,430419,,CORAL_NHANES
7.976361,-4.5093546,BRFSS,130162,,CORAL_NHANES
-3.2415178,-8.789591,PIMA,54,Pima Indian,CORAL_NHANES
15.388538,3.2837913,BRFSS,395140,,CORAL_NHANES
17.58094,8.371262,BRFSS,398758,,CORAL_NHANES
4.095754,-1.1506752,BRFSS,287881,,CORAL_NHANES
4.497122,3.8175228,BRFSS,395436,,CORAL_NHANES
12.223236,3.0511255,BRFSS,140180,,CORAL_NHANES
-7.065034,4.3841686,BRFSS,147132,,CORAL_NHANES
3.3339174,3.7211533,BRFSS,85652,,CORAL_NHANES
-0.016269194,5.8764386,BRFSS,84153,,CORAL_NHANES
3.080482,5.5923295,BRFSS,380465,,CORAL_NHANES
16.428677,11.598137,BRFSS,149398,,CORAL_NHANES
12.882998,-2.419232,BRFSS,44913,,CORAL_NHANES
4.2881746,3.3086224,BRFSS,49759,,CORAL_NHANES
14.077652,6.7793684,BRFSS,378872,,CORAL_NHANES
1.6593657,-1.2632666,BRFSS,50249,,CORAL_NHANES
14.084016,6.7888346,BRFSS,183135,,CORAL_NHANES
15.311331,0.8184731,BRFSS,357440,,CORAL_NHANES
-7.9655323,2.303017,BRFSS,233651,,CORAL_NHANES
-0.81985706,14.4512825,BRFSS,242842,,CORAL_NHANES
4.618514,7.5334544,BRFSS,227566,,CORAL_NHANES
0.21845701,6.3810287,BRFSS,403218,,CORAL_NHANES
-3.2711277,-8.819233,NHANES,3810,Non-Hispanic Asian,CORAL_NHANES
-11.730999,18.042645,BRFSS,97859,,CORAL_NHANES
-9.577981,3.2635677,BRFSS,259796,,CORAL_NHANES
1.9077157,7.7997975,BRFSS,21641,,CORAL_NHANES
3.113484,13.2777605,BRFSS,284295,,CORAL_NHANES
3.2350917,4.789325,BRFSS,231142,,CORAL_NHANES
2.6765184,4.6333857,BRFSS,24224,,CORAL_NHANES
0.5742953,6.4345903,BRFSS,65386,,CORAL_NHANES
-7.3282094,2.9852114,BRFSS,234134,,CORAL_NHANES
12.414066,2.0356188,BRFSS,46037,,CORAL_NHANES
12.35234,9.104077,BRFSS,85910,,CORAL_NHANES
1.2449208,-0.5774625,BRFSS,327190,,CORAL_NHANES
4.080758,12.45985,BRFSS,121992,,CORAL_NHANES
3.9589193,12.997158,BRFSS,216052,,CORAL_NHANES
-0.0034665891,6.0743084,BRFSS,324994,,CORAL_NHANES
4.258617,-1.2389376,BRFSS,115743,,CORAL_NHANES
13.731055,8.819846,BRFSS,44764,,CORAL_NHANES
-3.5770354,12.794441,BRFSS,9833,,CORAL_NHANES
4.042382,-0.10742891,BRFSS,404686,,CORAL_NHANES
10.890679,-3.63147,BRFSS,410642,,CORAL_NHANES
3.9192865,3.5960155,BRFSS,165798,,CORAL_NHANES
7.4662147,1.0098966,BRFSS,413803,,CORAL_NHANES
1.5962405,0.99092984,BRFSS,205128,,CORAL_NHANES
12.389027,9.145257,BRFSS,140058,,CORAL_NHANES
9.725211,-1.4443185,BRFSS,43470,,CORAL_NHANES
17.397917,9.000824,BRFSS,276244,,CORAL_NHANES
1.3371768,3.8798635,BRFSS,177922,,CORAL_NHANES
16.218063,10.626227,BRFSS,261041,,CORAL_NHANES
1.8052591,8.444224,BRFSS,252532,,CORAL_NHANES
9.038962,-4.8891854,BRFSS,230779,,CORAL_NHANES
16.900433,6.5433927,BRFSS,204217,,CORAL_NHANES
15.575388,9.621657,BRFSS,393291,,CORAL_NHANES
15.695622,10.957561,BRFSS,331801,,CORAL_NHANES
11.523709,0.62713534,BRFSS,409029,,CORAL_NHANES
12.469757,-1.46989,BRFSS,37785,,CORAL_NHANES
1.5985656,-0.42212805,BRFSS,179715,,CORAL_NHANES
15.738404,10.001565,BRFSS,382482,,CORAL_NHANES
17.354641,1.2718458,BRFSS,160168,,CORAL_NHANES
15.737089,7.4809117,BRFSS,399470,,CORAL_NHANES
1.499655,4.705575,BRFSS,191014,,CORAL_NHANES
8.527929,-2.6167939,BRFSS,26489,,CORAL_NHANES
3.662079,3.0870202,BRFSS,109252,,CORAL_NHANES
14.686764,7.3124676,BRFSS,276004,,CORAL_NHANES
15.197911,10.095436,BRFSS,18941,,CORAL_NHANES
4.34825,9.343838,BRFSS,256198,,CORAL_NHANES
1.9762138,8.396862,BRFSS,226491,,CORAL_NHANES
4.1857886,9.813792,BRFSS,242640,,CORAL_NHANES
-7.1900163,3.2488966,BRFSS,404967,,CORAL_NHANES
-12.523312,18.632196,BRFSS,436495,,CORAL_NHANES
14.043818,10.685643,BRFSS,335253,,CORAL_NHANES
14.53185,9.8087015,BRFSS,147966,,CORAL_NHANES
8.586487,-2.3005755,BRFSS,153272,,CORAL_NHANES
4.994323,3.9571247,BRFSS,128218,,CORAL_NHANES
-11.352133,17.779438,BRFSS,70135,,CORAL_NHANES
15.171009,5.015812,BRFSS,289861,,CORAL_NHANES
14.497127,12.110735,BRFSS,342587,,CORAL_NHANES
17.559875,8.648878,BRFSS,128294,,CORAL_NHANES
2.0512316,-5.112863,BRFSS,107009,,CORAL_NHANES
14.8562975,5.497187,BRFSS,223279,,CORAL_NHANES
-11.558173,17.920742,BRFSS,111810,,CORAL_NHANES
15.722676,10.930362,BRFSS,319124,,CORAL_NHANES
14.711092,6.971721,BRFSS,257471,,CORAL_NHANES
-7.9783554,2.2967908,BRFSS,370596,,CORAL_NHANES
8.0638485,1.4473479,BRFSS,361372,,CORAL_NHANES
4.722361,6.6362243,BRFSS,157561,,CORAL_NHANES
12.605792,2.0053513,BRFSS,249911,,CORAL_NHANES
17.399773,0.054591823,BRFSS,439401,,CORAL_NHANES
12.761904,8.956798,BRFSS,382005,,CORAL_NHANES
17.040907,5.2648444,BRFSS,17138,,CORAL_NHANES
18.141506,0.64945763,BRFSS,103669,,CORAL_NHANES
-7.0913415,4.426704,BRFSS,102561,,CORAL_NHANES
-13.262668,19.24662,BRFSS,250006,,CORAL_NHANES
5.318209,0.90978557,BRFSS,111872,,CORAL_NHANES
15.660423,10.261403,BRFSS,446684,,CORAL_NHANES
16.593407,9.14674,BRFSS,178428,,CORAL_NHANES
17.639973,8.520499,BRFSS,34894,,CORAL_NHANES
10.076186,-1.5851783,BRFSS,265447,,CORAL_NHANES
17.114332,9.323432,BRFSS,352392,,CORAL_NHANES
14.256419,9.700191,BRFSS,352261,,CORAL_NHANES
12.042973,1.6916697,NHANES,5935,Mexican American,CORAL_NHANES
12.943387,9.4544,BRFSS,174593,,CORAL_NHANES
3.155806,2.9985464,BRFSS,232661,,CORAL_NHANES
14.632318,11.700349,BRFSS,306501,,CORAL_NHANES
11.492226,3.1159708,BRFSS,115413,,CORAL_NHANES
-0.029201293,6.1257377,BRFSS,402046,,CORAL_NHANES
6.532985,1.1958907,BRFSS,144832,,CORAL_NHANES
18.180782,2.2039728,BRFSS,302116,,CORAL_NHANES
3.0089307,-0.79471695,BRFSS,235218,,CORAL_NHANES
14.419592,11.141407,BRFSS,75589,,CORAL_NHANES
14.479143,9.798429,BRFSS,98525,,CORAL_NHANES
15.493627,2.7340164,BRFSS,330935,,CORAL_NHANES
18.090345,0.5909401,BRFSS,408471,,CORAL_NHANES
-8.209979,2.2958624,BRFSS,412000,,CORAL_NHANES
9.665184,-2.1697474,BRFSS,37456,,CORAL_NHANES
13.890486,3.8991113,BRFSS,106634,,CORAL_NHANES
7.139785,-3.6697984,BRFSS,296619,,CORAL_NHANES
-0.018563367,5.5974517,BRFSS,38000,,CORAL_NHANES
15.578753,5.463037,BRFSS,270749,,CORAL_NHANES
12.286148,2.9764829,BRFSS,162372,,CORAL_NHANES
-0.5888154,14.369952,BRFSS,171542,,CORAL_NHANES
3.6068027,1.2854605,BRFSS,423168,,CORAL_NHANES
15.477935,13.483591,BRFSS,190479,,CORAL_NHANES
10.761081,-2.764668,BRFSS,238296,,CORAL_NHANES
12.202198,3.054124,BRFSS,303515,,CORAL_NHANES
14.16509,6.6891103,BRFSS,353163,,CORAL_NHANES
15.948575,7.0680294,BRFSS,190474,,CORAL_NHANES
11.704222,0.80750734,BRFSS,365357,,CORAL_NHANES
3.071804,1.0263785,BRFSS,120645,,CORAL_NHANES
-0.11346867,7.4286866,BRFSS,220654,,CORAL_NHANES
1.589287,7.7102065,BRFSS,223115,,CORAL_NHANES
7.4973035,1.4354006,BRFSS,173463,,CORAL_NHANES
3.9288876,3.8891592,BRFSS,234204,,CORAL_NHANES
1.8652711,1.6907276,BRFSS,73770,,CORAL_NHANES
15.789824,12.765556,BRFSS,390846,,CORAL_NHANES
11.248515,-3.7385783,BRFSS,92490,,CORAL_NHANES
9.91601,-3.7434595,BRFSS,386606,,CORAL_NHANES
7.2102747,-4.110278,BRFSS,346134,,CORAL_NHANES
4.53616,8.348238,BRFSS,24354,,CORAL_NHANES
2.8350422,13.068624,BRFSS,397071,,CORAL_NHANES
-11.558786,17.92114,BRFSS,210769,,CORAL_NHANES
3.659988,11.156272,BRFSS,130762,,CORAL_NHANES
10.755794,-2.7622812,BRFSS,69059,,CORAL_NHANES
12.3962,9.178738,BRFSS,393726,,CORAL_NHANES
14.591381,9.831936,BRFSS,41639,,CORAL_NHANES
15.284457,3.8818882,BRFSS,15494,,CORAL_NHANES
2.9396343,4.5387087,BRFSS,73200,,CORAL_NHANES
15.569697,7.7566752,BRFSS,387016,,CORAL_NHANES
13.607979,3.0344255,BRFSS,431933,,CORAL_NHANES
17.224335,4.8808613,BRFSS,140601,,CORAL_NHANES
15.704552,13.189694,BRFSS,257245,,CORAL_NHANES
1.60826,5.759067,BRFSS,322689,,CORAL_NHANES
3.9826176,10.414584,BRFSS,284258,,CORAL_NHANES
-1.6968592,14.65737,BRFSS,63189,,CORAL_NHANES
8.182084,-4.543283,BRFSS,200517,,CORAL_NHANES
11.567622,-0.06548497,BRFSS,138934,,CORAL_NHANES
1.2611992,-0.7921453,BRFSS,296069,,CORAL_NHANES
13.846092,11.219157,BRFSS,318893,,CORAL_NHANES
2.2299318,1.4096382,BRFSS,448789,,CORAL_NHANES
15.322632,6.8029733,BRFSS,400189,,CORAL_NHANES
-11.29694,17.747044,BRFSS,391097,,CORAL_NHANES
15.995647,9.535987,BRFSS,232073,,CORAL_NHANES
15.38896,13.404124,BRFSS,110772,,CORAL_NHANES
13.3721695,2.281664,BRFSS,168928,,CORAL_NHANES
1.8872423,1.6987175,BRFSS,235434,,CORAL_NHANES
5.0982533,0.6778237,BRFSS,186318,,CORAL_NHANES
4.125316,-0.05359597,BRFSS,365442,,CORAL_NHANES
4.6997213,-1.8626934,BRFSS,212958,,CORAL_NHANES
-7.3156385,3.0025525,BRFSS,389918,,CORAL_NHANES
1.140013,-0.59587103,BRFSS,104821,,CORAL_NHANES
-7.3537354,2.941705,BRFSS,57420,,CORAL_NHANES
-7.150172,3.4879732,BRFSS,119383,,CORAL_NHANES
17.559956,8.359934,BRFSS,112756,,CORAL_NHANES
0.8497604,13.174596,BRFSS,345610,,CORAL_NHANES
16.42607,6.631558,BRFSS,46503,,CORAL_NHANES
4.1435065,0.8832738,BRFSS,306260,,CORAL_NHANES
2.443023,-0.25089478,BRFSS,48846,,CORAL_NHANES
-0.086066104,14.058526,BRFSS,292094,,CORAL_NHANES
13.938281,8.132029,BRFSS,329505,,CORAL_NHANES
11.541309,0.6444992,BRFSS,288481,,CORAL_NHANES
14.489618,11.0391035,BRFSS,215163,,CORAL_NHANES
5.916227,0.52620625,BRFSS,21969,,CORAL_NHANES
0.024890099,6.599376,BRFSS,287666,,CORAL_NHANES
10.034094,-4.6742315,BRFSS,111941,,CORAL_NHANES
11.269604,-3.7464235,BRFSS,428936,,CORAL_NHANES
14.505953,3.483298,BRFSS,310235,,CORAL_NHANES
1.9466109,8.405113,BRFSS,122202,,CORAL_NHANES
10.112385,-4.600712,BRFSS,422046,,CORAL_NHANES
1.7599195,12.476434,BRFSS,91150,,CORAL_NHANES
16.654316,0.38828963,BRFSS,174783,,CORAL_NHANES
13.988347,7.9588385,BRFSS,41284,,CORAL_NHANES
15.209912,2.83634,BRFSS,56880,,CORAL_NHANES
11.543045,-2.0608015,BRFSS,228239,,CORAL_NHANES
13.129288,4.184525,NHANES,1897,Mexican American,CORAL_NHANES
8.016421,-0.22845252,BRFSS,156337,,CORAL_NHANES
-10.282555,17.371254,BRFSS,182004,,CORAL_NHANES
-9.211972,2.8812158,BRFSS,361991,,CORAL_NHANES
7.0506716,-1.0658745,BRFSS,166238,,CORAL_NHANES
16.198809,1.7626865,BRFSS,40697,,CORAL_NHANES
16.950205,9.418187,BRFSS,330865,,CORAL_NHANES
6.5994344,2.1008961,BRFSS,223635,,CORAL_NHANES
16.1401,11.22538,BRFSS,447192,,CORAL_NHANES
4.6092253,7.379245,BRFSS,377654,,CORAL_NHANES
-3.0803838,-8.628635,NHANES,769,Non-Hispanic White,CORAL_NHANES
17.300646,2.3838964,BRFSS,164999,,CORAL_NHANES
3.199109,5.288101,BRFSS,76702,,CORAL_NHANES
17.127764,8.191044,BRFSS,226420,,CORAL_NHANES
15.043249,8.175812,BRFSS,325632,,CORAL_NHANES
17.76254,4.807897,BRFSS,95565,,CORAL_NHANES
17.2626,0.87576014,BRFSS,448071,,CORAL_NHANES
11.711121,0.73408073,BRFSS,362704,,CORAL_NHANES
8.150521,-3.459808,BRFSS,157754,,CORAL_NHANES
10.665075,-3.9438696,BRFSS,227508,,CORAL_NHANES
14.513907,8.268159,BRFSS,428769,,CORAL_NHANES
15.811413,11.64406,BRFSS,409431,,CORAL_NHANES
3.91075,10.512249,BRFSS,287290,,CORAL_NHANES
15.306159,12.997291,BRFSS,235348,,CORAL_NHANES
14.978449,2.9395373,BRFSS,413014,,CORAL_NHANES
16.175795,0.13055044,BRFSS,275135,,CORAL_NHANES
-13.248312,19.23217,BRFSS,351940,,CORAL_NHANES
14.767267,6.535953,BRFSS,101453,,CORAL_NHANES
15.715587,12.959166,BRFSS,213996,,CORAL_NHANES
17.581322,4.7994914,BRFSS,275086,,CORAL_NHANES
17.246958,5.6600366,BRFSS,39458,,CORAL_NHANES
12.872531,-2.4108005,BRFSS,226700,,CORAL_NHANES
11.827275,2.2246795,BRFSS,404620,,CORAL_NHANES
8.163954,-3.4396942,BRFSS,399757,,CORAL_NHANES
15.57913,13.4503565,BRFSS,393664,,CORAL_NHANES
14.282217,9.66807,BRFSS,117541,,CORAL_NHANES
-13.317041,19.29901,BRFSS,124691,,CORAL_NHANES
0.8698994,13.151537,BRFSS,313006,,CORAL_NHANES
16.078836,4.0840855,BRFSS,354851,,CORAL_NHANES
3.7716863,0.59124404,BRFSS,132732,,CORAL_NHANES
1.2399426,5.018233,BRFSS,301818,,CORAL_NHANES
17.898346,7.118402,BRFSS,275019,,CORAL_NHANES
13.386202,4.102449,BRFSS,154995,,CORAL_NHANES
17.37182,9.259123,BRFSS,280912,,CORAL_NHANES
-7.3232903,2.983926,BRFSS,281162,,CORAL_NHANES
10.86276,-3.9747367,BRFSS,174042,,CORAL_NHANES
13.757968,4.0071287,BRFSS,269732,,CORAL_NHANES
17.57301,1.5600404,BRFSS,410287,,CORAL_NHANES
5.0390863,3.786996,BRFSS,199499,,CORAL_NHANES
12.776873,1.4910477,BRFSS,341066,,CORAL_NHANES
17.220486,4.006093,BRFSS,268426,,CORAL_NHANES
16.263256,1.7381239,BRFSS,287877,,CORAL_NHANES
14.444787,10.830587,BRFSS,38256,,CORAL_NHANES
3.6499276,11.162989,BRFSS,241353,,CORAL_NHANES
15.508553,2.7297544,BRFSS,161846,,CORAL_NHANES
2.0936146,8.237837,BRFSS,323515,,CORAL_NHANES
11.644102,-1.0575168,BRFSS,328674,,CORAL_NHANES
8.878114,-4.8878813,BRFSS,98825,,CORAL_NHANES
5.0619087,1.6481688,BRFSS,16214,,CORAL_NHANES
7.167915,-4.0575027,BRFSS,420176,,CORAL_NHANES
11.89559,-1.9054762,BRFSS,422346,,CORAL_NHANES
2.3322616,-0.3448344,BRFSS,47244,,CORAL_NHANES
16.56074,6.310228,BRFSS,138095,,CORAL_NHANES
0.5447775,5.6796813,BRFSS,234050,,CORAL_NHANES
1.3908751,1.6214023,BRFSS,238070,,CORAL_NHANES
1.2029519,12.823764,BRFSS,446246,,CORAL_NHANES
15.706482,10.568713,BRFSS,94109,,CORAL_NHANES
11.709092,2.066146,BRFSS,156833,,CORAL_NHANES
-10.757265,17.560417,BRFSS,448375,,CORAL_NHANES
1.3633988,3.918874,BRFSS,185310,,CORAL_NHANES
17.181536,2.481873,BRFSS,165323,,CORAL_NHANES
2.0607133,-0.66161144,BRFSS,86588,,CORAL_NHANES
14.194601,12.537036,BRFSS,157949,,CORAL_NHANES
1.4074458,5.825222,BRFSS,49531,,CORAL_NHANES
-7.1294494,4.5000143,BRFSS,19030,,CORAL_NHANES
13.385451,3.5373378,BRFSS,163284,,CORAL_NHANES
-7.9509373,2.3176708,BRFSS,130054,,CORAL_NHANES
9.689821,-2.0175805,BRFSS,318122,,CORAL_NHANES
13.646287,1.9454725,BRFSS,148074,,CORAL_NHANES
15.061326,8.829645,BRFSS,387505,,CORAL_NHANES
3.5095222,4.6012487,BRFSS,364568,,CORAL_NHANES
10.007611,-4.688794,BRFSS,251628,,CORAL_NHANES
3.4795365,-0.2564021,BRFSS,307377,,CORAL_NHANES
3.2701719,0.19546273,BRFSS,224959,,CORAL_NHANES
0.85559165,13.167937,BRFSS,415920,,CORAL_NHANES
-3.5618486,12.809479,BRFSS,419787,,CORAL_NHANES
4.442137,5.178204,BRFSS,326911,,CORAL_NHANES
-7.6244464,2.533252,BRFSS,397617,,CORAL_NHANES
7.679281,-0.012670786,BRFSS,174327,,CORAL_NHANES
2.054112,8.304581,BRFSS,193683,,CORAL_NHANES
14.733014,11.816242,BRFSS,429033,,CORAL_NHANES
3.124201,3.0110173,BRFSS,264245,,CORAL_NHANES
6.1639996,0.21903962,BRFSS,391392,,CORAL_NHANES
4.6228924,7.4940605,BRFSS,375998,,CORAL_NHANES
4.6644435,-1.8271801,BRFSS,67723,,CORAL_NHANES
14.930098,9.719769,BRFSS,397679,,CORAL_NHANES
-12.061984,18.267052,BRFSS,365583,,CORAL_NHANES
4.890038,4.0170965,BRFSS,309274,,CORAL_NHANES
17.04572,4.968821,BRFSS,151580,,CORAL_NHANES
17.539696,1.5644282,BRFSS,285863,,CORAL_NHANES
7.2681427,1.162984,BRFSS,26877,,CORAL_NHANES
18.099802,2.1405275,BRFSS,421647,,CORAL_NHANES
11.5350275,2.750334,BRFSS,399218,,CORAL_NHANES
1.3151959,5.931895,BRFSS,79595,,CORAL_NHANES
8.146895,-3.4238052,BRFSS,320855,,CORAL_NHANES
0.5240554,5.76479,NHANES,2914,Non-Hispanic White,CORAL_NHANES
7.3280654,-0.623942,BRFSS,374909,,CORAL_NHANES
3.121981,0.07607898,BRFSS,308224,,CORAL_NHANES
7.574582,0.65897846,BRFSS,380407,,CORAL_NHANES
-13.250417,19.234623,BRFSS,266543,,CORAL_NHANES
14.018208,6.9084563,BRFSS,310748,,CORAL_NHANES
-12.133114,18.325521,BRFSS,418625,,CORAL_NHANES
-9.176956,2.8464205,BRFSS,437994,,CORAL_NHANES
18.108273,1.5092764,BRFSS,60606,,CORAL_NHANES
4.7461576,6.004943,BRFSS,128034,,CORAL_NHANES
15.14618,4.2286124,BRFSS,17854,,CORAL_NHANES
1.4935267,1.6755371,BRFSS,357299,,CORAL_NHANES
12.01014,0.0062413146,BRFSS,92990,,CORAL_NHANES
-0.0038822368,6.9500346,BRFSS,420032,,CORAL_NHANES
5.0256476,3.51041,BRFSS,130910,,CORAL_NHANES
3.5865397,10.855974,BRFSS,312956,,CORAL_NHANES
16.35801,10.500791,BRFSS,333765,,CORAL_NHANES
15.814816,3.6556034,BRFSS,335437,,CORAL_NHANES
11.508161,-0.19864827,BRFSS,398359,,CORAL_NHANES
17.882658,4.8035016,BRFSS,351472,,CORAL_NHANES
15.271979,13.111873,BRFSS,435856,,CORAL_NHANES
3.577973,5.245729,BRFSS,320744,,CORAL_NHANES
4.060153,0.78594524,BRFSS,397397,,CORAL_NHANES
0.5628904,5.677892,BRFSS,131957,,CORAL_NHANES
13.678781,9.532986,BRFSS,381851,,CORAL_NHANES
14.968918,5.356724,BRFSS,103057,,CORAL_NHANES
15.786132,3.6541276,BRFSS,79890,,CORAL_NHANES
7.757715,-2.7104254,BRFSS,407967,,CORAL_NHANES
15.809375,11.415314,BRFSS,299650,,CORAL_NHANES
15.710762,13.152816,BRFSS,293384,,CORAL_NHANES
13.683961,9.581781,BRFSS,27339,,CORAL_NHANES
15.136217,12.326588,BRFSS,274585,,CORAL_NHANES
1.0756414,5.232939,BRFSS,240821,,CORAL_NHANES
3.7752817,3.596388,BRFSS,306312,,CORAL_NHANES
1.0591484,5.242607,BRFSS,321122,,CORAL_NHANES
10.122879,-3.4210515,BRFSS,263995,,CORAL_NHANES
15.862636,11.472756,BRFSS,160530,,CORAL_NHANES
17.034372,4.0093827,BRFSS,444921,,CORAL_NHANES
17.282274,5.6528745,BRFSS,52853,,CORAL_NHANES
16.194574,1.756921,BRFSS,362935,,CORAL_NHANES
4.5579147,7.5779223,NHANES,3148,Non-Hispanic Black,CORAL_NHANES
-9.63692,3.3307178,BRFSS,369272,,CORAL_NHANES
15.106257,9.153076,BRFSS,216274,,CORAL_NHANES
7.36236,-0.49712548,BRFSS,31167,,CORAL_NHANES
16.451756,8.553794,BRFSS,438159,,CORAL_NHANES
17.769417,8.187976,BRFSS,173163,,CORAL_NHANES
-2.884825,-8.4330635,NHANES,5510,Other Hispanic,CORAL_NHANES
15.589588,7.726728,BRFSS,32028,,CORAL_NHANES
13.343417,1.8085934,BRFSS,144760,,CORAL_NHANES
12.366931,9.181184,BRFSS,409623,,CORAL_NHANES
15.6247015,5.482412,BRFSS,182594,,CORAL_NHANES
17.501446,8.911464,BRFSS,145501,,CORAL_NHANES
4.6019382,3.3116822,BRFSS,119173,,CORAL_NHANES
-13.328047,19.309956,BRFSS,200312,,CORAL_NHANES
0.26021463,5.3771596,BRFSS,397293,,CORAL_NHANES
0.08118251,6.5050426,BRFSS,195762,,CORAL_NHANES
-2.9712732,-8.519526,NHANES,7823,Mexican American,CORAL_NHANES
-8.932609,2.622393,BRFSS,414481,,CORAL_NHANES
0.8018472,13.228601,BRFSS,290209,,CORAL_NHANES
-12.075364,18.278635,BRFSS,391218,,CORAL_NHANES
1.7727069,1.6968983,BRFSS,179955,,CORAL_NHANES
17.585917,8.364644,BRFSS,433689,,CORAL_NHANES
11.531389,2.7097275,BRFSS,402773,,CORAL_NHANES
17.147457,2.6073256,BRFSS,333132,,CORAL_NHANES
3.5636208,3.6388922,BRFSS,363812,,CORAL_NHANES
4.246742,1.3450087,BRFSS,337111,,CORAL_NHANES
2.2827742,12.753465,BRFSS,309273,,CORAL_NHANES
13.082974,9.691094,BRFSS,412880,,CORAL_NHANES
15.2971115,2.0483077,NHANES,8162,Non-Hispanic White,CORAL_NHANES
1.6985319,-1.2779171,BRFSS,380531,,CORAL_NHANES
16.250643,6.9158664,BRFSS,282019,,CORAL_NHANES
11.362854,-0.971501,BRFSS,229956,,CORAL_NHANES
5.5953264,2.1403096,BRFSS,80333,,CORAL_NHANES
15.239005,10.38936,BRFSS,380917,,CORAL_NHANES
14.219119,12.552295,BRFSS,35303,,CORAL_NHANES
2.8409448,4.5717382,BRFSS,243936,,CORAL_NHANES
13.973894,3.5260103,BRFSS,291719,,CORAL_NHANES
-10.181072,17.276106,BRFSS,388218,,CORAL_NHANES
14.216374,12.35458,BRFSS,295912,,CORAL_NHANES
15.1004715,10.325864,BRFSS,448736,,CORAL_NHANES
-11.35454,17.779463,BRFSS,147460,,CORAL_NHANES
4.695841,-1.8606302,BRFSS,189800,,CORAL_NHANES
7.197039,-4.105156,BRFSS,417226,,CORAL_NHANES
4.9520044,4.892843,BRFSS,180946,,CORAL_NHANES
11.39965,-0.8866598,BRFSS,202895,,CORAL_NHANES
17.403553,8.988564,BRFSS,111467,,CORAL_NHANES
11.851849,-2.1805646,BRFSS,15755,,CORAL_NHANES
-13.2617,19.245628,BRFSS,256686,,CORAL_NHANES
12.901459,-2.2597632,BRFSS,307412,,CORAL_NHANES
17.723913,4.787734,BRFSS,179382,,CORAL_NHANES
17.166441,9.575498,BRFSS,26488,,CORAL_NHANES
16.207602,0.107597664,BRFSS,340068,,CORAL_NHANES
7.722514,-2.8004599,BRFSS,179045,,CORAL_NHANES
15.636263,1.8382725,BRFSS,188923,,CORAL_NHANES
4.5747094,8.114629,BRFSS,31392,,CORAL_NHANES
-11.297013,17.743189,BRFSS,192353,,CORAL_NHANES
14.154591,6.6979656,BRFSS,28748,,CORAL_NHANES
15.440895,11.854111,BRFSS,146805,,CORAL_NHANES
9.580406,-2.5349102,BRFSS,382706,,CORAL_NHANES
6.9008074,2.012286,BRFSS,443794,,CORAL_NHANES
17.157204,0.3552625,BRFSS,146221,,CORAL_NHANES
13.857553,2.2477145,BRFSS,139367,,CORAL_NHANES
17.60808,4.273861,BRFSS,179271,,CORAL_NHANES
5.4491315,2.0407073,BRFSS,75450,,CORAL_NHANES
8.7213545,-4.734254,BRFSS,9764,,CORAL_NHANES
2.9519174,-0.81495404,BRFSS,48069,,CORAL_NHANES
13.684634,10.815739,BRFSS,222754,,CORAL_NHANES
5.8764668,0.5625731,BRFSS,448905,,CORAL_NHANES
9.661952,-2.1936667,BRFSS,238104,,CORAL_NHANES
1.8423551,12.508805,BRFSS,340038,,CORAL_NHANES
0.4840056,7.4335375,BRFSS,386828,,CORAL_NHANES
17.828182,4.105877,BRFSS,70612,,CORAL_NHANES
7.375524,2.5713787,BRFSS,321893,,CORAL_NHANES
17.937998,4.338823,BRFSS,419725,,CORAL_NHANES
13.350343,2.3553514,BRFSS,166427,,CORAL_NHANES
11.922328,0.2198333,BRFSS,369111,,CORAL_NHANES
11.509513,2.926967,BRFSS,144868,,CORAL_NHANES
2.9679263,5.530611,BRFSS,240206,,CORAL_NHANES
4.0459137,-0.10221666,BRFSS,98667,,CORAL_NHANES
13.991622,11.989084,BRFSS,352394,,CORAL_NHANES
1.8072388,8.438039,BRFSS,79529,,CORAL_NHANES
16.277342,4.0684,BRFSS,26473,,CORAL_NHANES
15.854619,7.6447544,BRFSS,124761,,CORAL_NHANES
-0.606301,14.384002,BRFSS,21468,,CORAL_NHANES
8.039783,1.4821225,BRFSS,94724,,CORAL_NHANES
7.522476,1.5501444,BRFSS,207955,,CORAL_NHANES
-7.9633613,2.3113782,BRFSS,312566,,CORAL_NHANES
-9.260158,2.929638,BRFSS,167944,,CORAL_NHANES
16.397316,1.9584082,BRFSS,68427,,CORAL_NHANES
17.095076,2.3013139,BRFSS,210797,,CORAL_NHANES
17.52675,0.15936795,BRFSS,336229,,CORAL_NHANES
2.0521073,-5.1118717,BRFSS,370379,,CORAL_NHANES
15.586377,10.871865,BRFSS,108275,,CORAL_NHANES
14.166919,11.720382,BRFSS,143691,,CORAL_NHANES
4.6376615,7.3722224,BRFSS,129011,,CORAL_NHANES
9.036728,-4.888686,BRFSS,326393,,CORAL_NHANES
6.92535,1.0712146,BRFSS,108763,,CORAL_NHANES
9.59204,-2.5229917,BRFSS,427106,,CORAL_NHANES
3.0254786,0.9740735,BRFSS,145340,,CORAL_NHANES
-13.219336,19.20245,BRFSS,276535,,CORAL_NHANES
3.6540725,2.4283886,BRFSS,242272,,CORAL_NHANES
10.911466,-4.0459924,BRFSS,402698,,CORAL_NHANES
7.046074,-3.301694,BRFSS,225487,,CORAL_NHANES
11.750804,2.265483,BRFSS,195849,,CORAL_NHANES
3.6606865,1.3033803,BRFSS,29506,,CORAL_NHANES
13.852065,3.7638662,BRFSS,192408,,CORAL_NHANES
16.965254,7.6722164,BRFSS,209893,,CORAL_NHANES
15.354781,0.7846449,BRFSS,422538,,CORAL_NHANES
11.49184,0.49338415,BRFSS,165343,,CORAL_NHANES
13.56291,9.707485,NHANES,4160,Other Hispanic,CORAL_NHANES
-11.296275,17.745876,BRFSS,74281,,CORAL_NHANES
12.001667,2.9635396,BRFSS,316065,,CORAL_NHANES
4.3905334,0.16474073,BRFSS,91699,,CORAL_NHANES
-13.203637,19.193495,BRFSS,32142,,CORAL_NHANES
16.31619,10.621295,BRFSS,57939,,CORAL_NHANES
-7.0488,4.372237,BRFSS,162001,,CORAL_NHANES
9.558487,-2.5370004,BRFSS,165834,,CORAL_NHANES
-2.8936563,-8.441903,PIMA,601,Pima Indian,CORAL_NHANES
4.562163,8.206703,BRFSS,286516,,CORAL_NHANES
13.70893,8.364764,BRFSS,178830,,CORAL_NHANES
15.588866,9.645032,BRFSS,253854,,CORAL_NHANES
18.190935,2.1801004,BRFSS,434182,,CORAL_NHANES
-3.5914745,12.773129,BRFSS,37272,,CORAL_NHANES
-7.609455,2.5378237,BRFSS,296796,,CORAL_NHANES
12.777195,8.985843,BRFSS,437431,,CORAL_NHANES
4.2981668,0.081727944,BRFSS,182686,,CORAL_NHANES
3.2451813,4.4393234,BRFSS,205360,,CORAL_NHANES
7.1448054,-3.6449885,BRFSS,402169,,CORAL_NHANES
9.754766,-1.5901213,BRFSS,314359,,CORAL_NHANES
17.634325,8.550745,BRFSS,385360,,CORAL_NHANES
3.6194284,3.6102848,BRFSS,53233,,CORAL_NHANES
3.0426626,13.221019,BRFSS,227372,,CORAL_NHANES
17.86881,4.310231,BRFSS,271921,,CORAL_NHANES
3.610569,1.285532,BRFSS,302975,,CORAL_NHANES
10.751017,-2.7649395,BRFSS,335653,,CORAL_NHANES
16.102642,10.729211,BRFSS,422976,,CORAL_NHANES
12.508892,-1.5282028,BRFSS,49831,,CORAL_NHANES
9.984981,-4.636362,BRFSS,61079,,CORAL_NHANES
11.908522,-0.24849898,BRFSS,111695,,CORAL_NHANES
12.779435,1.9057168,BRFSS,281945,,CORAL_NHANES
5.1491804,0.7468593,BRFSS,288078,,CORAL_NHANES
15.718229,0.4200084,BRFSS,414962,,CORAL_NHANES
3.2591162,0.23248631,BRFSS,69958,,CORAL_NHANES
17.675282,6.3876615,BRFSS,253950,,CORAL_NHANES
15.648785,7.4561725,BRFSS,409724,,CORAL_NHANES
3.48026,3.6617594,BRFSS,34885,,CORAL_NHANES
17.59529,4.1016464,BRFSS,331731,,CORAL_NHANES
-12.989828,19.016602,BRFSS,423849,,CORAL_NHANES
-11.35588,17.779892,BRFSS,139013,,CORAL_NHANES
16.574638,8.576279,BRFSS,257847,,CORAL_NHANES
7.0951486,1.6218426,BRFSS,395569,,CORAL_NHANES
-2.2650356,14.311427,BRFSS,134447,,CORAL_NHANES
7.4577527,-0.09074231,BRFSS,145667,,CORAL_NHANES
11.680195,2.52196,BRFSS,427720,,CORAL_NHANES
13.135874,4.2314267,BRFSS,43232,,CORAL_NHANES
17.357296,5.681381,BRFSS,34496,,CORAL_NHANES
4.3449683,9.332374,BRFSS,74430,,CORAL_NHANES
3.6652648,0.50366575,BRFSS,376359,,CORAL_NHANES
2.6532567,1.5211488,BRFSS,228372,,CORAL_NHANES
17.512474,8.110141,BRFSS,276529,,CORAL_NHANES
16.399637,1.9566451,BRFSS,365697,,CORAL_NHANES
17.869654,4.308716,BRFSS,402282,,CORAL_NHANES
2.7340357,-1.342915,BRFSS,421557,,CORAL_NHANES
1.3751155,1.6294221,BRFSS,333580,,CORAL_NHANES
2.8056657,3.7318509,BRFSS,324026,,CORAL_NHANES
9.585257,-2.5893757,BRFSS,102521,,CORAL_NHANES
15.100992,3.9630892,BRFSS,436306,,CORAL_NHANES
5.2719526,2.8161469,BRFSS,246323,,CORAL_NHANES
3.9057841,10.507464,BRFSS,29423,,CORAL_NHANES
-7.2074933,3.2068026,BRFSS,213769,,CORAL_NHANES
18.088789,5.0009236,BRFSS,127017,,CORAL_NHANES
-7.1948533,3.215987,BRFSS,375619,,CORAL_NHANES
4.8019266,5.5749173,BRFSS,226562,,CORAL_NHANES
2.8094394,-0.86033005,BRFSS,338685,,CORAL_NHANES
12.383816,9.1746025,BRFSS,113728,,CORAL_NHANES
15.125351,5.2551775,BRFSS,135376,,CORAL_NHANES
2.9466436,2.250449,BRFSS,296378,,CORAL_NHANES
17.175285,4.3430805,BRFSS,16498,,CORAL_NHANES
10.69387,-3.0050263,BRFSS,435812,,CORAL_NHANES
17.599743,5.3242793,BRFSS,47967,,CORAL_NHANES
14.198348,9.696121,BRFSS,240260,,CORAL_NHANES
18.148903,0.63258076,BRFSS,72148,,CORAL_NHANES
0.6123505,7.637918,BRFSS,285027,,CORAL_NHANES
1.7220654,12.581028,BRFSS,363673,,CORAL_NHANES
6.9534388,1.7905134,BRFSS,58337,,CORAL_NHANES
4.141393,2.0378091,BRFSS,187178,,CORAL_NHANES
-1.5813384,14.667005,BRFSS,427073,,CORAL_NHANES
11.844125,-2.297502,BRFSS,424437,,CORAL_NHANES
13.72808,11.1650715,BRFSS,266782,,CORAL_NHANES
17.750898,5.6718955,BRFSS,123244,,CORAL_NHANES
11.465648,3.1815171,BRFSS,120855,,CORAL_NHANES
3.3963237,4.7059665,BRFSS,358914,,CORAL_NHANES
4.284621,-1.2309352,BRFSS,183695,,CORAL_NHANES
17.016045,9.473595,BRFSS,374318,,CORAL_NHANES
0.25591874,6.5699987,BRFSS,257069,,CORAL_NHANES
13.647587,8.362147,BRFSS,335456,,CORAL_NHANES
4.618167,3.7819629,BRFSS,278212,,CORAL_NHANES
2.393936,-0.2975785,BRFSS,49903,,CORAL_NHANES
12.921716,-2.2639525,BRFSS,210198,,CORAL_NHANES
2.8001862,3.7476118,BRFSS,198032,,CORAL_NHANES
1.6062976,-0.41284618,BRFSS,416968,,CORAL_NHANES
9.076096,-4.8807974,BRFSS,124028,,CORAL_NHANES
16.262262,8.113452,BRFSS,38603,,CORAL_NHANES
4.125227,2.046665,BRFSS,133818,,CORAL_NHANES
6.901771,-1.4899154,BRFSS,431940,,CORAL_NHANES
5.0916276,3.801743,BRFSS,346126,,CORAL_NHANES
12.415279,9.144376,BRFSS,388439,,CORAL_NHANES
11.196709,-3.834456,BRFSS,214646,,CORAL_NHANES
9.986655,-4.699644,BRFSS,388823,,CORAL_NHANES
0.541514,7.43429,BRFSS,432277,,CORAL_NHANES
17.227442,2.485003,BRFSS,279498,,CORAL_NHANES
2.2735195,1.766741,BRFSS,15156,,CORAL_NHANES
3.6930811,-0.20528756,BRFSS,158896,,CORAL_NHANES
13.058042,1.9761218,BRFSS,181345,,CORAL_NHANES
12.648719,1.9953476,BRFSS,213396,,CORAL_NHANES
14.1289215,11.419507,BRFSS,160668,,CORAL_NHANES
15.126517,9.133607,BRFSS,312641,,CORAL_NHANES
1.7784446,-0.74171317,BRFSS,64964,,CORAL_NHANES
15.598719,13.4343,BRFSS,108197,,CORAL_NHANES
10.016159,-4.685184,BRFSS,31975,,CORAL_NHANES
16.925335,10.128266,BRFSS,423834,,CORAL_NHANES
13.661703,9.579421,BRFSS,152951,,CORAL_NHANES
4.7731137,5.764337,BRFSS,201872,,CORAL_NHANES
15.748587,10.295546,BRFSS,189127,,CORAL_NHANES
1.7420168,-1.3298532,BRFSS,55120,,CORAL_NHANES
7.7444882,-2.7454913,BRFSS,28512,,CORAL_NHANES
17.872137,5.2171855,BRFSS,34058,,CORAL_NHANES
6.8359456,-1.7784786,BRFSS,263907,,CORAL_NHANES
2.359666,5.4400234,BRFSS,167888,,CORAL_NHANES
15.359827,13.287546,BRFSS,282264,,CORAL_NHANES
3.671187,3.0567994,BRFSS,259385,,CORAL_NHANES
2.7850747,3.740696,BRFSS,340281,,CORAL_NHANES
0.050630786,7.1377754,BRFSS,438944,,CORAL_NHANES
3.8048906,13.142327,BRFSS,377118,,CORAL_NHANES
17.49317,2.2378612,BRFSS,210527,,CORAL_NHANES
17.774202,2.0862508,BRFSS,334889,,CORAL_NHANES
13.782597,3.2977026,BRFSS,356548,,CORAL_NHANES
16.353548,6.657719,BRFSS,300212,,CORAL_NHANES
4.9363647,1.5425006,BRFSS,413134,,CORAL_NHANES
14.668564,11.996436,BRFSS,20196,,CORAL_NHANES
16.491566,6.339879,BRFSS,380356,,CORAL_NHANES
17.417332,6.389665,BRFSS,117967,,CORAL_NHANES
16.25591,0.09493048,BRFSS,24651,,CORAL_NHANES
-7.3461533,2.950288,BRFSS,297488,,CORAL_NHANES
3.7098835,2.4113674,BRFSS,343007,,CORAL_NHANES
1.8156813,1.6913831,BRFSS,404851,,CORAL_NHANES
14.380164,10.788266,BRFSS,253071,,CORAL_NHANES
1.1399137,-0.64306754,BRFSS,349369,,CORAL_NHANES
16.375578,6.657278,BRFSS,359866,,CORAL_NHANES
17.19098,0.034536522,BRFSS,378515,,CORAL_NHANES
14.94561,8.191132,BRFSS,348042,,CORAL_NHANES
15.437477,12.244028,BRFSS,236991,,CORAL_NHANES
-11.573355,17.930986,BRFSS,146935,,CORAL_NHANES
6.8007483,1.9134763,BRFSS,61437,,CORAL_NHANES
15.176797,9.205471,BRFSS,199929,,CORAL_NHANES
15.808041,1.2630117,BRFSS,72491,,CORAL_NHANES
-12.658774,18.745876,BRFSS,264647,,CORAL_NHANES
-11.553707,17.917332,BRFSS,394915,,CORAL_NHANES
4.040547,12.733598,BRFSS,402517,,CORAL_NHANES
3.643878,1.2931982,BRFSS,387425,,CORAL_NHANES
12.394012,9.105422,BRFSS,209456,,CORAL_NHANES
4.248154,1.3459377,BRFSS,251194,,CORAL_NHANES
11.834052,-2.3786397,BRFSS,292948,,CORAL_NHANES
11.688592,3.1324034,BRFSS,23002,,CORAL_NHANES
1.6636992,-1.2575604,BRFSS,188943,,CORAL_NHANES
4.046178,12.718391,BRFSS,26518,,CORAL_NHANES
16.375584,6.6701713,BRFSS,268144,,CORAL_NHANES
4.286754,1.3662647,BRFSS,111964,,CORAL_NHANES
5.034989,1.3113536,BRFSS,135448,,CORAL_NHANES
7.6400304,0.41472676,BRFSS,201821,,CORAL_NHANES
16.533829,8.846032,BRFSS,42666,,CORAL_NHANES
15.426327,3.2920501,BRFSS,106285,,CORAL_NHANES
-0.0033588677,7.115768,BRFSS,148508,,CORAL_NHANES
-2.3859959,14.213537,BRFSS,377820,,CORAL_NHANES
13.2298155,4.2871428,BRFSS,98092,,CORAL_NHANES
13.958775,11.889865,BRFSS,391833,,CORAL_NHANES
1.2690467,-0.8032651,BRFSS,50380,,CORAL_NHANES
14.217532,9.690594,BRFSS,444261,,CORAL_NHANES
15.17164,4.461101,BRFSS,307352,,CORAL_NHANES
16.11104,1.7444956,BRFSS,426226,,CORAL_NHANES
17.794613,4.769209,BRFSS,357531,,CORAL_NHANES
15.986289,0.79847133,BRFSS,12778,,CORAL_NHANES
8.069094,1.4569473,BRFSS,277634,,CORAL_NHANES
17.434038,8.961163,BRFSS,337079,,CORAL_NHANES
3.8196287,13.114515,BRFSS,345367,,CORAL_NHANES
14.006597,9.646727,BRFSS,343089,,CORAL_NHANES
6.58201,1.2354321,BRFSS,62244,,CORAL_NHANES
13.007896,3.782276,BRFSS,87498,,CORAL_NHANES
3.166849,4.4689803,BRFSS,128319,,CORAL_NHANES
17.181503,3.9896758,BRFSS,347034,,CORAL_NHANES
-2.4381936,14.167415,BRFSS,116809,,CORAL_NHANES
4.0745487,5.314699,BRFSS,205091,,CORAL_NHANES
1.3184716,-0.7923175,BRFSS,425846,,CORAL_NHANES
15.340857,6.8000965,BRFSS,78089,,CORAL_NHANES
16.430891,6.636276,BRFSS,131209,,CORAL_NHANES
2.6678882,3.8151197,BRFSS,18645,,CORAL_NHANES
1.6129919,-0.43830916,BRFSS,349650,,CORAL_NHANES
3.9352856,13.031009,BRFSS,413377,,CORAL_NHANES
17.309355,5.331583,BRFSS,347834,,CORAL_NHANES
13.694962,1.9222871,BRFSS,415925,,CORAL_NHANES
12.88165,-2.4219654,BRFSS,422661,,CORAL_NHANES
4.7776127,5.695592,BRFSS,103440,,CORAL_NHANES
4.4024153,9.079802,BRFSS,36988,,CORAL_NHANES
0.60884035,7.1756983,BRFSS,264526,,CORAL_NHANES
16.183395,1.1395851,BRFSS,442094,,CORAL_NHANES
-10.684674,4.575738,BRFSS,52674,,CORAL_NHANES
18.248268,1.8612888,BRFSS,101259,,CORAL_NHANES
6.001854,0.6323201,BRFSS,249894,,CORAL_NHANES
12.5200405,2.9656477,BRFSS,156621,,CORAL_NHANES
17.983595,5.1643114,BRFSS,287967,,CORAL_NHANES
15.765611,10.635468,BRFSS,223150,,CORAL_NHANES
15.741162,11.636026,BRFSS,299655,,CORAL_NHANES
4.573227,4.0517874,BRFSS,354487,,CORAL_NHANES
15.779041,11.66486,BRFSS,44222,,CORAL_NHANES
0.2243461,13.813844,BRFSS,279490,,CORAL_NHANES
1.3166039,5.547096,BRFSS,78073,,CORAL_NHANES
17.898369,2.2983606,BRFSS,217161,,CORAL_NHANES
4.1010847,-1.1563764,BRFSS,149769,,CORAL_NHANES
4.720539,6.8104553,BRFSS,290066,,CORAL_NHANES
2.831152,5.6438127,BRFSS,62790,,CORAL_NHANES
-13.378232,19.35987,BRFSS,103009,,CORAL_NHANES
7.549957,-3.4016805,BRFSS,25484,,CORAL_NHANES
0.010953055,5.9786587,BRFSS,62085,,CORAL_NHANES
-9.591051,3.2776518,BRFSS,179336,,CORAL_NHANES
18.136297,0.6405054,BRFSS,349637,,CORAL_NHANES
13.051495,3.8884614,BRFSS,211242,,CORAL_NHANES
-0.020188635,7.145584,BRFSS,207155,,CORAL_NHANES
-7.6362157,2.5117464,BRFSS,370116,,CORAL_NHANES
11.928365,2.7927482,BRFSS,55268,,CORAL_NHANES
0.6151719,5.6084013,BRFSS,127987,,CORAL_NHANES
12.938174,9.276418,BRFSS,330055,,CORAL_NHANES
16.667313,0.37967175,BRFSS,272738,,CORAL_NHANES
11.69255,3.0958192,BRFSS,403779,,CORAL_NHANES
11.46797,3.1953328,BRFSS,169937,,CORAL_NHANES
15.828319,11.7722,BRFSS,18510,,CORAL_NHANES
17.512402,4.0593834,BRFSS,110578,,CORAL_NHANES
1.1813493,0.47108954,BRFSS,446846,,CORAL_NHANES
11.884834,-1.994043,BRFSS,399263,,CORAL_NHANES
12.7732,1.4967468,BRFSS,365067,,CORAL_NHANES
17.202175,2.9263558,BRFSS,420636,,CORAL_NHANES
8.1300955,1.4467537,BRFSS,426380,,CORAL_NHANES
14.586146,8.114502,BRFSS,302058,,CORAL_NHANES
11.506791,0.57492983,BRFSS,226336,,CORAL_NHANES
16.990341,6.281702,BRFSS,112106,,CORAL_NHANES
11.83451,-0.3678835,BRFSS,127944,,CORAL_NHANES
7.3591504,2.5865753,BRFSS,260705,,CORAL_NHANES
5.386262,2.7734177,BRFSS,39484,,CORAL_NHANES
15.148751,10.58626,BRFSS,191940,,CORAL_NHANES
16.286953,8.896654,BRFSS,445718,,CORAL_NHANES
7.115844,-0.9059087,BRFSS,419717,,CORAL_NHANES
11.336219,-3.6318398,BRFSS,159446,,CORAL_NHANES
1.3302598,-0.89615405,BRFSS,53242,,CORAL_NHANES
13.720574,3.1967287,BRFSS,355025,,CORAL_NHANES
16.73393,5.3174,BRFSS,440755,,CORAL_NHANES
-7.079846,4.387833,BRFSS,249733,,CORAL_NHANES
14.878507,8.370382,BRFSS,436665,,CORAL_NHANES
15.550746,3.1749203,BRFSS,175611,,CORAL_NHANES
11.667368,3.0382535,BRFSS,226877,,CORAL_NHANES
12.8339815,1.1451021,BRFSS,198429,,CORAL_NHANES
14.044005,10.657581,BRFSS,210377,,CORAL_NHANES
17.78256,5.26661,BRFSS,386820,,CORAL_NHANES
15.049913,10.911077,BRFSS,107484,,CORAL_NHANES
0.4619579,6.2682796,BRFSS,119498,,CORAL_NHANES
-13.375792,19.35735,BRFSS,268917,,CORAL_NHANES
16.997429,-0.0018344347,BRFSS,185098,,CORAL_NHANES
0.023897856,5.286083,BRFSS,91142,,CORAL_NHANES
16.01109,7.722093,BRFSS,116378,,CORAL_NHANES
15.386708,1.4469998,BRFSS,438542,,CORAL_NHANES
14.073123,9.667354,BRFSS,165941,,CORAL_NHANES
1.3225995,1.1854975,BRFSS,86119,,CORAL_NHANES
13.687972,1.9404601,BRFSS,376829,,CORAL_NHANES
-10.75107,17.561909,BRFSS,437193,,CORAL_NHANES
7.2845836,-0.6878412,BRFSS,146322,,CORAL_NHANES
17.990679,4.3495116,BRFSS,261738,,CORAL_NHANES
8.464131,-4.660264,BRFSS,330477,,CORAL_NHANES
16.294926,1.6713344,BRFSS,237161,,CORAL_NHANES
7.1171184,1.6253488,BRFSS,312757,,CORAL_NHANES
11.642486,3.1757371,BRFSS,89428,,CORAL_NHANES
16.5383,4.0593843,BRFSS,315775,,CORAL_NHANES
-10.860967,17.59608,BRFSS,307358,,CORAL_NHANES
7.586857,1.232602,BRFSS,19016,,CORAL_NHANES
5.1168685,3.1050742,BRFSS,134570,,CORAL_NHANES
5.342784,0.9180249,BRFSS,280675,,CORAL_NHANES
1.5312544,12.522031,BRFSS,310140,,CORAL_NHANES
4.462437,8.7646475,BRFSS,261679,,CORAL_NHANES
17.942211,1.44626,BRFSS,322799,,CORAL_NHANES
-7.233461,3.180562,BRFSS,194837,,CORAL_NHANES
4.387557,9.146309,BRFSS,239203,,CORAL_NHANES
7.925837,-1.5496677,BRFSS,402788,,CORAL_NHANES
15.668144,3.704534,BRFSS,301627,,CORAL_NHANES
12.457577,-1.383912,BRFSS,75467,,CORAL_NHANES
0.48603722,6.8086104,BRFSS,274443,,CORAL_NHANES
0.2331461,13.805409,BRFSS,17547,,CORAL_NHANES
4.742772,4.528997,BRFSS,373233,,CORAL_NHANES
17.883123,4.3096356,BRFSS,169878,,CORAL_NHANES
-12.080626,18.284208,BRFSS,242081,,CORAL_NHANES
9.128751,-4.8390994,BRFSS,352445,,CORAL_NHANES
4.68404,7.206929,BRFSS,225911,,CORAL_NHANES
1.8959068,-0.9202402,BRFSS,283208,,CORAL_NHANES
2.5914075,1.5116714,BRFSS,240758,,CORAL_NHANES
17.58337,2.1806257,BRFSS,119801,,CORAL_NHANES
12.81415,1.3261842,BRFSS,361733,,CORAL_NHANES
-0.012820923,7.1369553,BRFSS,301470,,CORAL_NHANES
16.671745,6.344917,BRFSS,223630,,CORAL_NHANES
-2.9632733,-8.511521,NHANES,2683,Mexican American,CORAL_NHANES
3.1357067,13.29442,BRFSS,74305,,CORAL_NHANES
14.1614275,12.563514,BRFSS,136955,,CORAL_NHANES
17.222456,2.9176068,BRFSS,145944,,CORAL_NHANES
-7.0483556,4.3133035,BRFSS,189415,,CORAL_NHANES
12.8748865,9.352638,BRFSS,374696,,CORAL_NHANES
15.005347,8.051597,BRFSS,135586,,CORAL_NHANES
-13.257524,19.242756,BRFSS,355383,,CORAL_NHANES
6.497307,1.4394622,BRFSS,427588,,CORAL_NHANES
7.487354,0.33207944,BRFSS,381577,,CORAL_NHANES
4.6879926,3.7712183,BRFSS,289831,,CORAL_NHANES
7.028094,1.9791653,BRFSS,415172,,CORAL_NHANES
15.64578,10.241076,BRFSS,329172,,CORAL_NHANES
4.086671,-0.11339234,BRFSS,296164,,CORAL_NHANES
10.062034,-2.6586595,BRFSS,195169,,CORAL_NHANES
13.525522,9.672025,BRFSS,363530,,CORAL_NHANES
-3.323938,-8.872034,PIMA,707,Pima Indian,CORAL_NHANES
11.102069,-3.820297,BRFSS,273104,,CORAL_NHANES
15.230103,4.477171,BRFSS,108723,,CORAL_NHANES
16.623182,0.42622572,BRFSS,292358,,CORAL_NHANES
13.608504,8.427033,BRFSS,431553,,CORAL_NHANES
16.052673,1.1392889,BRFSS,141885,,CORAL_NHANES
16.099724,10.718186,BRFSS,286914,,CORAL_NHANES
17.491043,8.287175,BRFSS,100777,,CORAL_NHANES
10.006075,-2.2498865,BRFSS,60551,,CORAL_NHANES
7.918637,-1.450314,BRFSS,270818,,CORAL_NHANES
14.576468,2.7299132,BRFSS,187873,,CORAL_NHANES
11.4941025,0.5476863,BRFSS,327813,,CORAL_NHANES
12.410063,2.044584,BRFSS,61479,,CORAL_NHANES
17.753439,5.6763034,BRFSS,361411,,CORAL_NHANES
10.7543955,-2.8326817,BRFSS,103844,,CORAL_NHANES
7.5971556,0.45354173,BRFSS,42426,,CORAL_NHANES
14.162746,10.685726,BRFSS,430887,,CORAL_NHANES
14.514425,11.017838,BRFSS,215155,,CORAL_NHANES
13.1202755,4.24051,NHANES,8293,Other Race,CORAL_NHANES
-1.9213793,14.37367,BRFSS,260022,,CORAL_NHANES
15.341279,6.913788,BRFSS,105936,,CORAL_NHANES
16.06897,0.23792316,BRFSS,237869,,CORAL_NHANES
-0.019314526,7.229369,BRFSS,227881,,CORAL_NHANES
2.525356,12.299871,BRFSS,127145,,CORAL_NHANES
0.49068236,6.245156,BRFSS,374797,,CORAL_NHANES
7.1169615,-3.5522287,BRFSS,59606,,CORAL_NHANES
17.935911,4.008523,BRFSS,87635,,CORAL_NHANES
8.591346,-4.818409,BRFSS,106665,,CORAL_NHANES
-7.1943154,3.2422147,BRFSS,126167,,CORAL_NHANES
-7.9668646,2.3021708,BRFSS,439732,,CORAL_NHANES
14.16659,3.4632518,BRFSS,321191,,CORAL_NHANES
16.263624,1.7031653,BRFSS,238482,,CORAL_NHANES
16.521488,4.048991,BRFSS,256145,,CORAL_NHANES
4.726639,6.197128,BRFSS,323927,,CORAL_NHANES
13.817966,11.302652,BRFSS,62973,,CORAL_NHANES
4.673778,6.752778,BRFSS,36444,,CORAL_NHANES
11.537254,2.7379835,BRFSS,65548,,CORAL_NHANES
10.067567,-3.0392034,BRFSS,309553,,CORAL_NHANES
14.340893,11.4124365,BRFSS,420212,,CORAL_NHANES
-10.228054,17.322422,BRFSS,46949,,CORAL_NHANES
14.188263,6.6182733,BRFSS,372062,,CORAL_NHANES
13.349657,1.7358938,BRFSS,340066,,CORAL_NHANES
7.9060144,-1.4394678,BRFSS,186772,,CORAL_NHANES
1.2938057,1.6690552,BRFSS,36746,,CORAL_NHANES
8.469231,-4.658302,BRFSS,320311,,CORAL_NHANES
-12.541816,18.650452,BRFSS,263215,,CORAL_NHANES
15.525925,3.209426,BRFSS,130330,,CORAL_NHANES
8.590145,-2.3085058,BRFSS,432236,,CORAL_NHANES
16.519548,11.455888,BRFSS,448295,,CORAL_NHANES
14.677325,8.138349,BRFSS,282908,,CORAL_NHANES
17.964582,1.395996,BRFSS,286473,,CORAL_NHANES
0.23658529,13.806298,BRFSS,178977,,CORAL_NHANES
15.058983,6.883434,BRFSS,398783,,CORAL_NHANES
15.384296,9.874239,NHANES,1718,Non-Hispanic Asian,CORAL_NHANES
-11.494374,17.874685,BRFSS,292506,,CORAL_NHANES
7.110641,1.6115975,BRFSS,159404,,CORAL_NHANES
3.9853005,5.3587203,BRFSS,277328,,CORAL_NHANES
-0.9353188,14.489403,BRFSS,91545,,CORAL_NHANES
9.907279,-3.755144,BRFSS,375495,,CORAL_NHANES
12.108996,3.0247326,BRFSS,316631,,CORAL_NHANES
-3.5822866,12.771504,BRFSS,194698,,CORAL_NHANES
1.6707404,4.4698133,BRFSS,301495,,CORAL_NHANES
14.836147,9.690233,BRFSS,188701,,CORAL_NHANES
2.9801788,5.504824,BRFSS,373555,,CORAL_NHANES
1.0150913,7.456879,BRFSS,289561,,CORAL_NHANES
-9.356774,3.031418,BRFSS,22381,,CORAL_NHANES
4.7235155,6.7952056,BRFSS,21054,,CORAL_NHANES
12.146825,2.8783271,BRFSS,26956,,CORAL_NHANES
13.977108,11.586207,BRFSS,249868,,CORAL_NHANES
4.9191136,4.8338213,BRFSS,203917,,CORAL_NHANES
14.78075,5.833559,BRFSS,380015,,CORAL_NHANES
3.2981935,5.465795,BRFSS,21672,,CORAL_NHANES
-10.690429,4.580799,BRFSS,65353,,CORAL_NHANES
3.94964,13.008316,BRFSS,218651,,CORAL_NHANES
4.9942627,4.154176,BRFSS,127565,,CORAL_NHANES
-2.066772,14.501614,BRFSS,330906,,CORAL_NHANES
11.907651,0.2712649,BRFSS,227934,,CORAL_NHANES
9.945685,-4.7279606,BRFSS,404985,,CORAL_NHANES
17.36074,6.1177096,BRFSS,385459,,CORAL_NHANES
6.575782,1.2310615,BRFSS,326899,,CORAL_NHANES
15.211928,4.1877065,BRFSS,87543,,CORAL_NHANES
1.2766415,6.105564,BRFSS,339899,,CORAL_NHANES
-8.548203,2.338869,BRFSS,301714,,CORAL_NHANES
1.1235887,-0.61530006,BRFSS,269835,,CORAL_NHANES
-1.1358769,14.548786,BRFSS,376381,,CORAL_NHANES
9.913271,-3.7500606,BRFSS,399115,,CORAL_NHANES
7.6083617,0.9972141,BRFSS,286770,,CORAL_NHANES
-10.198909,17.296124,BRFSS,243981,,CORAL_NHANES
2.1887193,12.710094,BRFSS,427657,,CORAL_NHANES
-12.18782,18.37034,BRFSS,283610,,CORAL_NHANES
1.8112304,7.788831,BRFSS,372419,,CORAL_NHANES
15.721545,0.42885396,BRFSS,448782,,CORAL_NHANES
4.187157,2.0254083,BRFSS,209914,,CORAL_NHANES
4.136207,0.8726834,BRFSS,420255,,CORAL_NHANES
16.03126,1.1099429,BRFSS,444194,,CORAL_NHANES
8.486617,-4.6845975,BRFSS,316264,,CORAL_NHANES
13.987495,10.6812105,BRFSS,213425,,CORAL_NHANES
7.753987,-2.713663,BRFSS,195159,,CORAL_NHANES
9.075401,-4.873307,BRFSS,20591,,CORAL_NHANES
16.039389,4.08645,BRFSS,364258,,CORAL_NHANES
10.69106,-2.956564,BRFSS,345952,,CORAL_NHANES
11.642518,-1.491039,BRFSS,92458,,CORAL_NHANES
3.0995255,2.3346808,BRFSS,195641,,CORAL_NHANES
14.146978,6.703113,BRFSS,51886,,CORAL_NHANES
-9.227463,2.895258,BRFSS,207971,,CORAL_NHANES
-11.253332,17.732103,BRFSS,248174,,CORAL_NHANES
-12.083522,18.286522,BRFSS,128124,,CORAL_NHANES
12.815735,1.273744,BRFSS,443735,,CORAL_NHANES
12.050884,3.1539443,BRFSS,336306,,CORAL_NHANES
14.626261,7.366617,BRFSS,382480,,CORAL_NHANES
12.012932,-0.014923583,BRFSS,257679,,CORAL_NHANES
14.087195,12.141578,BRFSS,103247,,CORAL_NHANES
4.2538843,-1.2309468,BRFSS,309194,,CORAL_NHANES
15.23553,13.150598,BRFSS,34337,,CORAL_NHANES
17.532343,8.671401,BRFSS,354663,,CORAL_NHANES
4.08099,12.459973,BRFSS,243254,,CORAL_NHANES
4.961148,4.8824396,BRFSS,53415,,CORAL_NHANES
17.513212,5.708841,BRFSS,414423,,CORAL_NHANES
2.6240213,5.333684,BRFSS,322648,,CORAL_NHANES
5.4721937,2.082597,BRFSS,77074,,CORAL_NHANES
1.2713739,-0.79599965,BRFSS,233136,,CORAL_NHANES
17.711542,8.364268,BRFSS,318666,,CORAL_NHANES
15.603664,0.5266344,BRFSS,280901,,CORAL_NHANES
-12.12172,18.31479,BRFSS,301925,,CORAL_NHANES
1.0612612,5.250947,BRFSS,408647,,CORAL_NHANES
13.981548,3.6820948,BRFSS,229861,,CORAL_NHANES
3.0294633,13.217937,BRFSS,310599,,CORAL_NHANES
16.187975,10.634728,BRFSS,318470,,CORAL_NHANES
2.390413,1.4542762,BRFSS,181187,,CORAL_NHANES
10.118505,-1.4882656,BRFSS,426204,,CORAL_NHANES
15.163561,5.2671947,BRFSS,341497,,CORAL_NHANES
16.332966,10.8887615,BRFSS,323538,,CORAL_NHANES
2.30848,-0.37322712,BRFSS,109618,,CORAL_NHANES
8.48808,-4.6673956,BRFSS,404470,,CORAL_NHANES
18.252895,1.837076,BRFSS,431031,,CORAL_NHANES
15.351956,6.807414,BRFSS,169626,,CORAL_NHANES
11.871736,0.02316131,BRFSS,244237,,CORAL_NHANES
17.229652,0.04759406,BRFSS,38247,,CORAL_NHANES
3.6645129,11.149224,BRFSS,121876,,CORAL_NHANES
7.354366,-0.5571341,BRFSS,138265,,CORAL_NHANES
-2.8913116,-8.439541,NHANES,2117,Mexican American,CORAL_NHANES
15.096564,10.320266,BRFSS,88187,,CORAL_NHANES
3.6597555,5.329179,BRFSS,208345,,CORAL_NHANES
16.236963,10.415592,BRFSS,248478,,CORAL_NHANES
1.1224779,5.165663,BRFSS,124800,,CORAL_NHANES
14.125573,9.77232,NHANES,9095,Non-Hispanic Black,CORAL_NHANES
3.5014205,5.3162584,BRFSS,320330,,CORAL_NHANES
17.31225,1.3394476,BRFSS,314307,,CORAL_NHANES
12.501089,-1.2709624,BRFSS,96169,,CORAL_NHANES
-10.33592,17.398817,BRFSS,349913,,CORAL_NHANES
-10.29601,17.387457,BRFSS,247924,,CORAL_NHANES
9.663864,-2.209076,BRFSS,213524,,CORAL_NHANES
7.382544,2.5524836,BRFSS,147081,,CORAL_NHANES
17.719503,5.69446,BRFSS,319113,,CORAL_NHANES
7.116621,-0.9280588,BRFSS,304233,,CORAL_NHANES
6.219524,2.4482844,BRFSS,161724,,CORAL_NHANES
-1.7328236,14.653087,BRFSS,183420,,CORAL_NHANES
12.350526,2.9620488,BRFSS,307028,,CORAL_NHANES
-8.4726515,2.3116102,BRFSS,171400,,CORAL_NHANES
4.692405,7.2464385,BRFSS,30472,,CORAL_NHANES
13.125167,9.669108,BRFSS,46141,,CORAL_NHANES
4.4802766,8.713186,BRFSS,193906,,CORAL_NHANES
7.2623463,-0.73289967,BRFSS,245919,,CORAL_NHANES
15.016834,9.337024,BRFSS,148141,,CORAL_NHANES
-12.44012,18.567696,BRFSS,60156,,CORAL_NHANES
15.354249,1.1150304,BRFSS,41533,,CORAL_NHANES
3.9700985,10.417753,BRFSS,222257,,CORAL_NHANES
15.386726,11.855988,BRFSS,422232,,CORAL_NHANES
5.943623,0.5721497,BRFSS,193325,,CORAL_NHANES
16.261057,4.2035913,BRFSS,371426,,CORAL_NHANES
18.137758,0.63235086,BRFSS,176309,,CORAL_NHANES
2.5977633,12.896533,BRFSS,25328,,CORAL_NHANES
5.1511626,1.395844,BRFSS,333839,,CORAL_NHANES
15.123797,9.817358,BRFSS,140905,,CORAL_NHANES
1.3924143,3.9516072,BRFSS,363574,,CORAL_NHANES
6.957505,-1.2885875,BRFSS,88742,,CORAL_NHANES
17.587276,8.052025,BRFSS,380664,,CORAL_NHANES
16.41793,11.6901,BRFSS,17259,,CORAL_NHANES
1.4204568,3.9837277,BRFSS,397178,,CORAL_NHANES
15.067487,10.282257,NHANES,6919,Non-Hispanic Black,CORAL_NHANES
12.531868,-1.3038414,NHANES,7039,Mexican American,CORAL_NHANES
-12.551359,18.659939,BRFSS,56951,,CORAL_NHANES
-7.958137,2.3035004,BRFSS,439860,,CORAL_NHANES
3.9624202,-1.0562248,BRFSS,82482,,CORAL_NHANES
10.738221,-2.60823,BRFSS,228170,,CORAL_NHANES
1.8868366,7.818536,BRFSS,346325,,CORAL_NHANES
15.463782,8.959751,BRFSS,99051,,CORAL_NHANES
2.6156096,3.8720672,BRFSS,441914,,CORAL_NHANES
13.559442,8.394415,BRFSS,214195,,CORAL_NHANES
7.4854083,0.20619024,BRFSS,311807,,CORAL_NHANES
-7.1755686,3.2650936,BRFSS,250819,,CORAL_NHANES
11.637212,-1.0573491,BRFSS,137923,,CORAL_NHANES
17.791462,8.037167,BRFSS,152340,,CORAL_NHANES
5.163655,0.7634117,BRFSS,420466,,CORAL_NHANES
17.548162,6.3912387,BRFSS,65019,,CORAL_NHANES
7.21962,1.1736224,BRFSS,170310,,CORAL_NHANES
-7.98225,2.2868242,BRFSS,337615,,CORAL_NHANES
0.14785956,13.87591,BRFSS,298092,,CORAL_NHANES
13.990423,11.987781,BRFSS,248684,,CORAL_NHANES
3.9134405,10.508256,BRFSS,140258,,CORAL_NHANES
11.132059,-3.8275912,BRFSS,194925,,CORAL_NHANES
17.245634,0.29089147,BRFSS,447011,,CORAL_NHANES
14.938451,5.0896187,BRFSS,288336,,CORAL_NHANES
-13.181178,19.172672,BRFSS,191444,,CORAL_NHANES
12.503502,-1.2960709,BRFSS,445929,,CORAL_NHANES
16.806665,6.9953933,BRFSS,151428,,CORAL_NHANES
12.941359,8.803081,BRFSS,96400,,CORAL_NHANES
4.715399,4.510037,BRFSS,62562,,CORAL_NHANES
2.1737995,8.094508,BRFSS,263174,,CORAL_NHANES
7.1071377,1.6551119,BRFSS,421928,,CORAL_NHANES
7.651786,-3.1179664,BRFSS,66327,,CORAL_NHANES
11.857865,-2.3095162,BRFSS,50898,,CORAL_NHANES
-12.138463,18.328863,BRFSS,28206,,CORAL_NHANES
4.5869393,3.318895,BRFSS,41774,,CORAL_NHANES
-2.370041,14.223569,BRFSS,270428,,CORAL_NHANES
18.214066,2.1960006,BRFSS,189656,,CORAL_NHANES
17.599546,5.71069,BRFSS,104041,,CORAL_NHANES
1.7912673,12.478132,BRFSS,347343,,CORAL_NHANES
14.015465,12.075442,BRFSS,19084,,CORAL_NHANES
16.07838,9.591052,BRFSS,88881,,CORAL_NHANES
17.615927,5.6917253,BRFSS,273227,,CORAL_NHANES
18.095522,2.1169243,BRFSS,187009,,CORAL_NHANES
-0.5982618,14.382028,BRFSS,447223,,CORAL_NHANES
3.9538045,13.0075865,BRFSS,53688,,CORAL_NHANES
3.3288512,2.3890972,BRFSS,444671,,CORAL_NHANES
17.211714,3.9986084,NHANES,3125,Non-Hispanic White,CORAL_NHANES
15.4765835,2.7344186,BRFSS,262901,,CORAL_NHANES
12.406514,2.3228633,BRFSS,153358,,CORAL_NHANES
-10.19988,17.296114,BRFSS,151237,,CORAL_NHANES
13.52603,10.748458,BRFSS,392241,,CORAL_NHANES
17.206535,4.88901,BRFSS,397244,,CORAL_NHANES
13.998808,11.959703,BRFSS,335005,,CORAL_NHANES
12.057267,0.12766753,BRFSS,374229,,CORAL_NHANES
8.419298,-2.8618608,BRFSS,128169,,CORAL_NHANES
15.197035,5.5250072,BRFSS,340959,,CORAL_NHANES
15.299918,2.0422308,BRFSS,18416,,CORAL_NHANES
-2.985427,-8.533674,NHANES,3967,Other Race,CORAL_NHANES
9.998027,-4.693511,BRFSS,243589,,CORAL_NHANES
15.26661,5.242109,BRFSS,126901,,CORAL_NHANES
-8.859285,2.5555615,BRFSS,63274,,CORAL_NHANES
4.721098,6.7226157,BRFSS,119283,,CORAL_NHANES
4.7102413,3.2798164,BRFSS,210203,,CORAL_NHANES
17.188356,7.9603844,BRFSS,66960,,CORAL_NHANES
7.923276,-1.501084,BRFSS,146456,,CORAL_NHANES
0.2429736,5.3500824,BRFSS,60947,,CORAL_NHANES
5.1299367,0.6954205,BRFSS,170243,,CORAL_NHANES
8.664211,-1.9801983,BRFSS,16288,,CORAL_NHANES
10.751999,-2.7056308,BRFSS,366297,,CORAL_NHANES
16.361698,8.176137,BRFSS,59962,,CORAL_NHANES
15.052882,9.359634,BRFSS,361580,,CORAL_NHANES
13.60027,9.623478,BRFSS,69301,,CORAL_NHANES
-1.7553828,14.648256,BRFSS,448982,,CORAL_NHANES
17.64999,6.363777,BRFSS,97566,,CORAL_NHANES
1.6187494,-0.43292588,BRFSS,203317,,CORAL_NHANES
7.8192024,-1.0894628,BRFSS,39210,,CORAL_NHANES
3.7174692,5.3210735,BRFSS,284263,,CORAL_NHANES
0.427415,6.8045526,BRFSS,63163,,CORAL_NHANES
6.9561048,1.0717252,BRFSS,322968,,CORAL_NHANES
10.617055,-3.9485388,BRFSS,211002,,CORAL_NHANES
-7.1037803,4.441308,BRFSS,439566,,CORAL_NHANES
17.06161,9.828669,BRFSS,99414,,CORAL_NHANES
17.010296,5.2525525,BRFSS,211418,,CORAL_NHANES
2.9940019,5.6471806,BRFSS,378223,,CORAL_NHANES
13.013693,1.2752532,BRFSS,249802,,CORAL_NHANES
4.468594,8.771068,BRFSS,259523,,CORAL_NHANES
-1.1564244,14.550225,BRFSS,305268,,CORAL_NHANES
-7.633404,2.5611193,BRFSS,263295,,CORAL_NHANES
16.074347,10.722662,BRFSS,301476,,CORAL_NHANES
0.006616129,6.565356,BRFSS,263372,,CORAL_NHANES
6.7274933,2.0908816,BRFSS,284875,,CORAL_NHANES
1.6358095,7.7392716,BRFSS,205364,,CORAL_NHANES
12.898807,-2.2384095,BRFSS,433610,,CORAL_NHANES
11.634049,3.1654978,BRFSS,135162,,CORAL_NHANES
4.589903,7.937232,BRFSS,207053,,CORAL_NHANES
16.49684,11.53705,BRFSS,32018,,CORAL_NHANES
12.880204,9.406642,BRFSS,413554,,CORAL_NHANES
6.832307,1.9658176,BRFSS,144960,,CORAL_NHANES
17.48898,0.3085524,BRFSS,252003,,CORAL_NHANES
3.7548263,5.318258,BRFSS,336377,,CORAL_NHANES
10.649634,-3.077478,BRFSS,280567,,CORAL_NHANES
5.0175,3.7716384,BRFSS,159116,,CORAL_NHANES
13.612067,2.2996814,BRFSS,259014,,CORAL_NHANES
11.736611,0.83588713,BRFSS,209913,,CORAL_NHANES
-3.5324597,12.839669,BRFSS,416974,,CORAL_NHANES
16.514893,1.9664634,BRFSS,203396,,CORAL_NHANES
17.976542,2.037865,BRFSS,209175,,CORAL_NHANES
15.592124,5.48933,BRFSS,423351,,CORAL_NHANES
15.320378,12.193696,BRFSS,444457,,CORAL_NHANES
16.938063,4.4829993,BRFSS,43546,,CORAL_NHANES
8.147022,-3.4732776,BRFSS,155758,,CORAL_NHANES
10.649903,-3.1089854,BRFSS,86723,,CORAL_NHANES
2.799379,3.7480392,BRFSS,181534,,CORAL_NHANES
1.239136,0.07146817,BRFSS,296176,,CORAL_NHANES
16.472788,8.253556,BRFSS,174703,,CORAL_NHANES
13.602159,8.394054,BRFSS,263488,,CORAL_NHANES
17.435083,4.0357304,BRFSS,320060,,CORAL_NHANES
5.0184073,3.493264,BRFSS,364619,,CORAL_NHANES
7.3742347,2.551074,BRFSS,418872,,CORAL_NHANES
-0.015360966,7.1605577,BRFSS,189375,,CORAL_NHANES
-7.3743224,2.922215,BRFSS,147775,,CORAL_NHANES
3.1248581,0.06590259,BRFSS,383054,,CORAL_NHANES
14.924251,5.6321964,BRFSS,232969,,CORAL_NHANES
14.056092,3.460924,NHANES,7558,Non-Hispanic White,CORAL_NHANES
15.085785,2.9113708,BRFSS,107008,,CORAL_NHANES
7.468522,-0.07093117,BRFSS,281135,,CORAL_NHANES
5.818683,2.59149,BRFSS,426963,,CORAL_NHANES
17.125954,2.2759829,BRFSS,112234,,CORAL_NHANES
11.655284,-1.4563787,BRFSS,402173,,CORAL_NHANES
17.526947,4.055929,BRFSS,19193,,CORAL_NHANES
11.041154,-3.3958666,BRFSS,270772,,CORAL_NHANES
14.862064,9.910134,BRFSS,275430,,CORAL_NHANES
12.535559,-1.061869,BRFSS,338966,,CORAL_NHANES
8.161044,-3.4563901,BRFSS,242447,,CORAL_NHANES
15.990619,9.832005,BRFSS,139790,,CORAL_NHANES
-7.259933,4.868008,BRFSS,229292,,CORAL_NHANES
16.404202,1.9500781,BRFSS,59883,,CORAL_NHANES
11.734416,2.7605507,BRFSS,152199,,CORAL_NHANES
15.539034,5.4850545,BRFSS,381724,,CORAL_NHANES
13.575584,9.517196,BRFSS,280572,,CORAL_NHANES
5.3925667,2.3826022,BRFSS,145379,,CORAL_NHANES
-9.577101,3.262184,BRFSS,152050,,CORAL_NHANES
17.850746,6.136685,BRFSS,20156,,CORAL_NHANES
