umap_x,umap_y,domain,sample_idx,protected,method
8.97325,12.794161,BRFSS,335056,,CORAL_BRFSS
7.6632395,11.827664,BRFSS,255315,,CORAL_BRFSS
6.1145883,7.084125,BRFSS,248056,,CORAL_BRFSS
10.43152,3.053862,BRFSS,415816,,CORAL_BRFSS
7.2440186,7.0088673,BRFSS,203674,,CORAL_BRFSS
10.282731,11.917397,BRFSS,291932,,CORAL_BRFSS
-3.4538705,1.05994,BRFSS,378871,,CORAL_BRFSS
14.074632,5.776549,BRFSS,188649,,CORAL_BRFSS
6.1597686,11.8493,BRFSS,415527,,CORAL_BRFSS
9.498718,11.903415,BRFSS,431109,,CORAL_BRFSS
10.524403,9.350397,BRFSS,91210,,CORAL_BRFSS
4.288088,13.333471,BRFSS,308636,,CORAL_BRFSS
-4.850038,6.182309,BRFSS,295471,,CORAL_BRFSS
13.659408,7.4523363,BRFSS,70711,,CORAL_BRFSS
-1.3384701,11.348824,BRFSS,90320,,CORAL_BRFSS
-3.8664958,4.3083415,BRFSS,388151,,CORAL_BRFSS
6.401586,8.464251,BRFSS,122174,,CORAL_BRFSS
-3.4812891,1.0350795,BRFSS,390750,,CORAL_BRFSS
-0.5815417,11.827923,BRFSS,238060,,CORAL_BRFSS
19.685146,0.55994165,BRFSS,298081,,CORAL_BRFSS
12.969006,7.393876,BRFSS,142654,,CORAL_BRFSS
3.9046822,10.983787,BRFSS,94604,,CORAL_BRFSS
9.027812,13.441458,BRFSS,297425,,CORAL_BRFSS
6.6205673,11.048065,BRFSS,327566,,CORAL_BRFSS
-4.0375967,1.8832186,BRFSS,387897,,CORAL_BRFSS
8.599075,13.72593,BRFSS,361343,,CORAL_BRFSS
15.059115,5.266167,BRFSS,375365,,CORAL_BRFSS
9.588009,6.3241677,BRFSS,343980,,CORAL_BRFSS
-0.8033849,10.760304,BRFSS,142103,,CORAL_BRFSS
19.720726,0.5756823,BRFSS,151303,,CORAL_BRFSS
7.343878,8.191265,BRFSS,220879,,CORAL_BRFSS
13.104559,7.0199466,BRFSS,11744,,CORAL_BRFSS
-2.748374,9.591194,BRFSS,101683,,CORAL_BRFSS
10.462887,10.8941765,BRFSS,230691,,CORAL_BRFSS
14.879007,0.39658102,BRFSS,109179,,CORAL_BRFSS
2.7473397,8.119082,BRFSS,33227,,CORAL_BRFSS
6.8410444,11.748775,BRFSS,34895,,CORAL_BRFSS
-1.3748381,10.706383,BRFSS,23023,,CORAL_BRFSS
-2.7042072,10.717835,BRFSS,397903,,CORAL_BRFSS
2.2477572,8.821,BRFSS,124699,,CORAL_BRFSS
-1.3720402,10.004823,BRFSS,363767,,CORAL_BRFSS
7.252769,7.9507556,NHANES,7487,Non-Hispanic Black,CORAL_BRFSS
0.1767937,7.143785,BRFSS,341673,,CORAL_BRFSS
2.5811272,7.3011355,BRFSS,183314,,CORAL_BRFSS
13.313392,3.21165,BRFSS,237772,,CORAL_BRFSS
7.7331586,11.958917,BRFSS,378354,,CORAL_BRFSS
9.64281,4.6992025,BRFSS,80507,,CORAL_BRFSS
-3.009634,2.5059192,BRFSS,124159,,CORAL_BRFSS
-1.9530082,2.5961142,BRFSS,338705,,CORAL_BRFSS
13.62077,2.665451,BRFSS,308892,,CORAL_BRFSS
-2.9538517,3.4979439,BRFSS,397688,,CORAL_BRFSS
16.07599,1.5854559,BRFSS,340806,,CORAL_BRFSS
-2.1248572,8.281747,BRFSS,54978,,CORAL_BRFSS
-3.1943805,4.880844,BRFSS,56996,,CORAL_BRFSS
-7.076777,-19.534958,BRFSS,392380,,CORAL_BRFSS
-1.8104641,11.94734,BRFSS,437141,,CORAL_BRFSS
10.295433,2.863262,BRFSS,73315,,CORAL_BRFSS
11.151445,11.046823,BRFSS,434108,,CORAL_BRFSS
-2.5976877,9.407519,BRFSS,276798,,CORAL_BRFSS
10.3463745,3.8869493,BRFSS,353474,,CORAL_BRFSS
10.3744955,4.5734906,BRFSS,193463,,CORAL_BRFSS
3.6142607,10.881971,BRFSS,361936,,CORAL_BRFSS
-0.44048434,10.547095,BRFSS,314089,,CORAL_BRFSS
12.869573,4.499101,BRFSS,226252,,CORAL_BRFSS
-2.479007,11.131769,BRFSS,9912,,CORAL_BRFSS
15.63632,2.0354009,BRFSS,65981,,CORAL_BRFSS
-2.6648202,11.078579,BRFSS,243470,,CORAL_BRFSS
4.130317,12.996077,BRFSS,110325,,CORAL_BRFSS
3.9825668,8.110737,BRFSS,246026,,CORAL_BRFSS
11.00388,8.187588,BRFSS,331005,,CORAL_BRFSS
1.6114025,-13.21981,BRFSS,120133,,CORAL_BRFSS
2.0105627,7.161081,BRFSS,402641,,CORAL_BRFSS
12.156131,6.6134953,BRFSS,95011,,CORAL_BRFSS
7.159592,15.012224,BRFSS,152833,,CORAL_BRFSS
-2.7098627,7.878304,BRFSS,389223,,CORAL_BRFSS
9.782494,9.100048,BRFSS,407849,,CORAL_BRFSS
6.515047,14.118016,BRFSS,338595,,CORAL_BRFSS
2.230526,11.088637,BRFSS,28409,,CORAL_BRFSS
8.1490965,7.587744,BRFSS,185036,,CORAL_BRFSS
-2.8819056,8.545521,BRFSS,406161,,CORAL_BRFSS
13.773418,7.401996,BRFSS,84233,,CORAL_BRFSS
-2.982924,8.709118,BRFSS,239993,,CORAL_BRFSS
0.7094188,8.952948,BRFSS,170556,,CORAL_BRFSS
4.8220196,-6.920461,BRFSS,184950,,CORAL_BRFSS
14.913097,0.4289862,BRFSS,314852,,CORAL_BRFSS
9.304142,13.420217,BRFSS,29313,,CORAL_BRFSS
12.50473,4.9826865,BRFSS,375818,,CORAL_BRFSS
10.135396,11.382743,BRFSS,200437,,CORAL_BRFSS
8.709203,10.748769,BRFSS,144508,,CORAL_BRFSS
11.043899,8.173687,BRFSS,50507,,CORAL_BRFSS
-3.904906,2.196314,BRFSS,360526,,CORAL_BRFSS
10.334505,10.640838,BRFSS,417317,,CORAL_BRFSS
6.0905,13.544495,BRFSS,351267,,CORAL_BRFSS
2.2253883,9.853936,BRFSS,64414,,CORAL_BRFSS
-4.2251916,7.12304,BRFSS,74957,,CORAL_BRFSS
-4.001884,2.542012,BRFSS,341526,,CORAL_BRFSS
9.559967,6.8683677,BRFSS,99983,,CORAL_BRFSS
-2.54742,0.98070353,BRFSS,20895,,CORAL_BRFSS
8.399363,11.809432,BRFSS,371061,,CORAL_BRFSS
4.337882,13.413461,BRFSS,312333,,CORAL_BRFSS
-3.0609152,9.983158,BRFSS,211827,,CORAL_BRFSS
-4.4916263,6.0931053,BRFSS,152942,,CORAL_BRFSS
14.624423,4.50094,BRFSS,12771,,CORAL_BRFSS
2.8774695,8.824017,BRFSS,443384,,CORAL_BRFSS
11.496054,5.2948976,BRFSS,102505,,CORAL_BRFSS
-2.8395808,2.5904944,BRFSS,317382,,CORAL_BRFSS
3.6598651,-6.787954,BRFSS,282636,,CORAL_BRFSS
-3.556494,-14.534957,BRFSS,248965,,CORAL_BRFSS
-3.8981085,-14.191457,BRFSS,190718,,CORAL_BRFSS
16.024317,1.3811401,BRFSS,131134,,CORAL_BRFSS
0.05135517,12.36584,BRFSS,440653,,CORAL_BRFSS
-4.782036,4.1043425,BRFSS,369032,,CORAL_BRFSS
15.394937,0.8505117,BRFSS,18580,,CORAL_BRFSS
-6.3571014,-18.304243,BRFSS,334557,,CORAL_BRFSS
0.71517223,8.461821,BRFSS,204340,,CORAL_BRFSS
7.713203,5.7023687,BRFSS,278169,,CORAL_BRFSS
-1.9138403,2.633367,BRFSS,445177,,CORAL_BRFSS
-3.7900693,6.763413,BRFSS,188426,,CORAL_BRFSS
-4.6786966,3.26098,BRFSS,363406,,CORAL_BRFSS
-3.9000332,6.1503835,BRFSS,56232,,CORAL_BRFSS
-6.4249682,-18.374945,BRFSS,412604,,CORAL_BRFSS
5.943347,6.422199,BRFSS,214928,,CORAL_BRFSS
-2.7648294,9.16217,BRFSS,405199,,CORAL_BRFSS
-1.865202,11.9419155,BRFSS,344368,,CORAL_BRFSS
4.117205,12.961917,BRFSS,170855,,CORAL_BRFSS
15.746007,1.9380938,BRFSS,304808,,CORAL_BRFSS
1.4141656,11.231271,BRFSS,63978,,CORAL_BRFSS
9.790469,3.1268034,BRFSS,135444,,CORAL_BRFSS
9.261988,3.845477,BRFSS,410566,,CORAL_BRFSS
12.665049,6.9023323,BRFSS,370396,,CORAL_BRFSS
-3.696981,7.22479,BRFSS,65660,,CORAL_BRFSS
14.960852,4.66632,BRFSS,262531,,CORAL_BRFSS
-4.342501,-13.68169,BRFSS,383324,,CORAL_BRFSS
-0.78350544,13.151014,BRFSS,313665,,CORAL_BRFSS
12.3735485,5.8757014,BRFSS,163953,,CORAL_BRFSS
13.640214,2.6389074,BRFSS,180468,,CORAL_BRFSS
9.305606,3.7033024,BRFSS,357596,,CORAL_BRFSS
10.351693,10.631739,BRFSS,366314,,CORAL_BRFSS
-2.9145808,0.8423246,BRFSS,200196,,CORAL_BRFSS
2.7687917,12.930776,BRFSS,112666,,CORAL_BRFSS
-1.6091697,6.780672,BRFSS,331779,,CORAL_BRFSS
-3.8214514,2.2687297,BRFSS,275471,,CORAL_BRFSS
9.28111,3.8105557,BRFSS,31620,,CORAL_BRFSS
3.803838,-6.681688,BRFSS,97860,,CORAL_BRFSS
-3.3500495,6.5477123,BRFSS,80202,,CORAL_BRFSS
-3.796007,-14.30819,BRFSS,205233,,CORAL_BRFSS
9.327575,3.6597357,BRFSS,297499,,CORAL_BRFSS
8.503415,12.364111,BRFSS,240879,,CORAL_BRFSS
-2.961632,8.980545,BRFSS,376470,,CORAL_BRFSS
9.726483,6.381381,BRFSS,352384,,CORAL_BRFSS
-1.3616745,9.803118,BRFSS,194615,,CORAL_BRFSS
-2.7069457,-14.671092,BRFSS,11379,,CORAL_BRFSS
-6.7211366,-19.996347,BRFSS,122126,,CORAL_BRFSS
-1.7979658,3.9281833,BRFSS,342381,,CORAL_BRFSS
5.820478,12.310144,BRFSS,185710,,CORAL_BRFSS
13.988817,5.340798,BRFSS,26001,,CORAL_BRFSS
1.9180855,6.82721,BRFSS,122796,,CORAL_BRFSS
5.584014,13.523046,BRFSS,114767,,CORAL_BRFSS
7.15814,10.893239,BRFSS,250347,,CORAL_BRFSS
7.1430635,6.247716,BRFSS,340512,,CORAL_BRFSS
14.508878,6.018678,BRFSS,99512,,CORAL_BRFSS
2.2482622,8.783859,BRFSS,40654,,CORAL_BRFSS
15.554445,0.9225619,BRFSS,404956,,CORAL_BRFSS
7.912884,12.136277,NHANES,3235,Non-Hispanic Black,CORAL_BRFSS
-4.676278,3.2425923,BRFSS,68319,,CORAL_BRFSS
3.0879407,10.8842945,NHANES,8197,Non-Hispanic White,CORAL_BRFSS
-0.2445152,6.2108774,BRFSS,134635,,CORAL_BRFSS
9.846038,12.943904,BRFSS,78371,,CORAL_BRFSS
6.017004,7.382197,BRFSS,85066,,CORAL_BRFSS
8.568933,13.842825,BRFSS,163074,,CORAL_BRFSS
4.047775,7.94607,BRFSS,127188,,CORAL_BRFSS
-2.7635517,-14.680049,BRFSS,258685,,CORAL_BRFSS
15.361788,0.83120084,BRFSS,239951,,CORAL_BRFSS
-3.4677978,1.062744,BRFSS,292301,,CORAL_BRFSS
6.8863173,8.464728,BRFSS,202100,,CORAL_BRFSS
5.8624444,14.079527,BRFSS,80637,,CORAL_BRFSS
-4.679271,-13.305216,BRFSS,332138,,CORAL_BRFSS
-4.5728083,4.734671,BRFSS,145107,,CORAL_BRFSS
11.337913,5.238061,BRFSS,322016,,CORAL_BRFSS
-2.2540238,8.021673,BRFSS,368831,,CORAL_BRFSS
14.175292,5.065975,BRFSS,402901,,CORAL_BRFSS
3.6654677,7.345407,BRFSS,402711,,CORAL_BRFSS
-5.163901,7.2029753,BRFSS,343342,,CORAL_BRFSS
7.3521485,6.2015204,BRFSS,118879,,CORAL_BRFSS
10.6561165,4.3169527,BRFSS,372898,,CORAL_BRFSS
10.040517,8.645559,BRFSS,79553,,CORAL_BRFSS
5.531253,13.445779,BRFSS,366288,,CORAL_BRFSS
4.846668,13.845243,BRFSS,332067,,CORAL_BRFSS
5.475723,12.587562,BRFSS,125348,,CORAL_BRFSS
13.679535,4.3697686,BRFSS,262302,,CORAL_BRFSS
11.099215,11.372047,BRFSS,63214,,CORAL_BRFSS
11.6548,7.9800525,BRFSS,40983,,CORAL_BRFSS
0.1657949,7.3718467,BRFSS,331294,,CORAL_BRFSS
9.408536,6.4703894,BRFSS,373168,,CORAL_BRFSS
3.5513127,8.680291,BRFSS,222144,,CORAL_BRFSS
-2.3826125,10.07219,BRFSS,89692,,CORAL_BRFSS
-3.4867017,0.4576708,BRFSS,155008,,CORAL_BRFSS
4.547067,13.674916,BRFSS,205227,,CORAL_BRFSS
-6.781692,-19.94104,BRFSS,418276,,CORAL_BRFSS
-2.8570817,9.402042,BRFSS,304367,,CORAL_BRFSS
6.6360655,12.263407,BRFSS,67757,,CORAL_BRFSS
8.47083,12.288195,BRFSS,228971,,CORAL_BRFSS
-3.66934,2.730118,BRFSS,214945,,CORAL_BRFSS
11.029201,10.473104,BRFSS,64182,,CORAL_BRFSS
5.4466105,7.9318175,BRFSS,244479,,CORAL_BRFSS
9.941874,13.066188,BRFSS,86429,,CORAL_BRFSS
-4.68814,4.1581078,BRFSS,330137,,CORAL_BRFSS
-0.7859561,10.7536745,BRFSS,59742,,CORAL_BRFSS
7.200296,11.008269,BRFSS,172725,,CORAL_BRFSS
7.6253786,6.370993,BRFSS,234148,,CORAL_BRFSS
12.465226,3.8208497,BRFSS,193867,,CORAL_BRFSS
1.5598911,-13.241531,BRFSS,367157,,CORAL_BRFSS
-0.27794376,7.210676,BRFSS,27810,,CORAL_BRFSS
-5.1313853,5.8459244,BRFSS,306203,,CORAL_BRFSS
12.970782,7.387782,BRFSS,127026,,CORAL_BRFSS
5.7020707,11.328796,BRFSS,56039,,CORAL_BRFSS
-6.925024,-18.96624,BRFSS,162545,,CORAL_BRFSS
-7.0189767,-19.105515,BRFSS,162962,,CORAL_BRFSS
1.3667506,7.359411,BRFSS,109673,,CORAL_BRFSS
5.52559,6.847366,BRFSS,129105,,CORAL_BRFSS
8.677266,10.728925,BRFSS,170134,,CORAL_BRFSS
9.9681835,-9.261986,NHANES,3408,Non-Hispanic White,CORAL_BRFSS
2.8526287,8.75983,BRFSS,413583,,CORAL_BRFSS
7.6300874,11.667636,BRFSS,99925,,CORAL_BRFSS
-3.209209,4.869204,BRFSS,215097,,CORAL_BRFSS
-7.103682,-19.456245,BRFSS,240974,,CORAL_BRFSS
12.638163,7.4759297,BRFSS,224051,,CORAL_BRFSS
1.325573,11.427922,BRFSS,83242,,CORAL_BRFSS
17.816313,4.4172287,BRFSS,121681,,CORAL_BRFSS
6.6294293,8.566149,BRFSS,317896,,CORAL_BRFSS
6.521275,8.545903,BRFSS,156741,,CORAL_BRFSS
6.0981784,12.604283,BRFSS,58050,,CORAL_BRFSS
-3.2856293,-0.157406,BRFSS,387798,,CORAL_BRFSS
0.23410182,7.3355484,BRFSS,112219,,CORAL_BRFSS
-0.66499805,5.884216,BRFSS,41770,,CORAL_BRFSS
-2.2167282,10.237284,BRFSS,177412,,CORAL_BRFSS
-2.1822014,11.612322,BRFSS,21567,,CORAL_BRFSS
13.350088,6.996969,BRFSS,219333,,CORAL_BRFSS
6.663815,12.282264,BRFSS,359638,,CORAL_BRFSS
9.783284,10.793791,BRFSS,304588,,CORAL_BRFSS
7.374188,8.29063,BRFSS,175469,,CORAL_BRFSS
8.835866,10.812438,BRFSS,134926,,CORAL_BRFSS
0.6937617,9.57638,BRFSS,101052,,CORAL_BRFSS
8.005233,7.481705,BRFSS,221798,,CORAL_BRFSS
9.355405,3.6211977,BRFSS,110089,,CORAL_BRFSS
4.5037956,-6.7273107,BRFSS,88233,,CORAL_BRFSS
-6.361882,-18.309187,BRFSS,119650,,CORAL_BRFSS
8.8360815,6.602563,BRFSS,390284,,CORAL_BRFSS
-2.5010118,11.199121,BRFSS,84363,,CORAL_BRFSS
7.982427,7.4880548,BRFSS,398649,,CORAL_BRFSS
-3.992748,4.2763963,BRFSS,254530,,CORAL_BRFSS
-5.005212,4.7545376,BRFSS,343597,,CORAL_BRFSS
-0.1334852,6.2640004,BRFSS,155748,,CORAL_BRFSS
-0.38474312,7.1932774,BRFSS,381376,,CORAL_BRFSS
-4.0467005,4.5688906,BRFSS,325412,,CORAL_BRFSS
9.973904,-9.267683,NHANES,914,Mexican American,CORAL_BRFSS
8.900986,7.2796383,BRFSS,314117,,CORAL_BRFSS
-1.0421175,11.751209,BRFSS,153613,,CORAL_BRFSS
11.060736,10.468235,BRFSS,190339,,CORAL_BRFSS
13.457201,4.73237,BRFSS,230764,,CORAL_BRFSS
-5.122373,7.0663815,BRFSS,64010,,CORAL_BRFSS
3.6062834,10.869378,BRFSS,272372,,CORAL_BRFSS
13.173315,7.411211,BRFSS,153032,,CORAL_BRFSS
7.1118684,14.937789,BRFSS,151215,,CORAL_BRFSS
5.388911,6.7217536,BRFSS,198645,,CORAL_BRFSS
-1.8473494,11.965964,BRFSS,134994,,CORAL_BRFSS
14.632108,4.5002513,BRFSS,116114,,CORAL_BRFSS
9.832065,13.175743,BRFSS,338566,,CORAL_BRFSS
-2.3730261,10.018712,BRFSS,262468,,CORAL_BRFSS
-1.4735594,9.868813,BRFSS,209018,,CORAL_BRFSS
-2.341339,4.314246,BRFSS,68663,,CORAL_BRFSS
8.743094,12.706708,BRFSS,137138,,CORAL_BRFSS
10.393538,3.9965794,BRFSS,437303,,CORAL_BRFSS
11.47246,5.274283,BRFSS,171919,,CORAL_BRFSS
17.47249,4.1900873,BRFSS,419757,,CORAL_BRFSS
-4.856453,5.7743754,BRFSS,200051,,CORAL_BRFSS
-2.9067314,3.118277,BRFSS,293778,,CORAL_BRFSS
10.602852,9.496243,BRFSS,284818,,CORAL_BRFSS
-3.69814,5.193431,BRFSS,191895,,CORAL_BRFSS
12.158098,3.997489,BRFSS,55352,,CORAL_BRFSS
8.871684,6.7169795,BRFSS,70452,,CORAL_BRFSS
1.8624275,6.7059994,BRFSS,244905,,CORAL_BRFSS
8.934907,10.927331,BRFSS,215722,,CORAL_BRFSS
6.848576,14.479996,BRFSS,427510,,CORAL_BRFSS
-2.5360663,4.202003,BRFSS,409012,,CORAL_BRFSS
8.660546,12.71921,BRFSS,167603,,CORAL_BRFSS
5.704313,11.407792,BRFSS,387186,,CORAL_BRFSS
6.924226,13.911092,BRFSS,359985,,CORAL_BRFSS
19.981497,0.5468357,BRFSS,266939,,CORAL_BRFSS
-2.1098716,5.1523104,BRFSS,190301,,CORAL_BRFSS
-2.6156604,-14.626892,BRFSS,285314,,CORAL_BRFSS
7.5158334,11.440152,BRFSS,167921,,CORAL_BRFSS
-4.580036,2.9937067,BRFSS,291947,,CORAL_BRFSS
12.611339,5.044011,BRFSS,296890,,CORAL_BRFSS
10.539461,11.937204,BRFSS,413214,,CORAL_BRFSS
20.033249,0.5307022,BRFSS,131708,,CORAL_BRFSS
-3.508021,2.4179673,BRFSS,397744,,CORAL_BRFSS
0.084708124,8.407425,BRFSS,238071,,CORAL_BRFSS
5.838857,-17.017887,BRFSS,217392,,CORAL_BRFSS
8.149745,11.181607,BRFSS,28756,,CORAL_BRFSS
-3.245252,4.5291805,BRFSS,361037,,CORAL_BRFSS
7.2197037,6.7281427,BRFSS,181572,,CORAL_BRFSS
8.027263,7.497042,BRFSS,324202,,CORAL_BRFSS
-2.01397,2.6414433,BRFSS,330950,,CORAL_BRFSS
-0.42384717,13.134769,BRFSS,241116,,CORAL_BRFSS
-0.3641587,13.087685,BRFSS,91764,,CORAL_BRFSS
-7.107961,-19.37522,BRFSS,415132,,CORAL_BRFSS
-0.30600905,12.60858,BRFSS,354787,,CORAL_BRFSS
16.192703,-1.9716947,BRFSS,172293,,CORAL_BRFSS
13.930816,7.3393097,BRFSS,145956,,CORAL_BRFSS
9.298996,11.359721,BRFSS,411772,,CORAL_BRFSS
4.8203444,-6.920147,BRFSS,28496,,CORAL_BRFSS
-3.7738824,6.7624516,BRFSS,56475,,CORAL_BRFSS
15.913089,1.1220692,BRFSS,241403,,CORAL_BRFSS
20.09448,0.51732755,BRFSS,357783,,CORAL_BRFSS
-4.643922,3.8401058,BRFSS,409178,,CORAL_BRFSS
-0.28470373,7.159692,BRFSS,183958,,CORAL_BRFSS
14.562621,1.7076724,BRFSS,372350,,CORAL_BRFSS
9.309411,11.371136,BRFSS,413007,,CORAL_BRFSS
7.422985,10.790973,BRFSS,32105,,CORAL_BRFSS
8.14339,14.086338,BRFSS,312746,,CORAL_BRFSS
5.7942557,11.453103,BRFSS,130653,,CORAL_BRFSS
13.91271,3.9176126,BRFSS,134222,,CORAL_BRFSS
14.475205,1.6134379,BRFSS,153355,,CORAL_BRFSS
-3.7834828,-14.320449,BRFSS,144303,,CORAL_BRFSS
7.47122,7.0455194,BRFSS,226248,,CORAL_BRFSS
7.172598,15.038207,BRFSS,148921,,CORAL_BRFSS
-4.635987,-13.354006,BRFSS,150485,,CORAL_BRFSS
-3.4718668,2.2940094,BRFSS,33354,,CORAL_BRFSS
9.966651,6.2537,BRFSS,238479,,CORAL_BRFSS
-3.5263343,-14.558532,BRFSS,259097,,CORAL_BRFSS
-2.5666766,9.369291,BRFSS,258044,,CORAL_BRFSS
7.6467414,7.236069,BRFSS,327515,,CORAL_BRFSS
13.189454,7.4236403,BRFSS,69166,,CORAL_BRFSS
1.883788,6.86189,BRFSS,272017,,CORAL_BRFSS
3.076075,6.8685355,BRFSS,380294,,CORAL_BRFSS
0.27965012,8.179029,BRFSS,409920,,CORAL_BRFSS
-1.587971,3.2834241,BRFSS,407253,,CORAL_BRFSS
8.757747,12.714012,BRFSS,407477,,CORAL_BRFSS
-3.9001224,4.320275,BRFSS,42973,,CORAL_BRFSS
0.56426823,10.631941,BRFSS,160871,,CORAL_BRFSS
10.215914,5.0283666,BRFSS,323456,,CORAL_BRFSS
0.9360177,9.506393,BRFSS,298794,,CORAL_BRFSS
8.923368,7.28851,BRFSS,320777,,CORAL_BRFSS
-2.9817708,8.727318,BRFSS,389680,,CORAL_BRFSS
-2.6360362,11.086888,BRFSS,328313,,CORAL_BRFSS
2.4536872,8.993659,BRFSS,69829,,CORAL_BRFSS
4.4479585,13.566249,BRFSS,151581,,CORAL_BRFSS
-4.102902,4.58933,BRFSS,423462,,CORAL_BRFSS
14.755902,5.978664,BRFSS,135337,,CORAL_BRFSS
7.852188,5.5532694,BRFSS,64777,,CORAL_BRFSS
-1.8280679,4.315832,BRFSS,93681,,CORAL_BRFSS
-3.1449454,7.7003493,BRFSS,109335,,CORAL_BRFSS
10.562602,3.657191,BRFSS,65513,,CORAL_BRFSS
3.5959644,10.849333,BRFSS,254898,,CORAL_BRFSS
14.600873,6.862849,BRFSS,234130,,CORAL_BRFSS
4.6613674,11.513369,BRFSS,40892,,CORAL_BRFSS
-2.7749925,9.129081,BRFSS,14864,,CORAL_BRFSS
8.136194,14.096637,BRFSS,260698,,CORAL_BRFSS
9.371035,10.448429,BRFSS,345318,,CORAL_BRFSS
9.834099,13.173065,BRFSS,62856,,CORAL_BRFSS
9.26431,4.732471,BRFSS,199047,,CORAL_BRFSS
5.156687,11.3974495,BRFSS,206046,,CORAL_BRFSS
13.775574,0.5661019,BRFSS,237178,,CORAL_BRFSS
-6.81971,-18.797604,BRFSS,328388,,CORAL_BRFSS
2.202142,9.875896,BRFSS,274841,,CORAL_BRFSS
2.8171816,10.736574,BRFSS,192948,,CORAL_BRFSS
-2.9272814,3.1319807,BRFSS,401347,,CORAL_BRFSS
-1.2822022,9.916734,BRFSS,333536,,CORAL_BRFSS
8.577788,13.668741,BRFSS,403479,,CORAL_BRFSS
8.192482,14.097128,BRFSS,248180,,CORAL_BRFSS
10.238674,-9.53226,NHANES,3925,Non-Hispanic White,CORAL_BRFSS
14.007995,7.1066556,BRFSS,92662,,CORAL_BRFSS
-4.6576233,-13.326456,BRFSS,366607,,CORAL_BRFSS
14.96938,5.571653,BRFSS,199112,,CORAL_BRFSS
16.105103,1.5465361,BRFSS,99054,,CORAL_BRFSS
-2.3643045,0.7669654,BRFSS,96636,,CORAL_BRFSS
10.657303,12.330663,BRFSS,310362,,CORAL_BRFSS
2.8432012,8.750819,BRFSS,51724,,CORAL_BRFSS
-0.26312852,6.100039,BRFSS,306247,,CORAL_BRFSS
0.24160926,10.477419,BRFSS,423031,,CORAL_BRFSS
14.159052,6.257627,BRFSS,340044,,CORAL_BRFSS
10.49244,2.7933824,BRFSS,357236,,CORAL_BRFSS
-4.7274437,3.7358696,BRFSS,298338,,CORAL_BRFSS
-2.872177,0.91352576,BRFSS,231367,,CORAL_BRFSS
8.541786,12.426084,BRFSS,272617,,CORAL_BRFSS
9.198941,12.960063,BRFSS,114694,,CORAL_BRFSS
-0.532554,13.015396,BRFSS,333296,,CORAL_BRFSS
2.0994356,-12.981488,BRFSS,38414,,CORAL_BRFSS
7.1491175,14.811718,BRFSS,88722,,CORAL_BRFSS
-2.9639957,0.7970229,BRFSS,408434,,CORAL_BRFSS
-1.9702355,8.849779,BRFSS,169174,,CORAL_BRFSS
6.7395134,11.423574,BRFSS,179093,,CORAL_BRFSS
0.62786114,8.349327,BRFSS,390813,,CORAL_BRFSS
-0.5282097,10.018663,BRFSS,297149,,CORAL_BRFSS
13.586409,4.353303,BRFSS,321895,,CORAL_BRFSS
6.4502616,8.501658,BRFSS,347005,,CORAL_BRFSS
-4.2094073,7.144652,BRFSS,380570,,CORAL_BRFSS
15.048132,0.58614993,BRFSS,438002,,CORAL_BRFSS
8.071468,7.5607853,BRFSS,319530,,CORAL_BRFSS
2.1136553,-12.967263,BRFSS,101501,,CORAL_BRFSS
6.5913506,11.038875,BRFSS,229000,,CORAL_BRFSS
9.0287695,9.855341,BRFSS,97968,,CORAL_BRFSS
4.712037,11.45793,BRFSS,238565,,CORAL_BRFSS
6.3342853,12.0159445,BRFSS,333270,,CORAL_BRFSS
5.4859843,13.361875,BRFSS,258693,,CORAL_BRFSS
9.38299,6.7368093,BRFSS,367059,,CORAL_BRFSS
-3.892543,4.381733,BRFSS,41320,,CORAL_BRFSS
14.9938755,5.0999317,BRFSS,61413,,CORAL_BRFSS
7.601212,7.184199,BRFSS,155604,,CORAL_BRFSS
10.330774,4.6126733,BRFSS,11877,,CORAL_BRFSS
-0.9627193,12.85481,BRFSS,75030,,CORAL_BRFSS
0.36599886,10.753756,BRFSS,183058,,CORAL_BRFSS
1.3934011,11.292404,BRFSS,422716,,CORAL_BRFSS
-2.3608875,0.6957218,BRFSS,13913,,CORAL_BRFSS
5.3188972,8.509519,BRFSS,431941,,CORAL_BRFSS
-2.5647948,10.753945,BRFSS,245509,,CORAL_BRFSS
4.6786227,13.770389,BRFSS,177724,,CORAL_BRFSS
-3.750321,6.5177865,BRFSS,157901,,CORAL_BRFSS
-4.5663805,2.9583862,BRFSS,445839,,CORAL_BRFSS
0.1701426,7.008657,BRFSS,150616,,CORAL_BRFSS
4.130472,12.98562,BRFSS,166846,,CORAL_BRFSS
12.283281,3.815944,BRFSS,444911,,CORAL_BRFSS
6.720684,14.353672,BRFSS,407260,,CORAL_BRFSS
12.156412,4.8165517,BRFSS,405628,,CORAL_BRFSS
7.5959067,7.685533,BRFSS,196752,,CORAL_BRFSS
5.636106,8.534699,BRFSS,36459,,CORAL_BRFSS
-1.9725214,8.8518715,BRFSS,368795,,CORAL_BRFSS
14.879046,1.9540775,BRFSS,149261,,CORAL_BRFSS
2.5158637,7.3072386,BRFSS,310728,,CORAL_BRFSS
-6.361121,-18.308704,BRFSS,315413,,CORAL_BRFSS
-2.2173183,4.3485928,BRFSS,367207,,CORAL_BRFSS
5.6072855,8.557308,BRFSS,193458,,CORAL_BRFSS
17.85394,4.4414215,BRFSS,92491,,CORAL_BRFSS
-2.7766163,0.98534614,BRFSS,201579,,CORAL_BRFSS
6.855681,11.697647,BRFSS,351950,,CORAL_BRFSS
12.119061,5.3783245,BRFSS,350163,,CORAL_BRFSS
9.069507,4.176989,BRFSS,63317,,CORAL_BRFSS
1.3824663,11.251106,BRFSS,406874,,CORAL_BRFSS
3.1438386,8.78235,BRFSS,438998,,CORAL_BRFSS
3.2227027,8.976726,BRFSS,190378,,CORAL_BRFSS
9.889082,9.236471,BRFSS,346395,,CORAL_BRFSS
4.2769604,11.444765,BRFSS,301964,,CORAL_BRFSS
-0.13890326,6.2733183,BRFSS,326472,,CORAL_BRFSS
9.897696,13.118064,BRFSS,149693,,CORAL_BRFSS
6.623666,11.042852,BRFSS,185200,,CORAL_BRFSS
-2.458728,0.62299854,BRFSS,198531,,CORAL_BRFSS
-1.3614583,12.521461,BRFSS,117273,,CORAL_BRFSS
14.845387,4.586705,BRFSS,251452,,CORAL_BRFSS
1.549924,-13.246143,BRFSS,293848,,CORAL_BRFSS
15.388359,0.8456247,BRFSS,252319,,CORAL_BRFSS
11.171253,11.179666,BRFSS,262970,,CORAL_BRFSS
12.481307,5.563584,BRFSS,386380,,CORAL_BRFSS
1.5473713,-13.248134,BRFSS,101833,,CORAL_BRFSS
5.8831873,8.285759,BRFSS,196403,,CORAL_BRFSS
-2.6079855,9.418518,BRFSS,140815,,CORAL_BRFSS
-2.5062459,10.578844,BRFSS,80038,,CORAL_BRFSS
15.639463,2.028145,BRFSS,250859,,CORAL_BRFSS
17.487776,4.201413,BRFSS,277975,,CORAL_BRFSS
5.806661,-16.983452,BRFSS,233876,,CORAL_BRFSS
-7.1030293,-19.449085,BRFSS,84677,,CORAL_BRFSS
-3.3595285,0.4812346,BRFSS,389038,,CORAL_BRFSS
20.320293,0.49747062,BRFSS,310950,,CORAL_BRFSS
10.94199,8.16682,BRFSS,139727,,CORAL_BRFSS
-0.6621459,5.847198,BRFSS,26876,,CORAL_BRFSS
-0.929328,12.052362,BRFSS,235143,,CORAL_BRFSS
10.276985,8.841339,BRFSS,131174,,CORAL_BRFSS
14.187226,5.089226,BRFSS,46102,,CORAL_BRFSS
-3.607,0.70923954,BRFSS,350886,,CORAL_BRFSS
-0.613558,13.21775,BRFSS,57471,,CORAL_BRFSS
7.171694,15.013823,BRFSS,280190,,CORAL_BRFSS
14.961794,2.022334,BRFSS,338246,,CORAL_BRFSS
-3.2484362,7.6886415,BRFSS,366526,,CORAL_BRFSS
9.316962,3.679146,BRFSS,378273,,CORAL_BRFSS
4.100818,-6.6286926,BRFSS,284969,,CORAL_BRFSS
10.31337,4.9031677,BRFSS,184419,,CORAL_BRFSS
-0.29635796,10.412042,BRFSS,70083,,CORAL_BRFSS
15.367656,0.8329979,BRFSS,414941,,CORAL_BRFSS
-3.6821103,1.3067038,BRFSS,243616,,CORAL_BRFSS
12.144919,3.994394,BRFSS,339896,,CORAL_BRFSS
12.422851,3.8387544,BRFSS,85116,,CORAL_BRFSS
14.959165,0.48738337,BRFSS,297886,,CORAL_BRFSS
1.3870708,7.3640056,BRFSS,162664,,CORAL_BRFSS
4.6652393,11.367004,BRFSS,80707,,CORAL_BRFSS
2.6149018,10.993866,BRFSS,169883,,CORAL_BRFSS
-4.757267,3.7309778,BRFSS,14985,,CORAL_BRFSS
16.07158,1.5510868,BRFSS,272736,,CORAL_BRFSS
12.485617,6.1978793,BRFSS,428577,,CORAL_BRFSS
3.165514,8.729276,BRFSS,213680,,CORAL_BRFSS
8.390032,11.846385,BRFSS,432149,,CORAL_BRFSS
7.6897664,11.879832,BRFSS,256350,,CORAL_BRFSS
8.85081,12.766578,BRFSS,73599,,CORAL_BRFSS
-4.5919175,-13.397101,BRFSS,12212,,CORAL_BRFSS
6.050527,6.402635,BRFSS,86198,,CORAL_BRFSS
9.05574,4.29347,BRFSS,301678,,CORAL_BRFSS
14.6522455,4.496,BRFSS,445025,,CORAL_BRFSS
6.981838,11.96923,BRFSS,56227,,CORAL_BRFSS
-0.45282546,9.871462,BRFSS,240069,,CORAL_BRFSS
-3.0771549,3.3338525,BRFSS,111103,,CORAL_BRFSS
4.493845,13.622646,BRFSS,378843,,CORAL_BRFSS
2.309537,12.149783,BRFSS,43960,,CORAL_BRFSS
5.2965775,6.75006,BRFSS,74960,,CORAL_BRFSS
-1.2815543,9.908964,BRFSS,67062,,CORAL_BRFSS
-5.194606,6.253336,BRFSS,443721,,CORAL_BRFSS
13.583722,6.792041,BRFSS,353143,,CORAL_BRFSS
10.231545,6.043412,BRFSS,49988,,CORAL_BRFSS
-3.281035,-0.073922284,BRFSS,154069,,CORAL_BRFSS
15.15635,0.6937187,BRFSS,23822,,CORAL_BRFSS
10.548707,5.164093,BRFSS,73612,,CORAL_BRFSS
8.6841755,12.75915,BRFSS,82336,,CORAL_BRFSS
-1.6428638,5.787934,BRFSS,91093,,CORAL_BRFSS
10.289721,12.440136,BRFSS,268149,,CORAL_BRFSS
5.621465,12.717718,BRFSS,121898,,CORAL_BRFSS
9.202292,6.728839,BRFSS,246970,,CORAL_BRFSS
14.698589,4.57146,BRFSS,288058,,CORAL_BRFSS
-2.7397819,5.4996037,BRFSS,59210,,CORAL_BRFSS
-1.286837,12.816973,BRFSS,235605,,CORAL_BRFSS
0.75449556,9.521355,BRFSS,342056,,CORAL_BRFSS
-1.9386053,10.051449,BRFSS,254779,,CORAL_BRFSS
5.1281257,13.9644,BRFSS,407739,,CORAL_BRFSS
3.9566886,-6.6286106,BRFSS,255085,,CORAL_BRFSS
-2.6640866,3.003251,BRFSS,269803,,CORAL_BRFSS
-1.6483707,7.1613784,BRFSS,70504,,CORAL_BRFSS
5.677623,11.245679,BRFSS,35533,,CORAL_BRFSS
-3.7929509,2.6740556,BRFSS,300844,,CORAL_BRFSS
8.690095,10.732195,BRFSS,318857,,CORAL_BRFSS
10.465198,2.7916615,BRFSS,446638,,CORAL_BRFSS
0.18716797,12.2528305,BRFSS,106397,,CORAL_BRFSS
-0.62766844,9.455216,BRFSS,276784,,CORAL_BRFSS
10.488555,2.7979157,BRFSS,289161,,CORAL_BRFSS
11.189018,5.2493706,BRFSS,392569,,CORAL_BRFSS
-2.8987875,5.6158805,BRFSS,148992,,CORAL_BRFSS
-2.0174577,3.1006155,BRFSS,12289,,CORAL_BRFSS
-1.533099,12.504882,BRFSS,111981,,CORAL_BRFSS
8.571876,13.871674,BRFSS,51908,,CORAL_BRFSS
19.732626,0.6095088,BRFSS,297276,,CORAL_BRFSS
9.675951,12.676357,BRFSS,76991,,CORAL_BRFSS
13.958509,5.670231,BRFSS,108619,,CORAL_BRFSS
6.430888,12.123572,BRFSS,84746,,CORAL_BRFSS
-4.820385,3.6322668,BRFSS,213509,,CORAL_BRFSS
5.812887,13.005313,BRFSS,35974,,CORAL_BRFSS
14.070536,1.0583677,BRFSS,290722,,CORAL_BRFSS
5.782052,6.6828017,BRFSS,294643,,CORAL_BRFSS
-3.510641,-14.586145,BRFSS,206033,,CORAL_BRFSS
14.835321,5.9727907,BRFSS,130297,,CORAL_BRFSS
1.93663,6.718443,BRFSS,255484,,CORAL_BRFSS
-3.571902,-14.520802,BRFSS,383740,,CORAL_BRFSS
14.997588,5.6207237,BRFSS,129683,,CORAL_BRFSS
-1.5626508,12.099168,BRFSS,273514,,CORAL_BRFSS
9.564399,6.3416348,BRFSS,432175,,CORAL_BRFSS
7.2057624,8.348795,BRFSS,321707,,CORAL_BRFSS
1.9738163,-13.03843,BRFSS,151691,,CORAL_BRFSS
-4.4298387,6.1180296,BRFSS,99832,,CORAL_BRFSS
4.464743,-6.7086844,BRFSS,406390,,CORAL_BRFSS
14.685527,4.5207934,BRFSS,22406,,CORAL_BRFSS
10.101042,-9.394832,NHANES,8788,Other Race,CORAL_BRFSS
-2.9497545,4.172692,BRFSS,45327,,CORAL_BRFSS
-2.3030612,0.8167822,BRFSS,430478,,CORAL_BRFSS
3.31796,11.9725685,BRFSS,341499,,CORAL_BRFSS
12.522453,5.818575,BRFSS,79344,,CORAL_BRFSS
6.1449547,7.5080085,BRFSS,152775,,CORAL_BRFSS
15.773084,1.0401547,BRFSS,61563,,CORAL_BRFSS
-4.4414134,7.0680614,BRFSS,275902,,CORAL_BRFSS
-0.68395174,7.660641,BRFSS,222145,,CORAL_BRFSS
8.847964,10.841975,BRFSS,183868,,CORAL_BRFSS
0.6125804,10.60329,BRFSS,114218,,CORAL_BRFSS
0.6147383,10.581208,BRFSS,101607,,CORAL_BRFSS
6.387458,7.138381,BRFSS,207955,,CORAL_BRFSS
-4.3991537,4.686661,BRFSS,231767,,CORAL_BRFSS
9.432048,11.57756,BRFSS,270238,,CORAL_BRFSS
-0.30042273,13.419209,BRFSS,128949,,CORAL_BRFSS
9.318029,13.104984,BRFSS,230253,,CORAL_BRFSS
9.432108,11.582784,BRFSS,412830,,CORAL_BRFSS
-2.2947063,10.374522,BRFSS,395903,,CORAL_BRFSS
1.4939054,-13.276223,BRFSS,116372,,CORAL_BRFSS
-0.43214777,13.350184,BRFSS,231921,,CORAL_BRFSS
10.184195,-9.4778805,NHANES,2182,Non-Hispanic Black,CORAL_BRFSS
3.6825445,-6.76798,BRFSS,189521,,CORAL_BRFSS
1.9321582,12.590507,BRFSS,174783,,CORAL_BRFSS
-3.787235,1.5176764,BRFSS,183491,,CORAL_BRFSS
-3.290576,0.23609072,BRFSS,283122,,CORAL_BRFSS
14.854381,5.989873,BRFSS,97331,,CORAL_BRFSS
13.655922,6.791431,BRFSS,95769,,CORAL_BRFSS
10.555994,3.5039754,BRFSS,413487,,CORAL_BRFSS
-2.6240811,-14.634449,BRFSS,419194,,CORAL_BRFSS
-2.4174452,9.174545,BRFSS,254438,,CORAL_BRFSS
-3.3506773,-0.103963815,BRFSS,350563,,CORAL_BRFSS
2.7224998,8.464994,BRFSS,77515,,CORAL_BRFSS
5.154834,14.011709,BRFSS,410520,,CORAL_BRFSS
-1.5552888,5.7422094,BRFSS,301094,,CORAL_BRFSS
-2.6491764,5.623869,BRFSS,336318,,CORAL_BRFSS
5.2492385,12.740902,BRFSS,167833,,CORAL_BRFSS
-7.0285835,-19.111294,BRFSS,21282,,CORAL_BRFSS
12.636183,5.5133023,BRFSS,263312,,CORAL_BRFSS
3.0387032,6.8369317,BRFSS,365707,,CORAL_BRFSS
7.349833,6.38736,BRFSS,433140,,CORAL_BRFSS
-3.4656825,5.6195507,BRFSS,231485,,CORAL_BRFSS
-0.3673272,13.447366,BRFSS,240765,,CORAL_BRFSS
-0.110100076,10.706311,BRFSS,264639,,CORAL_BRFSS
2.4576442,7.380141,BRFSS,253786,,CORAL_BRFSS
13.653037,4.1590495,BRFSS,445668,,CORAL_BRFSS
-1.2322829,9.00947,BRFSS,422396,,CORAL_BRFSS
-3.668481,-14.434286,BRFSS,130696,,CORAL_BRFSS
5.672209,7.794431,BRFSS,344035,,CORAL_BRFSS
0.098315954,6.655323,BRFSS,54973,,CORAL_BRFSS
10.264781,-9.558394,NHANES,924,Non-Hispanic Black,CORAL_BRFSS
2.0768182,11.236652,BRFSS,165379,,CORAL_BRFSS
-2.917075,-14.671933,BRFSS,271816,,CORAL_BRFSS
10.146968,2.9167788,BRFSS,129700,,CORAL_BRFSS
0.17001222,7.034942,BRFSS,386579,,CORAL_BRFSS
-3.4177692,7.3244987,BRFSS,389315,,CORAL_BRFSS
3.7921474,7.344286,BRFSS,304771,,CORAL_BRFSS
9.329926,6.7355633,BRFSS,157706,,CORAL_BRFSS
6.7844915,11.5578165,BRFSS,228377,,CORAL_BRFSS
11.00212,10.398315,BRFSS,106957,,CORAL_BRFSS
1.5620979,-13.241006,BRFSS,389254,,CORAL_BRFSS
-2.9824333,8.728478,BRFSS,423685,,CORAL_BRFSS
-7.0114427,-19.086823,BRFSS,377261,,CORAL_BRFSS
13.634408,7.446166,BRFSS,211926,,CORAL_BRFSS
10.54129,5.1580696,BRFSS,175963,,CORAL_BRFSS
-4.5864754,6.6279488,BRFSS,350758,,CORAL_BRFSS
-3.329973,-14.633601,BRFSS,270456,,CORAL_BRFSS
6.1752596,12.666978,BRFSS,22262,,CORAL_BRFSS
-2.9052165,9.583986,BRFSS,413375,,CORAL_BRFSS
14.089635,1.0798483,BRFSS,303127,,CORAL_BRFSS
13.758488,0.5253264,BRFSS,84622,,CORAL_BRFSS
-0.74186337,11.922304,BRFSS,252755,,CORAL_BRFSS
15.636806,2.0232446,BRFSS,22664,,CORAL_BRFSS
7.284914,8.003194,BRFSS,427717,,CORAL_BRFSS
-2.3598447,0.6879803,BRFSS,384493,,CORAL_BRFSS
9.146155,4.372882,BRFSS,73145,,CORAL_BRFSS
-1.0829352,8.739314,BRFSS,331581,,CORAL_BRFSS
5.788383,14.008009,BRFSS,196158,,CORAL_BRFSS
2.8905995,7.023479,BRFSS,288571,,CORAL_BRFSS
-3.629579,2.1275115,BRFSS,41540,,CORAL_BRFSS
-5.0519533,6.80828,BRFSS,46769,,CORAL_BRFSS
13.529892,7.0270305,BRFSS,358186,,CORAL_BRFSS
-6.8004684,-19.922554,BRFSS,208191,,CORAL_BRFSS
-1.1032414,12.694719,BRFSS,126014,,CORAL_BRFSS
5.968256,11.755846,BRFSS,11733,,CORAL_BRFSS
-2.4304183,0.8662271,BRFSS,71365,,CORAL_BRFSS
11.338303,8.11739,BRFSS,202298,,CORAL_BRFSS
-3.5605469,-14.534728,BRFSS,390428,,CORAL_BRFSS
13.705452,-0.017626915,BRFSS,235417,,CORAL_BRFSS
-4.289047,6.319015,BRFSS,443085,,CORAL_BRFSS
12.534588,5.8246307,BRFSS,180708,,CORAL_BRFSS
13.335018,4.2292433,BRFSS,176928,,CORAL_BRFSS
3.140195,6.8202224,BRFSS,377315,,CORAL_BRFSS
10.316795,8.904197,BRFSS,193625,,CORAL_BRFSS
-3.7463677,0.83513236,BRFSS,382941,,CORAL_BRFSS
6.0358143,6.4471455,BRFSS,140707,,CORAL_BRFSS
11.045877,10.480229,BRFSS,98109,,CORAL_BRFSS
3.1283538,6.8380404,BRFSS,250704,,CORAL_BRFSS
14.919361,4.611021,BRFSS,416457,,CORAL_BRFSS
-1.6152127,3.9287086,BRFSS,73908,,CORAL_BRFSS
-3.2997549,-0.15772513,BRFSS,424596,,CORAL_BRFSS
-7.096684,-19.451416,BRFSS,255454,,CORAL_BRFSS
7.638197,11.721473,BRFSS,384199,,CORAL_BRFSS
1.818557,7.095679,BRFSS,124178,,CORAL_BRFSS
-2.9562192,0.25978932,BRFSS,275296,,CORAL_BRFSS
5.7845597,-16.961323,BRFSS,375860,,CORAL_BRFSS
12.770907,4.4893517,BRFSS,159549,,CORAL_BRFSS
-2.7068875,3.0253816,BRFSS,422171,,CORAL_BRFSS
-6.8364596,-18.818901,BRFSS,299659,,CORAL_BRFSS
5.16942,11.440508,BRFSS,157684,,CORAL_BRFSS
15.203285,2.0713425,BRFSS,120512,,CORAL_BRFSS
10.272712,8.862292,BRFSS,432968,,CORAL_BRFSS
4.817437,-6.91711,BRFSS,388352,,CORAL_BRFSS
-3.5289485,1.3396078,BRFSS,158057,,CORAL_BRFSS
0.58316314,7.3067255,BRFSS,276972,,CORAL_BRFSS
-1.6572236,12.235739,BRFSS,51856,,CORAL_BRFSS
9.959195,9.331618,BRFSS,221046,,CORAL_BRFSS
-2.0820103,8.192033,BRFSS,335147,,CORAL_BRFSS
6.0011477,6.382628,BRFSS,243028,,CORAL_BRFSS
6.99401,13.8128805,BRFSS,86612,,CORAL_BRFSS
-1.140203,10.522064,BRFSS,104872,,CORAL_BRFSS
-2.7589083,3.9343634,BRFSS,43132,,CORAL_BRFSS
-0.98516804,12.077992,BRFSS,77705,,CORAL_BRFSS
11.667493,7.97187,BRFSS,78380,,CORAL_BRFSS
-0.3097985,13.414892,BRFSS,384428,,CORAL_BRFSS
13.82293,7.0994706,BRFSS,162819,,CORAL_BRFSS
10.608222,3.6179798,BRFSS,179813,,CORAL_BRFSS
-0.61760896,10.638758,BRFSS,57661,,CORAL_BRFSS
9.801906,9.135463,BRFSS,433527,,CORAL_BRFSS
9.270104,6.7422266,BRFSS,144393,,CORAL_BRFSS
-5.190641,5.3886194,BRFSS,252896,,CORAL_BRFSS
7.7065535,7.9148836,BRFSS,271509,,CORAL_BRFSS
1.9234538,12.600389,BRFSS,254042,,CORAL_BRFSS
0.7095736,9.618249,BRFSS,321622,,CORAL_BRFSS
2.3378186,11.693908,BRFSS,299480,,CORAL_BRFSS
0.03778054,12.380881,BRFSS,248036,,CORAL_BRFSS
7.871024,5.549742,BRFSS,176533,,CORAL_BRFSS
7.0910296,10.828923,BRFSS,91428,,CORAL_BRFSS
14.893792,5.9998155,BRFSS,421957,,CORAL_BRFSS
-1.1151253,6.9216027,BRFSS,434220,,CORAL_BRFSS
-0.36643586,13.2885895,BRFSS,260984,,CORAL_BRFSS
7.4654717,7.0472283,BRFSS,328956,,CORAL_BRFSS
-2.257067,10.2625,BRFSS,167664,,CORAL_BRFSS
10.516806,3.0473144,BRFSS,420924,,CORAL_BRFSS
14.896752,0.4116245,BRFSS,343935,,CORAL_BRFSS
9.229443,4.6900187,BRFSS,385355,,CORAL_BRFSS
15.37277,0.8399557,BRFSS,187650,,CORAL_BRFSS
-3.516728,-14.566327,BRFSS,241293,,CORAL_BRFSS
3.6252031,8.738398,BRFSS,223426,,CORAL_BRFSS
-4.656169,-13.325788,BRFSS,441229,,CORAL_BRFSS
1.9007707,12.620953,BRFSS,53286,,CORAL_BRFSS
-1.838303,3.0550659,BRFSS,322401,,CORAL_BRFSS
-6.360569,-18.308048,BRFSS,311975,,CORAL_BRFSS
8.73287,12.706872,BRFSS,337037,,CORAL_BRFSS
-3.1316707,8.197476,BRFSS,339774,,CORAL_BRFSS
-0.079788625,11.279593,BRFSS,311743,,CORAL_BRFSS
-3.9755843,1.5498091,BRFSS,431349,,CORAL_BRFSS
2.043433,11.32534,BRFSS,312520,,CORAL_BRFSS
20.149399,0.5003637,BRFSS,114015,,CORAL_BRFSS
5.584738,13.5137415,BRFSS,205143,,CORAL_BRFSS
16.149796,-1.9343476,BRFSS,187678,,CORAL_BRFSS
7.421739,6.062524,BRFSS,115245,,CORAL_BRFSS
3.8070552,-6.6817555,BRFSS,268825,,CORAL_BRFSS
3.8303766,-6.669672,BRFSS,300897,,CORAL_BRFSS
-3.3122132,-0.16739686,BRFSS,216355,,CORAL_BRFSS
-3.9791677,2.5600421,BRFSS,287901,,CORAL_BRFSS
10.6811495,9.695694,BRFSS,169261,,CORAL_BRFSS
-3.241566,5.6296663,BRFSS,122927,,CORAL_BRFSS
-4.0387416,4.2605376,BRFSS,19506,,CORAL_BRFSS
-1.2887373,10.65035,BRFSS,287250,,CORAL_BRFSS
5.7064013,11.297072,BRFSS,245224,,CORAL_BRFSS
0.019911438,8.515209,BRFSS,229737,,CORAL_BRFSS
-3.289573,2.9515224,BRFSS,342971,,CORAL_BRFSS
9.154306,4.6650753,BRFSS,305152,,CORAL_BRFSS
11.866893,4.669777,BRFSS,66699,,CORAL_BRFSS
-4.3453712,-13.678542,BRFSS,377480,,CORAL_BRFSS
-1.4647025,4.579131,BRFSS,183054,,CORAL_BRFSS
-1.4241247,4.7522154,BRFSS,72191,,CORAL_BRFSS
15.602791,2.0252705,BRFSS,260389,,CORAL_BRFSS
-4.2951684,4.5370774,BRFSS,75639,,CORAL_BRFSS
8.844182,10.811257,BRFSS,107007,,CORAL_BRFSS
-1.9339087,6.331439,BRFSS,329985,,CORAL_BRFSS
12.2056465,6.592788,BRFSS,325135,,CORAL_BRFSS
-2.959762,3.788885,BRFSS,288259,,CORAL_BRFSS
10.515559,5.985576,BRFSS,440522,,CORAL_BRFSS
3.316661,11.941094,BRFSS,107818,,CORAL_BRFSS
-1.8837541,2.924423,BRFSS,281907,,CORAL_BRFSS
14.048981,5.316966,BRFSS,441495,,CORAL_BRFSS
3.4191782,11.728349,BRFSS,392697,,CORAL_BRFSS
14.81647,6.798834,BRFSS,95063,,CORAL_BRFSS
14.923674,5.907528,BRFSS,440909,,CORAL_BRFSS
-6.8488913,-18.833704,BRFSS,106516,,CORAL_BRFSS
-2.6718886,11.093588,BRFSS,47847,,CORAL_BRFSS
11.553108,5.3189764,BRFSS,312639,,CORAL_BRFSS
-1.7784019,3.5201664,BRFSS,392028,,CORAL_BRFSS
2.318911,11.749541,BRFSS,440312,,CORAL_BRFSS
-3.5071447,-14.573102,BRFSS,183781,,CORAL_BRFSS
-2.9741678,3.8080173,BRFSS,404721,,CORAL_BRFSS
-3.8000765,5.128812,BRFSS,105786,,CORAL_BRFSS
-2.0943353,4.7609296,BRFSS,237123,,CORAL_BRFSS
12.740895,5.093361,BRFSS,48359,,CORAL_BRFSS
-2.8197682,5.5024657,BRFSS,199938,,CORAL_BRFSS
1.3421909,11.4059725,NHANES,7386,Non-Hispanic Asian,CORAL_BRFSS
14.928802,4.7023115,BRFSS,354526,,CORAL_BRFSS
-3.4360898,-14.617629,BRFSS,152888,,CORAL_BRFSS
-1.0693102,11.809045,BRFSS,275376,,CORAL_BRFSS
10.265606,11.838613,BRFSS,198541,,CORAL_BRFSS
-4.811044,3.6738448,BRFSS,437780,,CORAL_BRFSS
3.8072615,-6.6818695,BRFSS,192488,,CORAL_BRFSS
15.951103,1.1943145,BRFSS,175052,,CORAL_BRFSS
13.711021,-0.050594445,BRFSS,246153,,CORAL_BRFSS
-3.0822227,0.712617,BRFSS,396772,,CORAL_BRFSS
-3.1140914,7.672854,BRFSS,283162,,CORAL_BRFSS
2.137189,11.171094,BRFSS,226857,,CORAL_BRFSS
14.475242,1.6154886,BRFSS,186341,,CORAL_BRFSS
6.13738,8.140208,BRFSS,199172,,CORAL_BRFSS
3.7813911,8.2871475,BRFSS,323856,,CORAL_BRFSS
-3.2461963,2.9514418,BRFSS,198684,,CORAL_BRFSS
-0.94906443,6.4429064,BRFSS,197246,,CORAL_BRFSS
5.975031,13.252431,BRFSS,208153,,CORAL_BRFSS
-1.8918991,2.6528974,BRFSS,229891,,CORAL_BRFSS
-1.9253294,3.7439094,BRFSS,263573,,CORAL_BRFSS
9.3341255,10.419988,BRFSS,359008,,CORAL_BRFSS
-4.489681,6.048312,BRFSS,144412,,CORAL_BRFSS
14.779956,1.940509,BRFSS,321781,,CORAL_BRFSS
10.274342,12.480868,BRFSS,418058,,CORAL_BRFSS
-3.3391047,0.19083081,BRFSS,105412,,CORAL_BRFSS
-1.5329306,4.708096,BRFSS,38838,,CORAL_BRFSS
9.840332,9.163997,BRFSS,308946,,CORAL_BRFSS
9.315142,11.375093,BRFSS,30576,,CORAL_BRFSS
-5.1747165,7.267257,BRFSS,224079,,CORAL_BRFSS
6.925142,14.52078,BRFSS,291092,,CORAL_BRFSS
14.879828,5.766764,BRFSS,293275,,CORAL_BRFSS
9.810581,9.146642,BRFSS,296787,,CORAL_BRFSS
-2.5742116,10.7913685,BRFSS,291997,,CORAL_BRFSS
13.729855,6.733925,BRFSS,80029,,CORAL_BRFSS
10.870867,11.899348,BRFSS,28012,,CORAL_BRFSS
3.2018752,12.162062,BRFSS,335806,,CORAL_BRFSS
-5.2150903,7.239065,BRFSS,58154,,CORAL_BRFSS
10.625015,5.1501026,BRFSS,21838,,CORAL_BRFSS
14.274786,6.627561,BRFSS,423909,,CORAL_BRFSS
12.631448,5.524057,BRFSS,360657,,CORAL_BRFSS
5.3689065,7.0190187,BRFSS,211988,,CORAL_BRFSS
7.458299,10.778539,BRFSS,336327,,CORAL_BRFSS
-1.6007886,4.043011,BRFSS,60408,,CORAL_BRFSS
1.4149779,11.178613,BRFSS,401823,,CORAL_BRFSS
9.256025,3.9471009,BRFSS,12542,,CORAL_BRFSS
3.4026797,11.777084,BRFSS,224116,,CORAL_BRFSS
9.271043,6.7516994,BRFSS,164077,,CORAL_BRFSS
14.937117,2.0564015,BRFSS,261650,,CORAL_BRFSS
-2.1702645,5.017803,BRFSS,87873,,CORAL_BRFSS
-1.5094343,3.381217,BRFSS,176888,,CORAL_BRFSS
-3.3460414,4.1901283,BRFSS,325689,,CORAL_BRFSS
15.099894,2.0674462,BRFSS,432061,,CORAL_BRFSS
-2.907902,5.506693,BRFSS,361755,,CORAL_BRFSS
14.48191,6.9350696,BRFSS,441798,,CORAL_BRFSS
6.452879,14.004267,BRFSS,28348,,CORAL_BRFSS
-3.6743298,2.7276578,BRFSS,295060,,CORAL_BRFSS
14.581712,6.7136173,BRFSS,30887,,CORAL_BRFSS
6.181669,7.24456,BRFSS,403891,,CORAL_BRFSS
5.723227,6.487375,BRFSS,264984,,CORAL_BRFSS
12.872625,4.5103335,BRFSS,305484,,CORAL_BRFSS
-3.6320024,1.5619563,BRFSS,162412,,CORAL_BRFSS
-2.8652642,5.509146,BRFSS,355493,,CORAL_BRFSS
-0.7222869,10.248873,BRFSS,330617,,CORAL_BRFSS
-0.5489797,6.0757065,BRFSS,262549,,CORAL_BRFSS
-1.1927873,6.9522543,BRFSS,17019,,CORAL_BRFSS
-3.8225417,-14.283719,BRFSS,57953,,CORAL_BRFSS
5.8010745,-16.977856,BRFSS,131900,,CORAL_BRFSS
6.9804025,13.826936,BRFSS,385776,,CORAL_BRFSS
0.25383162,7.1937704,BRFSS,161368,,CORAL_BRFSS
12.46039,5.849239,BRFSS,326343,,CORAL_BRFSS
-1.1624095,11.952326,BRFSS,161811,,CORAL_BRFSS
9.283827,13.104504,BRFSS,106021,,CORAL_BRFSS
-1.0334911,8.741576,BRFSS,380030,,CORAL_BRFSS
-3.0251138,9.999053,BRFSS,312919,,CORAL_BRFSS
5.609532,12.734258,BRFSS,231213,,CORAL_BRFSS
12.419755,5.8649077,BRFSS,395564,,CORAL_BRFSS
-3.5163913,6.603106,BRFSS,332669,,CORAL_BRFSS
9.629746,12.53055,BRFSS,230361,,CORAL_BRFSS
12.20347,6.5927753,BRFSS,203754,,CORAL_BRFSS
11.843534,4.667354,BRFSS,241955,,CORAL_BRFSS
5.4200263,6.6100307,BRFSS,116137,,CORAL_BRFSS
9.650217,6.4051795,BRFSS,77127,,CORAL_BRFSS
-1.1231465,8.751964,BRFSS,346492,,CORAL_BRFSS
14.139159,5.046704,BRFSS,101923,,CORAL_BRFSS
2.2865522,12.119551,BRFSS,25893,,CORAL_BRFSS
14.472165,1.6134118,BRFSS,351102,,CORAL_BRFSS
9.153579,4.821266,BRFSS,251435,,CORAL_BRFSS
14.8715515,4.7832108,BRFSS,411044,,CORAL_BRFSS
-7.0294905,-19.111217,BRFSS,338251,,CORAL_BRFSS
-6.778949,-19.949371,BRFSS,146390,,CORAL_BRFSS
3.810735,8.124909,BRFSS,205809,,CORAL_BRFSS
8.765072,12.72272,BRFSS,79123,,CORAL_BRFSS
-4.4900804,-13.514484,BRFSS,334536,,CORAL_BRFSS
7.8608274,6.4946,BRFSS,408852,,CORAL_BRFSS
4.451099,7.471062,BRFSS,362396,,CORAL_BRFSS
14.343517,6.288918,BRFSS,366921,,CORAL_BRFSS
5.1140847,11.344893,BRFSS,411833,,CORAL_BRFSS
-0.21673675,6.1923075,BRFSS,381277,,CORAL_BRFSS
-3.7882216,4.3169436,BRFSS,46735,,CORAL_BRFSS
14.862506,5.981153,BRFSS,432209,,CORAL_BRFSS
-4.7980485,6.0465045,BRFSS,293743,,CORAL_BRFSS
5.7840962,-16.960861,BRFSS,127159,,CORAL_BRFSS
14.552949,4.8193555,BRFSS,369648,,CORAL_BRFSS
-1.0542678,9.771656,BRFSS,209890,,CORAL_BRFSS
3.1997278,10.8219385,BRFSS,114165,,CORAL_BRFSS
-3.5211823,2.4255729,BRFSS,43927,,CORAL_BRFSS
5.929267,7.3628626,BRFSS,63679,,CORAL_BRFSS
-1.639625,12.199806,BRFSS,401780,,CORAL_BRFSS
8.748145,12.714425,BRFSS,303192,,CORAL_BRFSS
13.2034645,4.229945,BRFSS,412969,,CORAL_BRFSS
13.413876,5.09571,BRFSS,86535,,CORAL_BRFSS
9.593353,6.420934,BRFSS,103329,,CORAL_BRFSS
-2.7615445,3.9192324,BRFSS,13499,,CORAL_BRFSS
14.99124,6.6248126,BRFSS,419393,,CORAL_BRFSS
7.1937776,6.418169,BRFSS,294394,,CORAL_BRFSS
6.5012875,7.133368,BRFSS,64528,,CORAL_BRFSS
13.765477,0.5558718,BRFSS,363927,,CORAL_BRFSS
10.573398,11.23983,BRFSS,348480,,CORAL_BRFSS
5.2018294,11.470568,BRFSS,14528,,CORAL_BRFSS
0.8371821,9.41754,BRFSS,400127,,CORAL_BRFSS
-1.6486906,12.244899,BRFSS,386042,,CORAL_BRFSS
-2.5152788,2.4278204,BRFSS,307188,,CORAL_BRFSS
11.64963,7.9821615,BRFSS,137884,,CORAL_BRFSS
13.706539,-0.0023660897,BRFSS,94761,,CORAL_BRFSS
-5.1977863,6.4026546,BRFSS,436067,,CORAL_BRFSS
3.0495203,10.923762,BRFSS,423624,,CORAL_BRFSS
14.918914,4.57147,BRFSS,128157,,CORAL_BRFSS
0.22096382,12.239819,BRFSS,409147,,CORAL_BRFSS
-1.507769,7.3549275,BRFSS,199010,,CORAL_BRFSS
6.767007,11.593358,BRFSS,95218,,CORAL_BRFSS
-2.8869166,4.1370735,BRFSS,12932,,CORAL_BRFSS
10.507567,12.421691,BRFSS,286728,,CORAL_BRFSS
6.7999063,8.103555,BRFSS,261900,,CORAL_BRFSS
-3.6068254,1.3211335,BRFSS,156250,,CORAL_BRFSS
4.838475,-6.9335003,BRFSS,297394,,CORAL_BRFSS
4.306023,13.347957,BRFSS,39551,,CORAL_BRFSS
-0.3313228,12.883136,BRFSS,220721,,CORAL_BRFSS
-2.3767898,0.69610626,BRFSS,335365,,CORAL_BRFSS
-1.0336592,5.353061,NHANES,6092,Non-Hispanic Black,CORAL_BRFSS
7.4333534,13.801391,BRFSS,291378,,CORAL_BRFSS
-3.6322062,2.345473,BRFSS,274728,,CORAL_BRFSS
-3.789098,-14.315102,BRFSS,142218,,CORAL_BRFSS
0.2834762,12.215647,BRFSS,210295,,CORAL_BRFSS
14.90886,4.732732,BRFSS,92226,,CORAL_BRFSS
11.170091,11.2246685,BRFSS,249683,,CORAL_BRFSS
-1.83606,6.421246,BRFSS,257793,,CORAL_BRFSS
0.03558551,11.103357,BRFSS,358569,,CORAL_BRFSS
17.51386,4.2279253,BRFSS,246663,,CORAL_BRFSS
8.3932705,11.92022,BRFSS,190288,,CORAL_BRFSS
-4.03854,2.4783733,BRFSS,111051,,CORAL_BRFSS
20.369638,0.49829605,BRFSS,23285,,CORAL_BRFSS
15.614762,1.9802581,BRFSS,23573,,CORAL_BRFSS
-1.618139,7.1296673,BRFSS,394895,,CORAL_BRFSS
-3.9472497,2.7831426,BRFSS,264895,,CORAL_BRFSS
14.526116,5.342777,BRFSS,420222,,CORAL_BRFSS
2.8241675,8.880779,BRFSS,436794,,CORAL_BRFSS
10.2394285,-9.532998,PIMA,33,Pima Indian,CORAL_BRFSS
-3.3186626,-0.15420358,BRFSS,409986,,CORAL_BRFSS
1.9323726,12.581217,BRFSS,329029,,CORAL_BRFSS
3.0019908,12.483216,BRFSS,38044,,CORAL_BRFSS
12.276761,6.2750154,BRFSS,245372,,CORAL_BRFSS
-0.09797652,6.383508,BRFSS,177617,,CORAL_BRFSS
6.1831803,11.856725,BRFSS,179800,,CORAL_BRFSS
-4.646877,-13.335957,BRFSS,159965,,CORAL_BRFSS
3.8642395,-6.6458797,BRFSS,69960,,CORAL_BRFSS
-1.8329877,6.0379744,BRFSS,276035,,CORAL_BRFSS
-3.1410458,8.25741,BRFSS,43028,,CORAL_BRFSS
14.983407,5.2567873,BRFSS,102657,,CORAL_BRFSS
-5.1909957,5.2869263,BRFSS,302469,,CORAL_BRFSS
-3.495551,2.4508896,BRFSS,211788,,CORAL_BRFSS
4.160737,11.750959,BRFSS,385097,,CORAL_BRFSS
-4.7362666,3.7597024,BRFSS,264122,,CORAL_BRFSS
13.970621,6.675706,BRFSS,99184,,CORAL_BRFSS
-5.1873207,6.5458884,BRFSS,208330,,CORAL_BRFSS
1.0988404,7.4093194,BRFSS,169819,,CORAL_BRFSS
-3.0286624,0.20538916,BRFSS,14287,,CORAL_BRFSS
11.272354,8.147061,BRFSS,152006,,CORAL_BRFSS
7.5534086,11.398583,BRFSS,157190,,CORAL_BRFSS
-1.91507,3.8433592,BRFSS,169691,,CORAL_BRFSS
-2.4448874,0.8505515,BRFSS,212823,,CORAL_BRFSS
19.891571,0.5593889,BRFSS,369092,,CORAL_BRFSS
-6.9068346,-19.785433,BRFSS,75107,,CORAL_BRFSS
10.427388,4.0146604,BRFSS,26410,,CORAL_BRFSS
11.251936,8.153717,BRFSS,286087,,CORAL_BRFSS
6.3686795,13.855742,BRFSS,417652,,CORAL_BRFSS
10.100408,6.0648375,BRFSS,265768,,CORAL_BRFSS
7.3926463,8.280757,BRFSS,70037,,CORAL_BRFSS
9.169054,3.970362,BRFSS,77677,,CORAL_BRFSS
17.858706,4.446048,BRFSS,97429,,CORAL_BRFSS
1.8773363,7.31066,BRFSS,353316,,CORAL_BRFSS
1.2000624,9.036968,BRFSS,152063,,CORAL_BRFSS
10.03518,-9.32895,NHANES,3293,Non-Hispanic Black,CORAL_BRFSS
12.203948,4.3322697,BRFSS,37813,,CORAL_BRFSS
14.341352,5.9480147,BRFSS,81625,,CORAL_BRFSS
-4.6852555,-13.296587,BRFSS,354873,,CORAL_BRFSS
2.0789423,-12.994206,BRFSS,305628,,CORAL_BRFSS
-0.31444728,13.472538,BRFSS,118764,,CORAL_BRFSS
5.456968,12.563762,BRFSS,229317,,CORAL_BRFSS
-2.1655068,5.001122,BRFSS,101702,,CORAL_BRFSS
3.650844,-6.798966,BRFSS,41230,,CORAL_BRFSS
-4.635932,-13.34875,BRFSS,185605,,CORAL_BRFSS
7.296788,6.338713,BRFSS,309859,,CORAL_BRFSS
17.855515,4.4446774,BRFSS,251072,,CORAL_BRFSS
15.050162,2.0604727,BRFSS,86339,,CORAL_BRFSS
-2.8043368,3.6101725,BRFSS,153983,,CORAL_BRFSS
10.28012,12.066745,BRFSS,299771,,CORAL_BRFSS
6.135561,8.146673,BRFSS,239883,,CORAL_BRFSS
9.968013,-9.261849,PIMA,148,Pima Indian,CORAL_BRFSS
-1.7391376,3.9616294,BRFSS,299717,,CORAL_BRFSS
12.5108595,4.11841,BRFSS,378914,,CORAL_BRFSS
-1.8747563,6.299963,BRFSS,54939,,CORAL_BRFSS
5.425427,7.104162,BRFSS,311658,,CORAL_BRFSS
10.090864,2.94301,BRFSS,196910,,CORAL_BRFSS
9.2254095,4.759245,BRFSS,347671,,CORAL_BRFSS
2.5298865,7.425639,BRFSS,172314,,CORAL_BRFSS
17.850376,4.4364467,BRFSS,60506,,CORAL_BRFSS
5.941662,11.69151,BRFSS,65176,,CORAL_BRFSS
11.752584,7.926426,BRFSS,55169,,CORAL_BRFSS
2.614403,12.267475,BRFSS,41229,,CORAL_BRFSS
-1.6212866,6.776561,BRFSS,20674,,CORAL_BRFSS
14.532313,6.9709535,BRFSS,418858,,CORAL_BRFSS
-4.2671747,4.131485,BRFSS,106001,,CORAL_BRFSS
14.671377,4.362355,BRFSS,126402,,CORAL_BRFSS
9.158033,11.205449,BRFSS,48188,,CORAL_BRFSS
-4.7979507,3.6850011,BRFSS,144936,,CORAL_BRFSS
-3.0559893,0.06596501,BRFSS,160113,,CORAL_BRFSS
5.1637874,13.987157,BRFSS,225881,,CORAL_BRFSS
9.156381,4.668554,BRFSS,309715,,CORAL_BRFSS
-2.6228533,11.00231,BRFSS,311410,,CORAL_BRFSS
7.171861,15.033764,BRFSS,154318,,CORAL_BRFSS
-2.452802,0.59886795,BRFSS,180177,,CORAL_BRFSS
9.235656,3.8619666,BRFSS,211258,,CORAL_BRFSS
14.71789,4.415237,BRFSS,315456,,CORAL_BRFSS
-2.325852,4.302603,BRFSS,136789,,CORAL_BRFSS
13.147551,7.4131885,BRFSS,341410,,CORAL_BRFSS
8.562975,13.906657,BRFSS,140554,,CORAL_BRFSS
-1.6460177,12.241467,BRFSS,164718,,CORAL_BRFSS
-0.53610134,11.131889,BRFSS,97809,,CORAL_BRFSS
-2.7244496,2.4465554,BRFSS,125005,,CORAL_BRFSS
3.90962,10.986387,BRFSS,126856,,CORAL_BRFSS
-1.3321375,11.336567,BRFSS,416122,,CORAL_BRFSS
5.2053676,8.455299,BRFSS,156597,,CORAL_BRFSS
2.5846913,10.607978,BRFSS,297815,,CORAL_BRFSS
14.569774,5.325915,BRFSS,166034,,CORAL_BRFSS
10.227636,-9.521213,NHANES,1915,Non-Hispanic Asian,CORAL_BRFSS
5.713237,7.950306,BRFSS,297904,,CORAL_BRFSS
14.165638,7.2600527,BRFSS,86175,,CORAL_BRFSS
17.55683,4.2552752,BRFSS,150309,,CORAL_BRFSS
6.9896293,8.539507,BRFSS,327517,,CORAL_BRFSS
9.934771,9.283034,BRFSS,97283,,CORAL_BRFSS
-4.6636853,-13.316512,BRFSS,341591,,CORAL_BRFSS
-4.474555,4.684687,BRFSS,59225,,CORAL_BRFSS
1.631516,-13.204033,BRFSS,388660,,CORAL_BRFSS
10.271005,6.011966,BRFSS,404900,,CORAL_BRFSS
-7.0545273,-19.559067,BRFSS,256331,,CORAL_BRFSS
-2.6846828,8.988615,BRFSS,195369,,CORAL_BRFSS
9.461531,10.533734,BRFSS,447908,,CORAL_BRFSS
9.032548,13.492101,BRFSS,84567,,CORAL_BRFSS
17.47139,4.1894703,BRFSS,356343,,CORAL_BRFSS
7.602459,11.652778,BRFSS,72412,,CORAL_BRFSS
-6.8489733,-18.835876,BRFSS,34235,,CORAL_BRFSS
-1.22075,11.923865,BRFSS,197636,,CORAL_BRFSS
-2.585291,10.324128,BRFSS,131672,,CORAL_BRFSS
9.863622,13.129443,BRFSS,440420,,CORAL_BRFSS
-2.8089774,3.919928,BRFSS,237888,,CORAL_BRFSS
5.37328,6.9165635,BRFSS,182121,,CORAL_BRFSS
15.528749,2.074632,BRFSS,135778,,CORAL_BRFSS
1.6155322,-13.216272,BRFSS,157021,,CORAL_BRFSS
14.286515,5.956708,BRFSS,196282,,CORAL_BRFSS
3.345805,11.892834,BRFSS,199649,,CORAL_BRFSS
-4.598876,6.280584,BRFSS,79137,,CORAL_BRFSS
-1.1916444,12.689942,BRFSS,363227,,CORAL_BRFSS
-5.1729293,5.386795,BRFSS,47418,,CORAL_BRFSS
6.348219,8.071186,BRFSS,85901,,CORAL_BRFSS
9.711969,13.185647,BRFSS,204465,,CORAL_BRFSS
-1.6117386,12.183615,BRFSS,154728,,CORAL_BRFSS
15.909438,1.1139051,BRFSS,334558,,CORAL_BRFSS
10.459194,12.5144415,BRFSS,69165,,CORAL_BRFSS
0.18448944,8.614441,BRFSS,145174,,CORAL_BRFSS
0.42292604,10.710897,BRFSS,434805,,CORAL_BRFSS
-7.073963,-19.534014,BRFSS,138093,,CORAL_BRFSS
14.382345,4.749123,BRFSS,352697,,CORAL_BRFSS
12.168844,6.606872,BRFSS,246816,,CORAL_BRFSS
-2.9419124,3.822035,BRFSS,223523,,CORAL_BRFSS
-3.891748,4.387811,BRFSS,76353,,CORAL_BRFSS
-7.095412,-19.259651,BRFSS,69776,,CORAL_BRFSS
-0.8380668,10.799354,BRFSS,184555,,CORAL_BRFSS
13.517788,7.048283,BRFSS,102696,,CORAL_BRFSS
0.7059557,8.139318,BRFSS,173425,,CORAL_BRFSS
-5.1552377,7.1057754,BRFSS,203665,,CORAL_BRFSS
-3.6364014,5.6388044,BRFSS,450072,,CORAL_BRFSS
8.887297,7.240213,BRFSS,224640,,CORAL_BRFSS
-0.12157482,6.3012857,BRFSS,313488,,CORAL_BRFSS
4.312016,7.7845573,BRFSS,323398,,CORAL_BRFSS
5.7979236,-16.9747,BRFSS,133330,,CORAL_BRFSS
-4.64553,4.465929,BRFSS,142630,,CORAL_BRFSS
3.613242,8.845313,BRFSS,69555,,CORAL_BRFSS
4.5168433,11.242224,BRFSS,194309,,CORAL_BRFSS
10.325805,5.085967,BRFSS,272857,,CORAL_BRFSS
14.552305,4.0558143,BRFSS,384055,,CORAL_BRFSS
1.3286448,11.430863,BRFSS,389293,,CORAL_BRFSS
9.671324,6.307142,BRFSS,358686,,CORAL_BRFSS
5.937482,11.69624,BRFSS,84214,,CORAL_BRFSS
3.7999625,8.440227,BRFSS,74676,,CORAL_BRFSS
-2.0319362,7.734395,BRFSS,232010,,CORAL_BRFSS
10.376298,5.368205,BRFSS,357227,,CORAL_BRFSS
-2.74187,2.2374346,BRFSS,325495,,CORAL_BRFSS
3.8237174,8.37059,BRFSS,31838,,CORAL_BRFSS
7.0124617,14.7637825,BRFSS,308151,,CORAL_BRFSS
5.791179,13.880291,BRFSS,237469,,CORAL_BRFSS
15.05214,2.0583723,BRFSS,284567,,CORAL_BRFSS
-2.36494,9.921808,BRFSS,334498,,CORAL_BRFSS
16.068485,1.5880171,BRFSS,187677,,CORAL_BRFSS
-1.6062977,10.936104,BRFSS,342622,,CORAL_BRFSS
16.223438,-2.001415,BRFSS,50790,,CORAL_BRFSS
-3.259138,-0.11901392,BRFSS,198282,,CORAL_BRFSS
5.190888,6.8526416,BRFSS,217905,,CORAL_BRFSS
-4.027248,4.242498,BRFSS,204624,,CORAL_BRFSS
15.020642,5.918167,BRFSS,29427,,CORAL_BRFSS
7.179088,15.0335245,BRFSS,449670,,CORAL_BRFSS
2.4061456,11.394253,BRFSS,18854,,CORAL_BRFSS
-1.7832485,8.771148,BRFSS,56362,,CORAL_BRFSS
5.8167343,-16.993555,BRFSS,323163,,CORAL_BRFSS
14.542022,4.0524673,BRFSS,438606,,CORAL_BRFSS
7.40816,13.771667,BRFSS,70710,,CORAL_BRFSS
-1.6308038,7.6785827,BRFSS,301124,,CORAL_BRFSS
14.075244,1.0730455,BRFSS,375213,,CORAL_BRFSS
-0.22333355,6.177357,BRFSS,378860,,CORAL_BRFSS
3.6419802,-6.804421,BRFSS,139147,,CORAL_BRFSS
10.513911,9.350904,BRFSS,261258,,CORAL_BRFSS
13.299995,3.8837667,BRFSS,302751,,CORAL_BRFSS
10.494338,12.438291,BRFSS,340117,,CORAL_BRFSS
5.824985,8.10182,BRFSS,341691,,CORAL_BRFSS
6.802855,8.452521,BRFSS,407276,,CORAL_BRFSS
10.580026,12.017444,BRFSS,18957,,CORAL_BRFSS
-1.9797902,3.0115945,BRFSS,273303,,CORAL_BRFSS
13.640296,7.452315,BRFSS,374969,,CORAL_BRFSS
14.946341,1.0861406,BRFSS,448777,,CORAL_BRFSS
-4.4718423,4.6825128,BRFSS,16507,,CORAL_BRFSS
8.395465,11.914062,BRFSS,339988,,CORAL_BRFSS
15.016274,5.910261,BRFSS,183854,,CORAL_BRFSS
5.729456,13.83078,BRFSS,141227,,CORAL_BRFSS
6.7314954,8.379686,BRFSS,64429,,CORAL_BRFSS
3.8005924,-6.681869,BRFSS,431005,,CORAL_BRFSS
14.979049,0.5215307,BRFSS,442646,,CORAL_BRFSS
-6.41034,-18.357647,BRFSS,50086,,CORAL_BRFSS
1.4547851,11.071148,BRFSS,366852,,CORAL_BRFSS
-3.4463172,-14.584222,BRFSS,272544,,CORAL_BRFSS
-0.45091608,13.016638,BRFSS,296373,,CORAL_BRFSS
-1.9773889,10.524252,BRFSS,415210,,CORAL_BRFSS
7.132549,10.8882265,BRFSS,304150,,CORAL_BRFSS
12.854242,3.3496606,BRFSS,231138,,CORAL_BRFSS
-0.41501644,13.138029,BRFSS,208200,,CORAL_BRFSS
20.355894,0.49862504,BRFSS,77164,,CORAL_BRFSS
8.130802,11.163717,BRFSS,94772,,CORAL_BRFSS
-6.3587623,-18.305363,BRFSS,173055,,CORAL_BRFSS
10.347724,5.0962386,BRFSS,279305,,CORAL_BRFSS
-1.7732755,2.803301,BRFSS,140200,,CORAL_BRFSS
-4.3677387,-13.654482,BRFSS,273518,,CORAL_BRFSS
2.5256326,7.383821,BRFSS,376774,,CORAL_BRFSS
0.12264415,7.492719,BRFSS,428740,,CORAL_BRFSS
10.506176,2.7888691,BRFSS,297410,,CORAL_BRFSS
5.6439633,6.5120244,BRFSS,159346,,CORAL_BRFSS
8.125786,14.091999,BRFSS,447640,,CORAL_BRFSS
-4.4813776,4.696349,BRFSS,334372,,CORAL_BRFSS
13.160684,3.260373,BRFSS,52603,,CORAL_BRFSS
-2.6475396,11.024125,BRFSS,225507,,CORAL_BRFSS
1.4033711,7.3623133,BRFSS,281222,,CORAL_BRFSS
9.0602,9.911625,BRFSS,104956,,CORAL_BRFSS
13.882792,7.3536654,BRFSS,307653,,CORAL_BRFSS
10.441259,4.0011783,BRFSS,327351,,CORAL_BRFSS
-5.0365376,6.8006563,BRFSS,387465,,CORAL_BRFSS
-2.2915556,0.78071874,BRFSS,224785,,CORAL_BRFSS
9.186859,6.5543575,BRFSS,357503,,CORAL_BRFSS
-5.1960917,5.2722335,BRFSS,435786,,CORAL_BRFSS
9.239947,3.840582,BRFSS,356856,,CORAL_BRFSS
16.213188,-1.9912148,BRFSS,377972,,CORAL_BRFSS
-3.7664175,7.1961074,BRFSS,100933,,CORAL_BRFSS
14.212814,7.2503867,BRFSS,316385,,CORAL_BRFSS
20.30958,0.4994168,BRFSS,375469,,CORAL_BRFSS
8.971905,13.4113245,BRFSS,383110,,CORAL_BRFSS
-5.0065813,7.028943,BRFSS,318867,,CORAL_BRFSS
8.146542,14.097093,BRFSS,375467,,CORAL_BRFSS
5.7598467,13.830441,BRFSS,249816,,CORAL_BRFSS
2.7218559,13.111879,NHANES,6843,Non-Hispanic Asian,CORAL_BRFSS
10.426972,3.639574,BRFSS,128473,,CORAL_BRFSS
7.4277406,6.2770534,BRFSS,212473,,CORAL_BRFSS
-3.8979485,1.7733144,NHANES,5400,Non-Hispanic Black,CORAL_BRFSS
15.727247,1.0175978,BRFSS,360017,,CORAL_BRFSS
-2.833781,0.9286977,BRFSS,59739,,CORAL_BRFSS
-4.0788765,6.407839,BRFSS,229766,,CORAL_BRFSS
7.976239,5.5500712,BRFSS,134580,,CORAL_BRFSS
0.372783,10.754328,BRFSS,32614,,CORAL_BRFSS
5.7656207,11.406355,BRFSS,311543,,CORAL_BRFSS
-1.9174383,6.0631413,BRFSS,254476,,CORAL_BRFSS
15.002897,6.629405,BRFSS,309146,,CORAL_BRFSS
8.093084,11.164877,BRFSS,376483,,CORAL_BRFSS
13.439066,6.9868584,BRFSS,273767,,CORAL_BRFSS
-3.7133224,2.8801746,BRFSS,384994,,CORAL_BRFSS
-2.9384618,3.117372,BRFSS,40660,,CORAL_BRFSS
10.326623,8.946496,BRFSS,91859,,CORAL_BRFSS
9.476972,3.4689846,BRFSS,184534,,CORAL_BRFSS
10.234851,6.0358853,BRFSS,66333,,CORAL_BRFSS
5.803398,-16.980415,BRFSS,303464,,CORAL_BRFSS
-4.730986,3.509791,BRFSS,27815,,CORAL_BRFSS
7.9879494,11.023065,BRFSS,185867,,CORAL_BRFSS
-1.8219185,2.9972742,BRFSS,406337,,CORAL_BRFSS
12.309136,4.904203,BRFSS,95419,,CORAL_BRFSS
1.9488095,6.729527,BRFSS,147539,,CORAL_BRFSS
-2.6074932,10.985592,BRFSS,133456,,CORAL_BRFSS
-1.1749414,10.5434475,BRFSS,140426,,CORAL_BRFSS
6.5849395,14.212461,BRFSS,73502,,CORAL_BRFSS
-4.6605268,-13.322672,BRFSS,423495,,CORAL_BRFSS
-4.6679688,3.2805116,BRFSS,170971,,CORAL_BRFSS
16.077665,1.5712304,BRFSS,315324,,CORAL_BRFSS
15.919354,1.1396333,BRFSS,321931,,CORAL_BRFSS
10.264185,-9.557802,NHANES,7053,Non-Hispanic Asian,CORAL_BRFSS
5.5719137,8.425267,BRFSS,345341,,CORAL_BRFSS
-3.768854,6.776003,BRFSS,330543,,CORAL_BRFSS
14.087267,6.223919,BRFSS,233600,,CORAL_BRFSS
-1.156775,7.540757,BRFSS,286242,,CORAL_BRFSS
7.8792825,5.579794,BRFSS,442774,,CORAL_BRFSS
3.7783916,8.531144,BRFSS,34296,,CORAL_BRFSS
-3.5454113,-14.548487,BRFSS,295504,,CORAL_BRFSS
6.9506445,12.055464,BRFSS,407897,,CORAL_BRFSS
0.59474903,8.602079,BRFSS,105781,,CORAL_BRFSS
1.622769,6.8653064,BRFSS,295055,,CORAL_BRFSS
6.5141172,14.129053,BRFSS,395862,,CORAL_BRFSS
5.557567,12.687991,BRFSS,443033,,CORAL_BRFSS
13.336971,4.2069073,BRFSS,280651,,CORAL_BRFSS
-1.7076014,2.9342597,BRFSS,55215,,CORAL_BRFSS
9.003344,4.5128927,BRFSS,35901,,CORAL_BRFSS
0.22125733,10.481694,BRFSS,75660,,CORAL_BRFSS
13.754944,0.5428252,BRFSS,260800,,CORAL_BRFSS
-0.7183886,9.502556,BRFSS,334616,,CORAL_BRFSS
3.8454182,11.759185,BRFSS,441620,,CORAL_BRFSS
-2.738419,2.710519,BRFSS,401175,,CORAL_BRFSS
14.562303,6.697634,BRFSS,167284,,CORAL_BRFSS
6.9535,13.985552,BRFSS,67088,,CORAL_BRFSS
2.11994,-12.962859,BRFSS,44039,,CORAL_BRFSS
6.7450514,14.360729,BRFSS,329485,,CORAL_BRFSS
7.7633686,6.3212366,BRFSS,327171,,CORAL_BRFSS
-4.369268,-13.652673,BRFSS,170198,,CORAL_BRFSS
2.7117896,8.509882,BRFSS,423150,,CORAL_BRFSS
-4.0184484,2.749605,BRFSS,292535,,CORAL_BRFSS
4.698041,13.78012,BRFSS,86945,,CORAL_BRFSS
-5.141242,6.466248,BRFSS,231388,,CORAL_BRFSS
-0.37180048,13.458944,BRFSS,197829,,CORAL_BRFSS
1.9832481,6.726014,BRFSS,224810,,CORAL_BRFSS
1.9153938,6.8213744,NHANES,7962,Mexican American,CORAL_BRFSS
-5.2212777,6.452844,BRFSS,229709,,CORAL_BRFSS
14.939241,0.4567651,BRFSS,445070,,CORAL_BRFSS
8.5627575,13.878456,BRFSS,255005,,CORAL_BRFSS
8.922603,6.579657,BRFSS,269414,,CORAL_BRFSS
-3.290279,-0.16035579,BRFSS,331134,,CORAL_BRFSS
10.43115,10.852189,BRFSS,261973,,CORAL_BRFSS
0.49911445,10.6655,BRFSS,414414,,CORAL_BRFSS
-3.884957,6.145905,BRFSS,58128,,CORAL_BRFSS
13.926616,5.6298347,BRFSS,161957,,CORAL_BRFSS
5.948081,7.0800138,BRFSS,386502,,CORAL_BRFSS
12.179708,6.608362,BRFSS,290921,,CORAL_BRFSS
-0.25336355,11.537909,BRFSS,48470,,CORAL_BRFSS
9.612057,12.485132,BRFSS,334196,,CORAL_BRFSS
2.3854246,11.569633,BRFSS,283798,,CORAL_BRFSS
-0.7882588,7.6859007,BRFSS,195695,,CORAL_BRFSS
3.158583,6.8368583,BRFSS,419126,,CORAL_BRFSS
-2.9217193,8.618516,BRFSS,169888,,CORAL_BRFSS
20.291382,0.5130965,NHANES,9063,Non-Hispanic White,CORAL_BRFSS
10.244307,-9.537951,PIMA,379,Pima Indian,CORAL_BRFSS
-2.7360344,0.95524085,BRFSS,256161,,CORAL_BRFSS
-3.3643637,0.15070443,BRFSS,27948,,CORAL_BRFSS
13.748449,0.50764805,BRFSS,84450,,CORAL_BRFSS
19.788595,0.59287876,BRFSS,76832,,CORAL_BRFSS
-7.0920935,-19.501366,BRFSS,371698,,CORAL_BRFSS
-2.25875,11.578126,BRFSS,190748,,CORAL_BRFSS
6.090942,12.580275,BRFSS,65813,,CORAL_BRFSS
-1.6592416,3.0374186,BRFSS,411110,,CORAL_BRFSS
9.754645,13.18396,BRFSS,25644,,CORAL_BRFSS
-3.7678356,4.365854,BRFSS,54538,,CORAL_BRFSS
2.1253688,12.377463,BRFSS,48252,,CORAL_BRFSS
10.0081625,-9.301938,PIMA,84,Pima Indian,CORAL_BRFSS
-2.537836,10.651181,BRFSS,328893,,CORAL_BRFSS
16.06991,1.5877291,BRFSS,211089,,CORAL_BRFSS
-6.3468533,-18.293743,BRFSS,274200,,CORAL_BRFSS
-2.354954,0.7417259,BRFSS,58518,,CORAL_BRFSS
12.842262,3.3580847,BRFSS,237460,,CORAL_BRFSS
-2.4686205,11.037026,BRFSS,279028,,CORAL_BRFSS
19.660238,0.5565048,BRFSS,266150,,CORAL_BRFSS
-4.74248,4.112114,BRFSS,443693,,CORAL_BRFSS
-1.8017472,6.466405,BRFSS,253380,,CORAL_BRFSS
3.1398392,6.8560977,BRFSS,135162,,CORAL_BRFSS
2.4007556,9.218745,BRFSS,77702,,CORAL_BRFSS
7.1002064,10.861366,BRFSS,356101,,CORAL_BRFSS
10.426726,4.586366,BRFSS,277665,,CORAL_BRFSS
-0.3427411,13.447501,BRFSS,292367,,CORAL_BRFSS
19.954657,0.5500147,BRFSS,151948,,CORAL_BRFSS
-4.3269677,6.967946,BRFSS,387560,,CORAL_BRFSS
-2.1429598,5.046285,BRFSS,10907,,CORAL_BRFSS
12.136483,3.8052225,BRFSS,86687,,CORAL_BRFSS
3.8356633,11.915439,BRFSS,198766,,CORAL_BRFSS
1.6399636,-13.199011,BRFSS,388965,,CORAL_BRFSS
1.8983059,6.762043,BRFSS,141453,,CORAL_BRFSS
-3.3624227,7.7363715,BRFSS,264026,,CORAL_BRFSS
12.112033,6.5944347,BRFSS,160214,,CORAL_BRFSS
14.178913,5.0858555,BRFSS,380177,,CORAL_BRFSS
6.6481433,12.270193,BRFSS,305856,,CORAL_BRFSS
10.429104,4.0001516,BRFSS,176543,,CORAL_BRFSS
-1.8045043,6.457119,BRFSS,59441,,CORAL_BRFSS
10.076761,11.290931,BRFSS,23120,,CORAL_BRFSS
8.2122965,14.097454,BRFSS,14555,,CORAL_BRFSS
6.7819686,8.090415,BRFSS,372327,,CORAL_BRFSS
3.2664301,12.016086,BRFSS,300846,,CORAL_BRFSS
5.077908,8.264962,BRFSS,447330,,CORAL_BRFSS
8.451691,13.624413,BRFSS,77663,,CORAL_BRFSS
19.922266,0.5651365,BRFSS,302658,,CORAL_BRFSS
-1.5758926,9.219946,BRFSS,407810,,CORAL_BRFSS
12.985423,7.012276,BRFSS,36120,,CORAL_BRFSS
-1.8254356,6.020433,BRFSS,278137,,CORAL_BRFSS
-2.2413373,8.026778,BRFSS,39252,,CORAL_BRFSS
-2.1929932,4.699507,BRFSS,257891,,CORAL_BRFSS
-2.191741,11.608789,BRFSS,106195,,CORAL_BRFSS
-2.2338653,10.260397,BRFSS,238776,,CORAL_BRFSS
-1.683937,6.7276106,BRFSS,235375,,CORAL_BRFSS
16.194073,-1.9733475,BRFSS,427773,,CORAL_BRFSS
13.134101,4.2371273,BRFSS,337507,,CORAL_BRFSS
2.1176715,-12.971046,BRFSS,152312,,CORAL_BRFSS
-2.5051415,11.210309,BRFSS,253817,,CORAL_BRFSS
-6.803126,-18.78107,BRFSS,411830,,CORAL_BRFSS
-1.613929,3.2942421,BRFSS,200501,,CORAL_BRFSS
10.55029,11.717147,BRFSS,433404,,CORAL_BRFSS
10.286707,2.8689396,BRFSS,433299,,CORAL_BRFSS
7.249388,8.385734,BRFSS,413965,,CORAL_BRFSS
6.6447787,12.270395,BRFSS,393051,,CORAL_BRFSS
-4.725482,3.543453,BRFSS,138297,,CORAL_BRFSS
-2.4786303,-14.571883,BRFSS,388670,,CORAL_BRFSS
-2.0706744,8.2261,BRFSS,421715,,CORAL_BRFSS
9.998411,8.6027565,BRFSS,234805,,CORAL_BRFSS
14.567149,6.868544,BRFSS,101535,,CORAL_BRFSS
14.357076,5.4605417,BRFSS,37231,,CORAL_BRFSS
-2.0505738,10.62301,BRFSS,292792,,CORAL_BRFSS
2.5934887,7.5533338,BRFSS,372079,,CORAL_BRFSS
0.46960706,8.442319,BRFSS,271667,,CORAL_BRFSS
14.60872,4.1339793,BRFSS,253093,,CORAL_BRFSS
-3.3092492,1.3674062,BRFSS,33900,,CORAL_BRFSS
5.8098464,14.051083,BRFSS,381803,,CORAL_BRFSS
14.151224,6.2558966,BRFSS,12278,,CORAL_BRFSS
-1.0765922,8.899173,BRFSS,222657,,CORAL_BRFSS
10.263634,11.896471,BRFSS,53434,,CORAL_BRFSS
-3.9561877,2.7582667,BRFSS,56739,,CORAL_BRFSS
13.690026,7.444746,BRFSS,401928,,CORAL_BRFSS
-1.7891346,2.770232,BRFSS,334750,,CORAL_BRFSS
17.62195,4.336754,BRFSS,446116,,CORAL_BRFSS
-0.016571881,7.2793283,BRFSS,144639,,CORAL_BRFSS
-0.37292328,13.392404,BRFSS,427070,,CORAL_BRFSS
9.166739,11.23388,BRFSS,362750,,CORAL_BRFSS
6.114504,7.208074,BRFSS,374784,,CORAL_BRFSS
-3.7953548,2.8993335,BRFSS,159105,,CORAL_BRFSS
-5.219415,6.2101784,BRFSS,187869,,CORAL_BRFSS
2.274758,11.049074,BRFSS,207820,,CORAL_BRFSS
-2.9473457,3.7820177,BRFSS,300023,,CORAL_BRFSS
2.2873788,8.877466,BRFSS,220305,,CORAL_BRFSS
-2.8451285,3.6173642,BRFSS,444348,,CORAL_BRFSS
-3.5399837,7.2811522,BRFSS,392096,,CORAL_BRFSS
15.023516,5.2916245,BRFSS,67285,,CORAL_BRFSS
16.056593,1.6223289,BRFSS,97990,,CORAL_BRFSS
-6.8234286,-19.888527,BRFSS,26246,,CORAL_BRFSS
4.053606,12.693414,BRFSS,382354,,CORAL_BRFSS
10.544248,11.119984,BRFSS,210229,,CORAL_BRFSS
14.117836,1.1255486,BRFSS,418051,,CORAL_BRFSS
14.8924885,0.41272512,BRFSS,23256,,CORAL_BRFSS
-0.98550344,13.022374,BRFSS,227424,,CORAL_BRFSS
2.4476862,11.309764,BRFSS,372559,,CORAL_BRFSS
10.453089,4.351851,BRFSS,413009,,CORAL_BRFSS
7.1976876,14.4161825,BRFSS,236181,,CORAL_BRFSS
4.247268,11.631776,BRFSS,351894,,CORAL_BRFSS
4.6710668,13.782775,BRFSS,286693,,CORAL_BRFSS
14.875929,6.149965,BRFSS,250962,,CORAL_BRFSS
11.022744,5.5058923,BRFSS,352867,,CORAL_BRFSS
-3.0793388,8.10734,BRFSS,358683,,CORAL_BRFSS
-2.9678917,3.747305,BRFSS,216690,,CORAL_BRFSS
-4.44432,4.685107,BRFSS,322085,,CORAL_BRFSS
1.9296955,12.593925,BRFSS,403753,,CORAL_BRFSS
5.8114,13.9691105,BRFSS,372609,,CORAL_BRFSS
11.431062,8.07615,BRFSS,161255,,CORAL_BRFSS
6.93848,13.788603,BRFSS,404369,,CORAL_BRFSS
-0.15633993,6.284105,BRFSS,280730,,CORAL_BRFSS
11.213089,8.132936,BRFSS,151852,,CORAL_BRFSS
-1.1000158,12.679004,BRFSS,26796,,CORAL_BRFSS
-7.105435,-19.392841,BRFSS,12083,,CORAL_BRFSS
-3.460373,1.0719689,BRFSS,331599,,CORAL_BRFSS
2.8907986,12.666478,BRFSS,182253,,CORAL_BRFSS
-1.1356665,12.694689,BRFSS,68592,,CORAL_BRFSS
0.0978332,11.027775,BRFSS,97119,,CORAL_BRFSS
-7.062584,-19.553377,BRFSS,258691,,CORAL_BRFSS
-3.942448,-14.145405,BRFSS,353912,,CORAL_BRFSS
9.045812,9.858319,BRFSS,365199,,CORAL_BRFSS
-3.3201728,-0.13543835,BRFSS,138050,,CORAL_BRFSS
1.8970089,11.462599,BRFSS,404028,,CORAL_BRFSS
-2.944102,5.643634,BRFSS,303457,,CORAL_BRFSS
12.323955,6.226444,BRFSS,61067,,CORAL_BRFSS
2.7247436,13.064474,BRFSS,241966,,CORAL_BRFSS
10.306897,3.9702291,BRFSS,35938,,CORAL_BRFSS
-2.9090044,10.0109,BRFSS,230131,,CORAL_BRFSS
6.639149,12.272009,BRFSS,70131,,CORAL_BRFSS
6.2147474,8.298671,BRFSS,254819,,CORAL_BRFSS
0.072232835,12.031531,BRFSS,342373,,CORAL_BRFSS
-2.0273738,10.506744,BRFSS,275364,,CORAL_BRFSS
-3.184397,0.07643101,BRFSS,100034,,CORAL_BRFSS
-4.052374,6.40613,BRFSS,422236,,CORAL_BRFSS
19.682499,0.5604147,BRFSS,83575,,CORAL_BRFSS
4.5266848,13.645426,BRFSS,403665,,CORAL_BRFSS
-5.1430182,5.45199,BRFSS,96570,,CORAL_BRFSS
3.0289423,10.971001,BRFSS,225508,,CORAL_BRFSS
5.494152,13.330053,BRFSS,432682,,CORAL_BRFSS
-4.3555913,-13.668362,BRFSS,289771,,CORAL_BRFSS
10.540057,12.221556,BRFSS,149385,,CORAL_BRFSS
14.595401,5.345215,BRFSS,261063,,CORAL_BRFSS
0.19165452,12.246616,BRFSS,191147,,CORAL_BRFSS
5.2697935,6.851314,BRFSS,115229,,CORAL_BRFSS
2.7821434,12.896064,BRFSS,71440,,CORAL_BRFSS
17.621256,4.336162,BRFSS,230808,,CORAL_BRFSS
14.527829,5.5389295,BRFSS,31365,,CORAL_BRFSS
2.0862372,-12.985458,BRFSS,160109,,CORAL_BRFSS
14.271847,4.7016892,BRFSS,283587,,CORAL_BRFSS
-1.0129782,6.3322496,BRFSS,288178,,CORAL_BRFSS
14.914337,4.81257,BRFSS,441070,,CORAL_BRFSS
5.826301,7.080033,BRFSS,351724,,CORAL_BRFSS
11.904475,4.679196,BRFSS,135071,,CORAL_BRFSS
2.5972097,7.395898,BRFSS,222317,,CORAL_BRFSS
-5.1588383,5.184591,BRFSS,354078,,CORAL_BRFSS
1.4486821,11.060395,BRFSS,146960,,CORAL_BRFSS
7.6529284,7.73814,BRFSS,434535,,CORAL_BRFSS
7.6638308,7.8969374,BRFSS,177957,,CORAL_BRFSS
3.9214582,8.1455,BRFSS,298962,,CORAL_BRFSS
5.9151373,8.27322,BRFSS,98973,,CORAL_BRFSS
14.977108,0.51645815,BRFSS,174653,,CORAL_BRFSS
9.763666,13.262426,BRFSS,103609,,CORAL_BRFSS
-1.5407159,4.913489,BRFSS,368941,,CORAL_BRFSS
1.7405915,-13.149924,BRFSS,47694,,CORAL_BRFSS
-1.2758197,9.897695,BRFSS,139469,,CORAL_BRFSS
-3.6835368,-14.42107,BRFSS,212482,,CORAL_BRFSS
13.710747,-0.057713665,BRFSS,153654,,CORAL_BRFSS
10.669146,5.1701627,BRFSS,162194,,CORAL_BRFSS
15.185493,1.13319,BRFSS,370021,,CORAL_BRFSS
-6.812514,-18.787678,BRFSS,339342,,CORAL_BRFSS
9.149048,4.090365,BRFSS,85654,,CORAL_BRFSS
9.162432,10.084395,BRFSS,114653,,CORAL_BRFSS
7.1218734,10.8848295,BRFSS,21063,,CORAL_BRFSS
14.348004,1.452905,BRFSS,362712,,CORAL_BRFSS
-6.4004817,-18.347866,BRFSS,221211,,CORAL_BRFSS
-2.7067358,-14.667724,BRFSS,442325,,CORAL_BRFSS
-1.6199013,6.610067,BRFSS,321539,,CORAL_BRFSS
-0.8475455,10.368076,BRFSS,296386,,CORAL_BRFSS
5.577016,8.324507,BRFSS,109925,,CORAL_BRFSS
14.239841,7.24449,BRFSS,195891,,CORAL_BRFSS
10.001522,-9.295334,PIMA,351,Pima Indian,CORAL_BRFSS
-2.2751164,0.8679923,BRFSS,192538,,CORAL_BRFSS
-1.1336023,8.955108,BRFSS,447460,,CORAL_BRFSS
10.584952,11.4166355,BRFSS,25256,,CORAL_BRFSS
-1.2419652,7.1856103,BRFSS,13510,,CORAL_BRFSS
12.153327,6.548146,BRFSS,269096,,CORAL_BRFSS
-2.2910473,8.009654,BRFSS,47973,,CORAL_BRFSS
16.207483,-1.986811,BRFSS,242044,,CORAL_BRFSS
-4.2674546,-13.76744,BRFSS,73529,,CORAL_BRFSS
10.969362,5.5304823,BRFSS,191647,,CORAL_BRFSS
4.6969094,11.510453,BRFSS,142114,,CORAL_BRFSS
2.1276793,-12.95521,BRFSS,112169,,CORAL_BRFSS
9.67098,12.71398,BRFSS,134583,,CORAL_BRFSS
3.8122418,12.036439,BRFSS,27451,,CORAL_BRFSS
6.319815,6.3683014,BRFSS,105846,,CORAL_BRFSS
4.694022,11.421519,BRFSS,215130,,CORAL_BRFSS
5.979367,13.266917,BRFSS,207345,,CORAL_BRFSS
5.7662334,8.058013,BRFSS,369441,,CORAL_BRFSS
3.7332737,7.371659,BRFSS,446905,,CORAL_BRFSS
9.9026375,3.0215683,BRFSS,315780,,CORAL_BRFSS
-7.1061287,-19.377964,BRFSS,162621,,CORAL_BRFSS
19.849949,0.57254153,BRFSS,375366,,CORAL_BRFSS
7.470524,7.3053308,BRFSS,370097,,CORAL_BRFSS
11.133588,11.237899,BRFSS,232458,,CORAL_BRFSS
8.752786,12.981287,BRFSS,35495,,CORAL_BRFSS
5.9276676,12.435678,BRFSS,222313,,CORAL_BRFSS
1.4867818,-13.28293,BRFSS,143311,,CORAL_BRFSS
-3.3176854,-14.642163,BRFSS,202726,,CORAL_BRFSS
7.2105026,7.913847,BRFSS,146288,,CORAL_BRFSS
13.375375,4.72432,BRFSS,53520,,CORAL_BRFSS
-3.5895739,2.1643736,BRFSS,107688,,CORAL_BRFSS
-0.14477712,8.114493,BRFSS,104563,,CORAL_BRFSS
-4.902975,6.8252487,BRFSS,276109,,CORAL_BRFSS
-7.094342,-19.50372,BRFSS,344521,,CORAL_BRFSS
12.12301,4.2947783,BRFSS,162212,,CORAL_BRFSS
2.0980291,-12.979343,BRFSS,300535,,CORAL_BRFSS
6.923445,14.581985,BRFSS,183950,,CORAL_BRFSS
15.502485,2.0142667,BRFSS,411829,,CORAL_BRFSS
-1.5426056,10.848042,BRFSS,199889,,CORAL_BRFSS
8.390433,11.981252,BRFSS,72527,,CORAL_BRFSS
6.704882,11.118261,BRFSS,169120,,CORAL_BRFSS
9.806593,9.151567,BRFSS,435150,,CORAL_BRFSS
1.9262372,7.0702524,BRFSS,325349,,CORAL_BRFSS
-7.1015816,-19.519573,BRFSS,332711,,CORAL_BRFSS
15.701203,1.982386,BRFSS,119342,,CORAL_BRFSS
-4.3333254,7.099841,BRFSS,327797,,CORAL_BRFSS
14.66561,6.695072,BRFSS,51135,,CORAL_BRFSS
19.779894,0.5818485,BRFSS,338650,,CORAL_BRFSS
5.6598034,8.597418,BRFSS,310808,,CORAL_BRFSS
-3.5398104,0.41596648,BRFSS,448726,,CORAL_BRFSS
6.770133,11.583907,BRFSS,358141,,CORAL_BRFSS
-3.0492997,8.069948,BRFSS,280805,,CORAL_BRFSS
3.1529458,8.735593,BRFSS,222817,,CORAL_BRFSS
-4.051211,2.4834096,BRFSS,154578,,CORAL_BRFSS
-3.7520347,7.2123647,BRFSS,307067,,CORAL_BRFSS
-0.92551035,9.22753,BRFSS,187692,,CORAL_BRFSS
14.678947,6.8908243,BRFSS,196598,,CORAL_BRFSS
-3.2875853,-0.09747385,BRFSS,331920,,CORAL_BRFSS
2.1048899,-12.976121,BRFSS,283466,,CORAL_BRFSS
-3.0136378,0.76026934,BRFSS,111157,,CORAL_BRFSS
-4.693294,6.3009644,BRFSS,169258,,CORAL_BRFSS
10.081641,12.865198,BRFSS,187045,,CORAL_BRFSS
10.105975,11.399595,BRFSS,441544,,CORAL_BRFSS
-3.2177734,4.8540883,BRFSS,119103,,CORAL_BRFSS
5.560871,13.490418,BRFSS,248674,,CORAL_BRFSS
-4.0299425,2.5096164,BRFSS,150614,,CORAL_BRFSS
7.0539074,6.2298503,BRFSS,433573,,CORAL_BRFSS
-0.9521768,11.702434,BRFSS,255007,,CORAL_BRFSS
10.019908,-9.313767,NHANES,5710,Non-Hispanic Asian,CORAL_BRFSS
-2.1794994,7.8232126,BRFSS,59999,,CORAL_BRFSS
-2.8280997,9.268394,BRFSS,262856,,CORAL_BRFSS
-6.800284,-19.919762,BRFSS,34758,,CORAL_BRFSS
-2.6382413,-14.649387,BRFSS,290628,,CORAL_BRFSS
8.821359,10.774613,BRFSS,208179,,CORAL_BRFSS
5.821431,7.552718,BRFSS,322796,,CORAL_BRFSS
-2.9117367,9.584097,BRFSS,44273,,CORAL_BRFSS
6.826907,14.635294,BRFSS,271597,,CORAL_BRFSS
17.869331,4.4513655,BRFSS,24473,,CORAL_BRFSS
-2.9067097,10.017275,BRFSS,45856,,CORAL_BRFSS
10.255341,6.045174,BRFSS,24351,,CORAL_BRFSS
14.220266,6.2773786,BRFSS,344283,,CORAL_BRFSS
-5.1574397,7.2028427,BRFSS,135469,,CORAL_BRFSS
2.2466881,12.123318,BRFSS,75350,,CORAL_BRFSS
5.6552906,7.861938,BRFSS,265900,,CORAL_BRFSS
10.584827,11.371267,BRFSS,418904,,CORAL_BRFSS
7.41984,13.7837925,BRFSS,186817,,CORAL_BRFSS
16.155739,-1.9436861,BRFSS,84034,,CORAL_BRFSS
10.224006,-9.517662,NHANES,3289,Non-Hispanic White,CORAL_BRFSS
7.7409286,11.957066,BRFSS,232760,,CORAL_BRFSS
3.5358179,8.731221,BRFSS,181345,,CORAL_BRFSS
-7.018132,-19.093964,BRFSS,175524,,CORAL_BRFSS
-0.032135356,7.940473,BRFSS,214900,,CORAL_BRFSS
12.234468,4.020103,BRFSS,104085,,CORAL_BRFSS
10.99859,8.174064,BRFSS,227649,,CORAL_BRFSS
15.902354,1.1154157,BRFSS,417251,,CORAL_BRFSS
5.8308315,-17.007614,BRFSS,24007,,CORAL_BRFSS
9.603395,12.480519,BRFSS,124369,,CORAL_BRFSS
-2.8180726,5.405891,BRFSS,193786,,CORAL_BRFSS
7.174455,15.036495,BRFSS,244475,,CORAL_BRFSS
9.851737,13.019947,BRFSS,77644,,CORAL_BRFSS
6.867357,11.774136,BRFSS,277790,,CORAL_BRFSS
-2.963923,10.186733,BRFSS,134844,,CORAL_BRFSS
-2.7530296,-14.667794,BRFSS,363754,,CORAL_BRFSS
3.7304647,7.3413043,BRFSS,300538,,CORAL_BRFSS
-4.5881276,6.1097302,BRFSS,444770,,CORAL_BRFSS
8.892791,7.273827,BRFSS,410530,,CORAL_BRFSS
13.513643,6.804661,BRFSS,331232,,CORAL_BRFSS
13.593706,4.3469243,BRFSS,421853,,CORAL_BRFSS
11.741452,7.9200754,BRFSS,287981,,CORAL_BRFSS
7.439545,7.158923,BRFSS,424317,,CORAL_BRFSS
6.63836,8.290213,BRFSS,360310,,CORAL_BRFSS
14.593368,4.4627314,BRFSS,67884,,CORAL_BRFSS
4.505372,-6.7301884,BRFSS,69583,,CORAL_BRFSS
16.214045,-1.9929954,BRFSS,219690,,CORAL_BRFSS
5.7151914,7.147839,BRFSS,442779,,CORAL_BRFSS
1.9286565,12.607028,BRFSS,196012,,CORAL_BRFSS
-2.7218692,10.85726,BRFSS,138191,,CORAL_BRFSS
10.618614,3.4321702,BRFSS,109246,,CORAL_BRFSS
14.359848,5.5138955,BRFSS,366512,,CORAL_BRFSS
-3.8306592,1.913211,BRFSS,352275,,CORAL_BRFSS
-2.5420752,10.667642,BRFSS,342456,,CORAL_BRFSS
-1.8869787,3.4632418,BRFSS,445190,,CORAL_BRFSS
-1.6075652,3.171228,BRFSS,253234,,CORAL_BRFSS
13.776328,0.5833469,BRFSS,266527,,CORAL_BRFSS
10.756626,9.849534,BRFSS,346069,,CORAL_BRFSS
9.386213,10.463237,BRFSS,28272,,CORAL_BRFSS
-1.2361145,11.238478,BRFSS,32631,,CORAL_BRFSS
-3.9521713,4.3031836,BRFSS,161161,,CORAL_BRFSS
10.005492,-9.299335,NHANES,2061,Non-Hispanic Black,CORAL_BRFSS
14.068647,1.0542895,BRFSS,416184,,CORAL_BRFSS
-3.5740757,0.4527673,BRFSS,183497,,CORAL_BRFSS
10.563265,3.467842,NHANES,7004,Non-Hispanic White,CORAL_BRFSS
-2.215515,10.238347,BRFSS,296108,,CORAL_BRFSS
6.2219644,7.1352787,BRFSS,82629,,CORAL_BRFSS
5.8912663,6.406822,BRFSS,158912,,CORAL_BRFSS
2.84351,6.828328,BRFSS,247716,,CORAL_BRFSS
4.509615,11.250578,BRFSS,163385,,CORAL_BRFSS
-3.7369823,5.2030697,BRFSS,297217,,CORAL_BRFSS
19.674067,0.552548,BRFSS,357409,,CORAL_BRFSS
8.22677,14.10016,BRFSS,10698,,CORAL_BRFSS
8.842438,7.2091646,BRFSS,288893,,CORAL_BRFSS
-5.040947,5.873646,BRFSS,133177,,CORAL_BRFSS
-3.2262719,0.22784328,BRFSS,353048,,CORAL_BRFSS
8.066335,11.134335,BRFSS,338315,,CORAL_BRFSS
-2.8544972,2.8496466,BRFSS,28178,,CORAL_BRFSS
-3.3921654,0.46436554,BRFSS,168721,,CORAL_BRFSS
-1.3403561,12.71785,BRFSS,115315,,CORAL_BRFSS
10.024452,-9.318302,NHANES,4890,Non-Hispanic White,CORAL_BRFSS
6.7798223,11.566236,BRFSS,431600,,CORAL_BRFSS
0.057613466,11.071539,BRFSS,377353,,CORAL_BRFSS
-0.3903394,13.3858,BRFSS,338870,,CORAL_BRFSS
2.121692,8.807918,BRFSS,317287,,CORAL_BRFSS
2.482115,8.921764,BRFSS,299987,,CORAL_BRFSS
13.617692,2.665343,BRFSS,320318,,CORAL_BRFSS
14.647229,5.05556,BRFSS,259988,,CORAL_BRFSS
0.6608962,9.253454,BRFSS,145695,,CORAL_BRFSS
13.928191,0.827573,BRFSS,386223,,CORAL_BRFSS
-4.779063,6.831946,BRFSS,245582,,CORAL_BRFSS
6.362822,13.835484,BRFSS,387610,,CORAL_BRFSS
-4.011633,2.544796,BRFSS,146956,,CORAL_BRFSS
2.5654824,12.445366,BRFSS,229200,,CORAL_BRFSS
-0.5646519,7.781016,BRFSS,265909,,CORAL_BRFSS
2.9838302,11.315652,BRFSS,224434,,CORAL_BRFSS
1.6425608,-13.195493,BRFSS,271066,,CORAL_BRFSS
5.4349117,12.427321,BRFSS,355959,,CORAL_BRFSS
-3.958414,2.6184893,BRFSS,335395,,CORAL_BRFSS
11.302738,8.1323,BRFSS,306316,,CORAL_BRFSS
-3.3823073,4.483543,BRFSS,378704,,CORAL_BRFSS
13.943568,3.926523,BRFSS,435086,,CORAL_BRFSS
1.1090338,8.712557,BRFSS,272767,,CORAL_BRFSS
20.054354,0.5308393,BRFSS,269406,,CORAL_BRFSS
13.589217,4.328691,BRFSS,66235,,CORAL_BRFSS
7.1542172,6.973363,BRFSS,186279,,CORAL_BRFSS
13.450405,4.73502,BRFSS,427587,,CORAL_BRFSS
4.067794,-6.634183,BRFSS,46182,,CORAL_BRFSS
1.9742225,-13.038685,BRFSS,301104,,CORAL_BRFSS
-3.7413378,6.7784343,BRFSS,87792,,CORAL_BRFSS
2.7262383,13.121007,BRFSS,330482,,CORAL_BRFSS
-3.5865865,5.6291924,BRFSS,140729,,CORAL_BRFSS
11.161937,11.072857,BRFSS,102728,,CORAL_BRFSS
-5.1812735,6.416315,BRFSS,437646,,CORAL_BRFSS
-5.1931906,6.252658,BRFSS,289733,,CORAL_BRFSS
-2.0398753,3.0086691,BRFSS,390628,,CORAL_BRFSS
3.7828813,8.352265,BRFSS,65889,,CORAL_BRFSS
-3.2308064,0.2389351,BRFSS,368113,,CORAL_BRFSS
-5.2204466,6.3251643,BRFSS,141990,,CORAL_BRFSS
12.652448,7.474363,BRFSS,236788,,CORAL_BRFSS
-1.1284246,6.9416437,BRFSS,380710,,CORAL_BRFSS
10.23587,8.7859125,BRFSS,18234,,CORAL_BRFSS
-0.43138292,12.710305,BRFSS,72028,,CORAL_BRFSS
0.5521955,9.553152,BRFSS,211913,,CORAL_BRFSS
8.607429,13.701536,BRFSS,95523,,CORAL_BRFSS
9.6883955,10.722575,BRFSS,306631,,CORAL_BRFSS
-0.93384176,9.196811,BRFSS,253066,,CORAL_BRFSS
6.5867953,8.53515,BRFSS,57290,,CORAL_BRFSS
6.9000497,8.124782,BRFSS,202935,,CORAL_BRFSS
7.4064865,13.784346,BRFSS,186215,,CORAL_BRFSS
5.7862177,8.060985,BRFSS,49731,,CORAL_BRFSS
-3.5457816,0.89450043,BRFSS,329536,,CORAL_BRFSS
-2.1133082,4.9978824,BRFSS,264511,,CORAL_BRFSS
-3.6977923,0.79291993,BRFSS,96357,,CORAL_BRFSS
2.6746643,8.007751,BRFSS,198837,,CORAL_BRFSS
-1.7201477,3.2467408,BRFSS,295242,,CORAL_BRFSS
-4.884454,3.960722,BRFSS,342211,,CORAL_BRFSS
12.229302,6.3277287,BRFSS,279015,,CORAL_BRFSS
12.958574,7.3769817,BRFSS,52485,,CORAL_BRFSS
10.354347,10.638375,BRFSS,363654,,CORAL_BRFSS
14.998195,6.6216283,BRFSS,328146,,CORAL_BRFSS
-4.683703,-13.298574,BRFSS,217298,,CORAL_BRFSS
14.841455,5.8232293,BRFSS,16605,,CORAL_BRFSS
-3.948229,4.9525423,BRFSS,440440,,CORAL_BRFSS
1.9401004,7.1628265,BRFSS,107766,,CORAL_BRFSS
16.153198,-1.9379771,BRFSS,295978,,CORAL_BRFSS
-5.1296763,7.3382635,BRFSS,214050,,CORAL_BRFSS
10.401622,2.832822,BRFSS,241603,,CORAL_BRFSS
-1.0372978,7.794408,BRFSS,117044,,CORAL_BRFSS
-3.8380578,1.3641864,BRFSS,443829,,CORAL_BRFSS
6.311222,6.3327813,BRFSS,176125,,CORAL_BRFSS
-2.673085,11.080457,BRFSS,80005,,CORAL_BRFSS
-3.9559596,4.393225,BRFSS,204312,,CORAL_BRFSS
5.3448043,8.509467,BRFSS,350240,,CORAL_BRFSS
12.316785,4.91684,BRFSS,196851,,CORAL_BRFSS
4.5018983,-6.71737,BRFSS,350491,,CORAL_BRFSS
-7.11366,-19.365286,BRFSS,346995,,CORAL_BRFSS
6.8904963,11.794188,BRFSS,392688,,CORAL_BRFSS
12.029989,3.8545146,BRFSS,166805,,CORAL_BRFSS
14.17704,5.3808055,BRFSS,225089,,CORAL_BRFSS
-0.94770575,12.866907,BRFSS,158011,,CORAL_BRFSS
10.29185,12.4942,BRFSS,258459,,CORAL_BRFSS
-3.2115328,4.8579826,BRFSS,54158,,CORAL_BRFSS
-3.1790745,8.359994,BRFSS,160672,,CORAL_BRFSS
-0.47379413,9.924468,BRFSS,118793,,CORAL_BRFSS
-6.8234954,-18.798178,BRFSS,415069,,CORAL_BRFSS
-2.9221745,0.8176921,BRFSS,231548,,CORAL_BRFSS
0.18651177,8.576743,BRFSS,64434,,CORAL_BRFSS
-1.1938251,12.708483,BRFSS,182152,,CORAL_BRFSS
-0.5303906,7.766223,BRFSS,149575,,CORAL_BRFSS
12.205918,3.6416845,BRFSS,89431,,CORAL_BRFSS
15.909529,1.1179608,BRFSS,24736,,CORAL_BRFSS
-4.4208083,6.1176023,BRFSS,330977,,CORAL_BRFSS
3.4351265,11.749496,BRFSS,287033,,CORAL_BRFSS
6.0053926,6.5930457,BRFSS,171604,,CORAL_BRFSS
-0.968248,11.6872835,BRFSS,289245,,CORAL_BRFSS
-4.591055,-13.397812,BRFSS,177156,,CORAL_BRFSS
14.60267,4.480775,BRFSS,311031,,CORAL_BRFSS
5.342577,12.993517,BRFSS,122056,,CORAL_BRFSS
-2.9334486,9.820077,BRFSS,396732,,CORAL_BRFSS
-1.8336122,2.7049687,BRFSS,75411,,CORAL_BRFSS
-3.5659728,-14.525224,BRFSS,248046,,CORAL_BRFSS
-1.7046382,3.9970858,BRFSS,272136,,CORAL_BRFSS
-3.5475461,-14.54689,BRFSS,147780,,CORAL_BRFSS
-2.6405537,2.89304,BRFSS,232208,,CORAL_BRFSS
0.6240255,8.543707,BRFSS,63572,,CORAL_BRFSS
-3.5036402,2.43447,BRFSS,331928,,CORAL_BRFSS
14.40697,5.977465,BRFSS,134571,,CORAL_BRFSS
8.597848,6.96452,BRFSS,127168,,CORAL_BRFSS
13.420982,6.8072433,BRFSS,208549,,CORAL_BRFSS
10.436317,4.355098,BRFSS,404941,,CORAL_BRFSS
-3.4084792,0.4820767,BRFSS,65240,,CORAL_BRFSS
-0.017832607,8.53892,BRFSS,110753,,CORAL_BRFSS
5.4818683,7.0214643,BRFSS,316316,,CORAL_BRFSS
-0.7169132,9.524833,BRFSS,183850,,CORAL_BRFSS
-5.064592,7.4352045,BRFSS,338586,,CORAL_BRFSS
-5.098569,6.5384693,BRFSS,200923,,CORAL_BRFSS
-3.6783123,1.2796923,BRFSS,122943,,CORAL_BRFSS
-6.728674,-19.973396,BRFSS,322772,,CORAL_BRFSS
3.4479973,8.8298235,BRFSS,353523,,CORAL_BRFSS
-2.6169362,9.412871,BRFSS,297119,,CORAL_BRFSS
2.3192804,11.685539,BRFSS,296850,,CORAL_BRFSS
-0.05869232,8.589329,BRFSS,225471,,CORAL_BRFSS
20.346432,0.49187347,BRFSS,372718,,CORAL_BRFSS
4.363959,11.274722,BRFSS,377482,,CORAL_BRFSS
-1.1680596,10.5489,BRFSS,339113,,CORAL_BRFSS
-6.8474,-18.832806,BRFSS,425830,,CORAL_BRFSS
-2.7518408,5.51107,BRFSS,307216,,CORAL_BRFSS
7.575841,10.842291,BRFSS,70163,,CORAL_BRFSS
4.5929613,-6.7833357,BRFSS,253352,,CORAL_BRFSS
4.6928797,13.781609,BRFSS,20567,,CORAL_BRFSS
-2.7104108,9.003402,BRFSS,375099,,CORAL_BRFSS
2.5561833,12.413769,BRFSS,245308,,CORAL_BRFSS
-3.5639522,7.276184,BRFSS,231957,,CORAL_BRFSS
13.266793,3.485975,BRFSS,246054,,CORAL_BRFSS
9.015791,9.85028,BRFSS,200336,,CORAL_BRFSS
-0.98760223,9.292011,BRFSS,56938,,CORAL_BRFSS
9.117673,4.0698266,BRFSS,432977,,CORAL_BRFSS
-0.8001818,9.584142,BRFSS,434404,,CORAL_BRFSS
-3.7940412,5.128246,BRFSS,89303,,CORAL_BRFSS
9.628276,13.278869,BRFSS,94618,,CORAL_BRFSS
10.355443,3.9066129,NHANES,4541,Other Hispanic,CORAL_BRFSS
-7.1053123,-19.362478,BRFSS,158010,,CORAL_BRFSS
-0.004598879,7.2783933,BRFSS,142223,,CORAL_BRFSS
-1.3717995,11.44871,BRFSS,76891,,CORAL_BRFSS
5.5336623,6.7708845,BRFSS,75399,,CORAL_BRFSS
8.124882,14.0726595,BRFSS,352767,,CORAL_BRFSS
1.4082587,-13.321145,BRFSS,143327,,CORAL_BRFSS
10.339253,5.0941668,BRFSS,365799,,CORAL_BRFSS
-4.3275924,6.1357203,BRFSS,441119,,CORAL_BRFSS
4.3490634,11.257597,BRFSS,343272,,CORAL_BRFSS
-3.3984306,3.0172656,BRFSS,388138,,CORAL_BRFSS
-4.6647763,-13.319148,BRFSS,94791,,CORAL_BRFSS
1.0579,7.5251455,BRFSS,413218,,CORAL_BRFSS
15.633452,0.9534052,BRFSS,235665,,CORAL_BRFSS
16.073797,1.5774013,BRFSS,114998,,CORAL_BRFSS
1.4949609,-13.275891,BRFSS,15089,,CORAL_BRFSS
0.63151515,10.55712,BRFSS,437939,,CORAL_BRFSS
10.510511,3.7050471,BRFSS,158676,,CORAL_BRFSS
-2.7516766,2.4314487,BRFSS,273407,,CORAL_BRFSS
6.729716,8.380333,BRFSS,204162,,CORAL_BRFSS
-2.777124,2.1590915,BRFSS,155613,,CORAL_BRFSS
8.95827,13.400098,BRFSS,268318,,CORAL_BRFSS
12.440979,6.131935,BRFSS,173523,,CORAL_BRFSS
13.747149,0.5039655,BRFSS,244760,,CORAL_BRFSS
0.50361687,9.624165,BRFSS,102484,,CORAL_BRFSS
6.7250686,11.3730955,BRFSS,30265,,CORAL_BRFSS
5.724981,12.1320305,BRFSS,445788,,CORAL_BRFSS
12.138329,6.5910664,BRFSS,220253,,CORAL_BRFSS
12.913493,6.97543,BRFSS,364426,,CORAL_BRFSS
3.9328725,7.995042,BRFSS,324860,,CORAL_BRFSS
5.821979,-16.998777,BRFSS,185682,,CORAL_BRFSS
13.717393,-0.07644469,BRFSS,233883,,CORAL_BRFSS
13.74326,0.51365775,BRFSS,244471,,CORAL_BRFSS
11.551677,5.309979,BRFSS,291841,,CORAL_BRFSS
-1.8177576,3.8855433,BRFSS,393362,,CORAL_BRFSS
-2.8663533,5.5017653,BRFSS,430072,,CORAL_BRFSS
-2.9625857,1.1060591,BRFSS,140176,,CORAL_BRFSS
9.61743,12.461473,BRFSS,114966,,CORAL_BRFSS
15.654816,2.007522,BRFSS,377129,,CORAL_BRFSS
20.187122,0.5049003,BRFSS,173027,,CORAL_BRFSS
10.465126,2.8044763,BRFSS,249308,,CORAL_BRFSS
11.081049,8.164807,BRFSS,146441,,CORAL_BRFSS
12.081658,6.5979104,BRFSS,301314,,CORAL_BRFSS
8.944122,10.926978,BRFSS,207144,,CORAL_BRFSS
14.168563,5.367178,BRFSS,428095,,CORAL_BRFSS
5.7951417,-16.971659,BRFSS,372047,,CORAL_BRFSS
-1.3277869,6.101122,BRFSS,348426,,CORAL_BRFSS
-2.5937018,10.980068,BRFSS,329629,,CORAL_BRFSS
3.0925345,6.8645997,BRFSS,74768,,CORAL_BRFSS
12.308768,6.6666207,BRFSS,114680,,CORAL_BRFSS
-2.2376318,9.004864,BRFSS,354153,,CORAL_BRFSS
-4.2842464,4.5492525,BRFSS,330509,,CORAL_BRFSS
20.222908,0.50125635,BRFSS,427681,,CORAL_BRFSS
2.9815671,11.241384,BRFSS,117948,,CORAL_BRFSS
-4.70922,4.153189,BRFSS,281369,,CORAL_BRFSS
13.446744,4.7393484,BRFSS,427112,,CORAL_BRFSS
-6.8267765,-18.813416,BRFSS,235654,,CORAL_BRFSS
14.3626375,6.2793927,BRFSS,95808,,CORAL_BRFSS
-4.712734,6.2621856,BRFSS,71509,,CORAL_BRFSS
9.345028,6.7600265,BRFSS,431798,,CORAL_BRFSS
3.1136737,6.9157877,BRFSS,133304,,CORAL_BRFSS
-0.8830388,11.9963455,BRFSS,207867,,CORAL_BRFSS
-1.3834319,4.7671547,BRFSS,154654,,CORAL_BRFSS
-0.41173267,13.373685,BRFSS,266300,,CORAL_BRFSS
5.4517198,12.491528,BRFSS,218891,,CORAL_BRFSS
10.69381,5.045608,BRFSS,313461,,CORAL_BRFSS
-4.582778,-13.40653,BRFSS,153417,,CORAL_BRFSS
10.069256,11.287231,BRFSS,205773,,CORAL_BRFSS
-2.60261,2.8969774,BRFSS,419605,,CORAL_BRFSS
5.0889215,8.197401,BRFSS,408361,,CORAL_BRFSS
-3.7959244,-14.310099,BRFSS,182473,,CORAL_BRFSS
0.3862866,10.7282915,BRFSS,195510,,CORAL_BRFSS
12.319951,4.930422,BRFSS,301256,,CORAL_BRFSS
-3.463074,7.3108273,BRFSS,305346,,CORAL_BRFSS
1.9717426,-13.039901,BRFSS,237842,,CORAL_BRFSS
13.903799,6.7120843,BRFSS,164608,,CORAL_BRFSS
8.38651,11.98868,BRFSS,427237,,CORAL_BRFSS
-3.5445697,6.9108796,BRFSS,246051,,CORAL_BRFSS
-3.0707018,0.38516858,BRFSS,144173,,CORAL_BRFSS
-7.1107264,-19.33193,BRFSS,23257,,CORAL_BRFSS
14.958238,2.0146005,BRFSS,121374,,CORAL_BRFSS
14.104928,5.803785,BRFSS,80710,,CORAL_BRFSS
19.661285,0.55657154,BRFSS,337919,,CORAL_BRFSS
-3.127082,8.187364,BRFSS,263100,,CORAL_BRFSS
-1.6338117,4.144777,BRFSS,368678,,CORAL_BRFSS
9.896327,13.124619,BRFSS,362989,,CORAL_BRFSS
12.842588,3.3557007,BRFSS,226992,,CORAL_BRFSS
13.666287,4.186807,BRFSS,162269,,CORAL_BRFSS
4.1238875,8.51404,BRFSS,427443,,CORAL_BRFSS
11.170202,11.092123,BRFSS,51938,,CORAL_BRFSS
4.83363,-6.9278064,BRFSS,226909,,CORAL_BRFSS
-3.9280555,6.742371,BRFSS,77729,,CORAL_BRFSS
15.029039,5.1881146,BRFSS,104462,,CORAL_BRFSS
-2.536397,11.227773,BRFSS,50370,,CORAL_BRFSS
4.588418,11.331623,BRFSS,195471,,CORAL_BRFSS
11.067643,10.682667,BRFSS,177954,,CORAL_BRFSS
5.893553,12.433243,BRFSS,271099,,CORAL_BRFSS
-4.310017,4.119623,BRFSS,436879,,CORAL_BRFSS
14.973593,0.5121514,BRFSS,442631,,CORAL_BRFSS
-3.5402215,7.272439,BRFSS,267114,,CORAL_BRFSS
13.615276,3.36955,BRFSS,35122,,CORAL_BRFSS
-2.6909342,2.3485255,BRFSS,33716,,CORAL_BRFSS
19.673634,0.5593672,BRFSS,328265,,CORAL_BRFSS
5.506903,13.383206,BRFSS,24258,,CORAL_BRFSS
-2.5717745,10.771562,BRFSS,383950,,CORAL_BRFSS
-3.0300422,5.650494,BRFSS,247097,,CORAL_BRFSS
6.725228,11.403308,BRFSS,40150,,CORAL_BRFSS
-1.0800868,8.89343,BRFSS,189230,,CORAL_BRFSS
12.430545,3.8353968,BRFSS,383878,,CORAL_BRFSS
-2.9044065,0.8588608,BRFSS,107207,,CORAL_BRFSS
9.40395,10.499806,BRFSS,276102,,CORAL_BRFSS
-6.365118,-18.312252,BRFSS,442983,,CORAL_BRFSS
-2.757546,4.132,BRFSS,16219,,CORAL_BRFSS
-0.37213904,7.2822986,BRFSS,36977,,CORAL_BRFSS
10.415763,10.772139,BRFSS,307377,,CORAL_BRFSS
5.704916,11.265905,BRFSS,66010,,CORAL_BRFSS
-2.4548354,-14.567823,BRFSS,34843,,CORAL_BRFSS
11.8917465,4.6520505,BRFSS,182255,,CORAL_BRFSS
1.7186879,-13.162623,BRFSS,340720,,CORAL_BRFSS
-0.14863588,6.318461,BRFSS,40091,,CORAL_BRFSS
-1.6233819,3.2224135,NHANES,7364,Other Hispanic,CORAL_BRFSS
13.792923,7.394107,BRFSS,109340,,CORAL_BRFSS
7.7579694,6.344448,BRFSS,194240,,CORAL_BRFSS
-3.7868629,6.804836,BRFSS,139927,,CORAL_BRFSS
-3.8807054,6.167342,BRFSS,353127,,CORAL_BRFSS
14.344119,1.4513361,BRFSS,95965,,CORAL_BRFSS
-5.1818333,6.4689507,BRFSS,138155,,CORAL_BRFSS
12.537509,7.5175495,BRFSS,210292,,CORAL_BRFSS
17.869164,4.460345,BRFSS,241932,,CORAL_BRFSS
2.417135,12.934325,BRFSS,191542,,CORAL_BRFSS
4.8766937,8.298467,BRFSS,27376,,CORAL_BRFSS
3.8547246,-6.65906,BRFSS,297884,,CORAL_BRFSS
-5.199913,6.4172907,BRFSS,217437,,CORAL_BRFSS
11.006458,10.411249,BRFSS,187936,,CORAL_BRFSS
5.95141,8.4753,BRFSS,332796,,CORAL_BRFSS
9.896472,3.0970862,BRFSS,213336,,CORAL_BRFSS
13.919108,5.6778326,BRFSS,207372,,CORAL_BRFSS
-5.0659676,5.0880685,BRFSS,139893,,CORAL_BRFSS
14.418011,5.966588,BRFSS,370628,,CORAL_BRFSS
5.953955,8.485415,BRFSS,316054,,CORAL_BRFSS
10.956999,5.536431,BRFSS,21998,,CORAL_BRFSS
-2.6300435,4.1479235,BRFSS,393856,,CORAL_BRFSS
10.169254,-9.463011,NHANES,4689,Non-Hispanic White,CORAL_BRFSS
0.49170032,10.669306,BRFSS,433222,,CORAL_BRFSS
10.545772,12.312875,BRFSS,101606,,CORAL_BRFSS
3.8268251,8.111422,BRFSS,45739,,CORAL_BRFSS
0.022599543,12.3749485,BRFSS,432338,,CORAL_BRFSS
-6.921843,-18.942905,BRFSS,312566,,CORAL_BRFSS
-3.3467336,-0.1983739,BRFSS,156453,,CORAL_BRFSS
8.388739,11.975032,BRFSS,118246,,CORAL_BRFSS
3.6287951,8.014659,BRFSS,72013,,CORAL_BRFSS
-4.395871,4.683189,BRFSS,396443,,CORAL_BRFSS
5.6405535,8.5350485,BRFSS,403585,,CORAL_BRFSS
-1.6283406,4.011431,BRFSS,352851,,CORAL_BRFSS
2.4024265,12.900489,BRFSS,173038,,CORAL_BRFSS
10.160099,6.1896405,BRFSS,178449,,CORAL_BRFSS
-3.8241768,6.77696,BRFSS,168811,,CORAL_BRFSS
-2.7659283,5.5232224,BRFSS,59209,,CORAL_BRFSS
-0.89731205,6.390408,BRFSS,126614,,CORAL_BRFSS
-3.4454954,-14.600034,BRFSS,144620,,CORAL_BRFSS
7.6739583,11.84714,BRFSS,157603,,CORAL_BRFSS
-3.2467737,-0.11618018,BRFSS,110972,,CORAL_BRFSS
2.4788315,7.361516,BRFSS,156934,,CORAL_BRFSS
-0.9679745,12.866477,BRFSS,167329,,CORAL_BRFSS
-0.2380256,7.1963015,BRFSS,157233,,CORAL_BRFSS
-4.3898497,4.327529,BRFSS,247950,,CORAL_BRFSS
15.052122,5.670195,BRFSS,338313,,CORAL_BRFSS
15.071017,2.0783968,BRFSS,417642,,CORAL_BRFSS
9.709531,3.9741733,BRFSS,283432,,CORAL_BRFSS
-3.7847025,1.5129704,BRFSS,188485,,CORAL_BRFSS
-2.7323117,7.892685,BRFSS,195352,,CORAL_BRFSS
13.470958,4.035786,BRFSS,105284,,CORAL_BRFSS
8.116935,14.080539,BRFSS,181669,,CORAL_BRFSS
-0.41491464,9.856656,BRFSS,398837,,CORAL_BRFSS
12.237184,6.613516,BRFSS,46439,,CORAL_BRFSS
5.8030767,-16.980099,BRFSS,50943,,CORAL_BRFSS
0.1813923,12.2615795,BRFSS,154671,,CORAL_BRFSS
10.922132,10.248347,BRFSS,349575,,CORAL_BRFSS
9.326898,13.105017,BRFSS,40833,,CORAL_BRFSS
9.428491,11.586673,BRFSS,326111,,CORAL_BRFSS
4.5261245,-6.741626,BRFSS,75034,,CORAL_BRFSS
0.021391448,12.386665,BRFSS,16400,,CORAL_BRFSS
2.3140495,8.748447,BRFSS,79925,,CORAL_BRFSS
14.220094,5.398479,BRFSS,418892,,CORAL_BRFSS
4.2078977,11.055923,BRFSS,242604,,CORAL_BRFSS
9.846373,10.901074,BRFSS,112626,,CORAL_BRFSS
0.551373,10.643064,BRFSS,367363,,CORAL_BRFSS
-6.8560996,-18.841808,BRFSS,418297,,CORAL_BRFSS
9.975978,-9.269729,PIMA,260,Pima Indian,CORAL_BRFSS
9.608364,12.459559,BRFSS,244404,,CORAL_BRFSS
14.964766,6.652504,BRFSS,193754,,CORAL_BRFSS
-4.045994,6.3995433,BRFSS,20915,,CORAL_BRFSS
-6.3607855,-18.307503,BRFSS,48517,,CORAL_BRFSS
-0.9434395,13.052952,BRFSS,178182,,CORAL_BRFSS
14.556741,6.0263004,BRFSS,430393,,CORAL_BRFSS
9.424168,11.602318,BRFSS,120122,,CORAL_BRFSS
-7.0730033,-19.217974,BRFSS,361564,,CORAL_BRFSS
-0.92516726,8.763829,BRFSS,187769,,CORAL_BRFSS
3.9649448,11.1247,BRFSS,80653,,CORAL_BRFSS
1.5448983,-13.257075,BRFSS,215263,,CORAL_BRFSS
7.084827,14.893722,BRFSS,391406,,CORAL_BRFSS
10.375773,6.006175,BRFSS,235017,,CORAL_BRFSS
13.3743,7.0003633,BRFSS,259425,,CORAL_BRFSS
7.009072,14.765696,BRFSS,101731,,CORAL_BRFSS
-3.538512,1.3248925,BRFSS,139685,,CORAL_BRFSS
0.7522864,9.554767,BRFSS,139365,,CORAL_BRFSS
-2.904753,8.570128,BRFSS,93799,,CORAL_BRFSS
5.923502,8.518989,BRFSS,288142,,CORAL_BRFSS
9.856145,10.892688,BRFSS,296834,,CORAL_BRFSS
-1.6336584,10.966743,BRFSS,217584,,CORAL_BRFSS
10.646961,5.0369625,BRFSS,315752,,CORAL_BRFSS
-1.875216,11.945757,BRFSS,122494,,CORAL_BRFSS
-3.8967412,1.8292373,BRFSS,437741,,CORAL_BRFSS
4.2176847,13.186772,BRFSS,189853,,CORAL_BRFSS
12.37235,4.962392,BRFSS,355592,,CORAL_BRFSS
-0.7100484,9.487026,BRFSS,287183,,CORAL_BRFSS
3.6544015,7.3104606,BRFSS,321487,,CORAL_BRFSS
-7.1102314,-19.339,BRFSS,312400,,CORAL_BRFSS
8.520494,13.6416235,BRFSS,205991,,CORAL_BRFSS
10.085086,-9.378899,NHANES,1354,Non-Hispanic Black,CORAL_BRFSS
20.276182,0.49890277,BRFSS,257065,,CORAL_BRFSS
1.9341942,11.438339,BRFSS,263168,,CORAL_BRFSS
5.926367,12.442945,BRFSS,343369,,CORAL_BRFSS
15.064534,5.6635375,BRFSS,150690,,CORAL_BRFSS
-4.5030875,4.5010476,BRFSS,224401,,CORAL_BRFSS
5.8507566,-17.029932,BRFSS,82122,,CORAL_BRFSS
4.1033416,8.515206,BRFSS,240840,,CORAL_BRFSS
-2.0823436,5.1726484,BRFSS,103949,,CORAL_BRFSS
2.1031578,8.828588,BRFSS,431987,,CORAL_BRFSS
9.558377,3.3708382,BRFSS,431853,,CORAL_BRFSS
-3.2670517,-0.05193308,NHANES,1794,Other Race,CORAL_BRFSS
12.30827,6.677954,BRFSS,431846,,CORAL_BRFSS
-0.44840765,7.087482,BRFSS,267109,,CORAL_BRFSS
15.304024,0.7842728,BRFSS,187791,,CORAL_BRFSS
10.103798,8.679253,BRFSS,44555,,CORAL_BRFSS
-0.54230005,10.027151,BRFSS,132091,,CORAL_BRFSS
-1.7212473,5.7911954,BRFSS,316784,,CORAL_BRFSS
-0.6250166,11.852124,BRFSS,447071,,CORAL_BRFSS
16.150782,-1.9357059,BRFSS,104907,,CORAL_BRFSS
8.692681,10.727674,BRFSS,261609,,CORAL_BRFSS
-3.5358553,-14.545324,BRFSS,214618,,CORAL_BRFSS
10.566763,11.446006,BRFSS,408991,,CORAL_BRFSS
5.446442,13.298688,BRFSS,437090,,CORAL_BRFSS
-4.573387,3.510679,BRFSS,171706,,CORAL_BRFSS
12.102373,4.2701817,BRFSS,356468,,CORAL_BRFSS
2.07976,-12.994571,BRFSS,301930,,CORAL_BRFSS
0.67693716,9.5786705,BRFSS,136513,,CORAL_BRFSS
17.462378,4.1844354,BRFSS,394623,,CORAL_BRFSS
-0.6415412,7.2641706,BRFSS,259335,,CORAL_BRFSS
-3.030414,5.7679777,BRFSS,442056,,CORAL_BRFSS
-1.1431855,6.1536217,BRFSS,374831,,CORAL_BRFSS
-3.8204508,4.389146,BRFSS,100438,,CORAL_BRFSS
2.4700437,8.9932165,BRFSS,287406,,CORAL_BRFSS
3.220957,9.010802,BRFSS,154560,,CORAL_BRFSS
1.430075,11.161891,NHANES,1020,Non-Hispanic White,CORAL_BRFSS
10.177443,8.735075,BRFSS,53473,,CORAL_BRFSS
-0.5065645,7.720946,BRFSS,89395,,CORAL_BRFSS
10.176816,-9.470632,NHANES,1776,Non-Hispanic White,CORAL_BRFSS
2.9694028,11.561794,BRFSS,156309,,CORAL_BRFSS
-3.434723,1.1017573,BRFSS,11780,,CORAL_BRFSS
-2.966357,8.684628,BRFSS,211266,,CORAL_BRFSS
5.8781652,6.596902,BRFSS,13332,,CORAL_BRFSS
7.234651,8.359167,BRFSS,365838,,CORAL_BRFSS
-1.4829774,7.365384,BRFSS,231691,,CORAL_BRFSS
8.64301,10.636,BRFSS,411072,,CORAL_BRFSS
16.143744,-1.9285516,BRFSS,119596,,CORAL_BRFSS
12.876725,4.5086913,BRFSS,357604,,CORAL_BRFSS
3.7065048,8.643177,BRFSS,246359,,CORAL_BRFSS
8.369106,11.770361,BRFSS,256407,,CORAL_BRFSS
-4.37648,6.976624,BRFSS,211323,,CORAL_BRFSS
-1.0196233,5.3468204,BRFSS,184425,,CORAL_BRFSS
6.1183524,12.6306925,BRFSS,377465,,CORAL_BRFSS
-4.66466,-13.317888,BRFSS,226005,,CORAL_BRFSS
1.7697815,-13.127326,BRFSS,88320,,CORAL_BRFSS
-2.1002154,11.624392,BRFSS,200495,,CORAL_BRFSS
-4.058017,6.405501,BRFSS,262010,,CORAL_BRFSS
15.6478195,1.9598342,BRFSS,278547,,CORAL_BRFSS
-3.1053784,7.671907,BRFSS,73456,,CORAL_BRFSS
-1.5270344,10.862363,BRFSS,63268,,CORAL_BRFSS
5.79851,12.977313,BRFSS,191192,,CORAL_BRFSS
4.424793,13.537608,BRFSS,371619,,CORAL_BRFSS
10.256695,12.327273,BRFSS,233690,,CORAL_BRFSS
-1.9897792,7.862889,BRFSS,413032,,CORAL_BRFSS
1.3145216,11.425191,BRFSS,130327,,CORAL_BRFSS
-5.160524,6.477812,BRFSS,104708,,CORAL_BRFSS
-3.674825,5.206464,BRFSS,449521,,CORAL_BRFSS
6.324865,12.029079,BRFSS,143875,,CORAL_BRFSS
3.8320084,8.333149,BRFSS,137232,,CORAL_BRFSS
7.676996,11.857198,BRFSS,49919,,CORAL_BRFSS
-5.0013747,6.611044,BRFSS,139107,,CORAL_BRFSS
-2.1068933,5.000877,BRFSS,142448,,CORAL_BRFSS
2.729442,13.066723,BRFSS,61204,,CORAL_BRFSS
-4.270583,4.116502,BRFSS,437294,,CORAL_BRFSS
10.071612,-9.365422,NHANES,4070,Non-Hispanic Black,CORAL_BRFSS
17.488033,4.2025795,BRFSS,63116,,CORAL_BRFSS
1.625366,-13.208138,BRFSS,299920,,CORAL_BRFSS
2.558291,10.723442,BRFSS,246890,,CORAL_BRFSS
14.491959,4.1267123,BRFSS,412020,,CORAL_BRFSS
-0.85896,12.420621,BRFSS,237652,,CORAL_BRFSS
2.6049328,7.27934,BRFSS,386381,,CORAL_BRFSS
-1.6458293,3.1560118,BRFSS,71624,,CORAL_BRFSS
-4.4973145,6.6363397,BRFSS,250038,,CORAL_BRFSS
0.9593921,9.482381,BRFSS,174697,,CORAL_BRFSS
-0.8496878,10.334977,BRFSS,392122,,CORAL_BRFSS
-2.6729653,10.48417,BRFSS,376327,,CORAL_BRFSS
-5.0580363,7.039365,BRFSS,50411,,CORAL_BRFSS
9.304603,3.683086,BRFSS,105870,,CORAL_BRFSS
-1.6083922,6.7845244,BRFSS,248882,,CORAL_BRFSS
2.7675838,12.964921,BRFSS,177361,,CORAL_BRFSS
-0.432652,13.1977215,BRFSS,102843,,CORAL_BRFSS
5.4572988,12.600662,BRFSS,319726,,CORAL_BRFSS
3.0645542,10.907739,BRFSS,420218,,CORAL_BRFSS
7.2381883,14.445944,BRFSS,357566,,CORAL_BRFSS
9.850454,3.0746584,BRFSS,298155,,CORAL_BRFSS
5.7766633,-16.953445,BRFSS,78616,,CORAL_BRFSS
2.4478528,10.867666,BRFSS,214530,,CORAL_BRFSS
3.036902,6.842537,BRFSS,201170,,CORAL_BRFSS
12.529555,7.520721,BRFSS,60714,,CORAL_BRFSS
7.25771,7.984972,BRFSS,86405,,CORAL_BRFSS
-7.0202327,-19.11513,BRFSS,401498,,CORAL_BRFSS
12.281009,4.8722706,BRFSS,389461,,CORAL_BRFSS
6.0693517,7.070916,BRFSS,384695,,CORAL_BRFSS
13.393519,4.2254467,BRFSS,130221,,CORAL_BRFSS
10.602534,9.519653,BRFSS,163407,,CORAL_BRFSS
14.78493,5.720541,BRFSS,232167,,CORAL_BRFSS
7.136443,10.882123,BRFSS,76938,,CORAL_BRFSS
9.967695,11.098875,BRFSS,129987,,CORAL_BRFSS
-5.1719403,7.209732,BRFSS,39041,,CORAL_BRFSS
10.256319,-9.549897,PIMA,431,Pima Indian,CORAL_BRFSS
13.705879,-0.024463035,BRFSS,349398,,CORAL_BRFSS
-1.5949584,10.952152,NHANES,2898,Non-Hispanic Asian,CORAL_BRFSS
-3.1716552,0.29195684,BRFSS,294474,,CORAL_BRFSS
-3.2783136,7.7006364,BRFSS,17028,,CORAL_BRFSS
8.388115,11.84199,BRFSS,373962,,CORAL_BRFSS
6.1498585,12.663768,BRFSS,28682,,CORAL_BRFSS
-4.6130805,-13.374245,BRFSS,31665,,CORAL_BRFSS
-4.2753444,6.1594763,BRFSS,107411,,CORAL_BRFSS
-1.3139714,12.741669,BRFSS,402833,,CORAL_BRFSS
12.103323,5.3675165,BRFSS,258433,,CORAL_BRFSS
3.5471175,8.698471,BRFSS,366991,,CORAL_BRFSS
0.79549295,7.4828577,BRFSS,436956,,CORAL_BRFSS
-7.0882998,-19.251041,BRFSS,431707,,CORAL_BRFSS
2.7220848,12.028126,BRFSS,349600,,CORAL_BRFSS
17.84311,4.440415,BRFSS,228108,,CORAL_BRFSS
10.843121,12.028321,BRFSS,163529,,CORAL_BRFSS
-0.91506356,5.3635426,BRFSS,32557,,CORAL_BRFSS
5.6374526,8.530442,BRFSS,343901,,CORAL_BRFSS
5.8126583,-16.989668,BRFSS,404526,,CORAL_BRFSS
12.119801,4.294908,BRFSS,110409,,CORAL_BRFSS
-2.7589586,4.1313467,BRFSS,60125,,CORAL_BRFSS
-2.7198515,-14.681453,BRFSS,190727,,CORAL_BRFSS
4.106471,12.908676,BRFSS,52520,,CORAL_BRFSS
4.254095,-6.6552334,BRFSS,284502,,CORAL_BRFSS
-6.935777,-18.958874,BRFSS,340245,,CORAL_BRFSS
-0.32815954,7.1769857,BRFSS,162327,,CORAL_BRFSS
-1.3389648,7.29855,BRFSS,422619,,CORAL_BRFSS
3.8699422,11.684115,BRFSS,126945,,CORAL_BRFSS
10.26601,8.7640085,BRFSS,235833,,CORAL_BRFSS
10.799336,12.066874,BRFSS,305860,,CORAL_BRFSS
6.975534,6.1953583,BRFSS,378746,,CORAL_BRFSS
1.4706106,7.318921,BRFSS,250692,,CORAL_BRFSS
-2.2680671,8.031131,BRFSS,438703,,CORAL_BRFSS
-3.4286296,2.8467941,BRFSS,450127,,CORAL_BRFSS
8.618066,6.9836307,BRFSS,240171,,CORAL_BRFSS
13.551811,7.040332,BRFSS,416434,,CORAL_BRFSS
-4.6340365,6.2606087,BRFSS,57909,,CORAL_BRFSS
-2.2623832,7.846935,BRFSS,214366,,CORAL_BRFSS
10.356938,2.8460212,BRFSS,419897,,CORAL_BRFSS
3.8388805,11.683931,BRFSS,320154,,CORAL_BRFSS
-2.9963577,0.76252854,BRFSS,198540,,CORAL_BRFSS
14.910503,4.653542,BRFSS,103319,,CORAL_BRFSS
9.85615,3.0591264,BRFSS,124311,,CORAL_BRFSS
10.1574745,11.488149,BRFSS,204189,,CORAL_BRFSS
6.0731864,7.070997,BRFSS,151268,,CORAL_BRFSS
-0.9839274,13.021381,BRFSS,322143,,CORAL_BRFSS
2.6279604,12.270372,BRFSS,209930,,CORAL_BRFSS
-1.1435513,10.532098,BRFSS,66630,,CORAL_BRFSS
-1.3205127,10.6767645,BRFSS,414807,,CORAL_BRFSS
-2.130574,10.118454,BRFSS,213409,,CORAL_BRFSS
14.99182,6.639576,BRFSS,271709,,CORAL_BRFSS
8.793163,6.693111,BRFSS,443020,,CORAL_BRFSS
-4.71239,6.0593376,BRFSS,393092,,CORAL_BRFSS
1.7052511,11.564303,BRFSS,196622,,CORAL_BRFSS
-4.764034,6.606614,BRFSS,52331,,CORAL_BRFSS
-2.2904973,0.7395261,BRFSS,235173,,CORAL_BRFSS
-4.846386,6.0168266,BRFSS,345775,,CORAL_BRFSS
-4.3938546,4.3221107,BRFSS,224613,,CORAL_BRFSS
-1.2838473,12.714366,BRFSS,17602,,CORAL_BRFSS
9.708647,13.251292,BRFSS,265863,,CORAL_BRFSS
14.494938,4.006815,BRFSS,38394,,CORAL_BRFSS
7.378819,8.277362,BRFSS,429432,,CORAL_BRFSS
6.6784015,11.154035,BRFSS,165907,,CORAL_BRFSS
-2.903184,0.60212123,BRFSS,58273,,CORAL_BRFSS
20.369616,0.50034696,BRFSS,95779,,CORAL_BRFSS
10.574318,12.005392,BRFSS,207578,,CORAL_BRFSS
2.1663349,8.788669,BRFSS,105282,,CORAL_BRFSS
2.1716237,11.140104,BRFSS,304784,,CORAL_BRFSS
-2.6618457,2.36891,BRFSS,177761,,CORAL_BRFSS
2.3878477,12.870736,BRFSS,67594,,CORAL_BRFSS
-0.6542255,7.778594,BRFSS,102003,,CORAL_BRFSS
-3.9411776,6.745812,BRFSS,49966,,CORAL_BRFSS
9.321461,13.090025,BRFSS,417578,,CORAL_BRFSS
10.086771,11.272158,BRFSS,155312,,CORAL_BRFSS
17.60191,4.289377,BRFSS,148706,,CORAL_BRFSS
12.507677,7.538669,BRFSS,80174,,CORAL_BRFSS
-4.9345975,4.6456394,BRFSS,83010,,CORAL_BRFSS
2.720203,13.11472,BRFSS,313865,,CORAL_BRFSS
-3.4118533,1.1063555,BRFSS,252901,,CORAL_BRFSS
15.6129055,0.956124,BRFSS,171597,,CORAL_BRFSS
-3.2770028,0.25087285,BRFSS,21189,,CORAL_BRFSS
14.450449,4.089594,BRFSS,108363,,CORAL_BRFSS
12.716764,6.9281945,BRFSS,182180,,CORAL_BRFSS
9.80473,6.332424,BRFSS,313236,,CORAL_BRFSS
-0.76532835,5.316867,BRFSS,85977,,CORAL_BRFSS
10.538688,12.4965925,BRFSS,107553,,CORAL_BRFSS
6.8371654,11.728339,BRFSS,18589,,CORAL_BRFSS
-0.95457333,7.030509,BRFSS,263861,,CORAL_BRFSS
14.969833,4.98564,BRFSS,72707,,CORAL_BRFSS
-0.21593785,6.147913,BRFSS,405748,,CORAL_BRFSS
-2.476586,5.6407156,BRFSS,416226,,CORAL_BRFSS
12.857312,3.3444493,BRFSS,371440,,CORAL_BRFSS
-5.1393147,5.458365,BRFSS,68222,,CORAL_BRFSS
2.0810556,-12.9880295,BRFSS,305851,,CORAL_BRFSS
1.9352034,11.430936,BRFSS,208997,,CORAL_BRFSS
-1.0791562,7.0440354,BRFSS,282198,,CORAL_BRFSS
-0.09014944,10.253779,BRFSS,213501,,CORAL_BRFSS
8.482421,12.319265,BRFSS,89038,,CORAL_BRFSS
-1.5471454,4.194949,BRFSS,229953,,CORAL_BRFSS
-6.730741,-19.993174,BRFSS,363051,,CORAL_BRFSS
8.580498,13.654021,BRFSS,131470,,CORAL_BRFSS
10.506469,9.309803,BRFSS,346484,,CORAL_BRFSS
6.404039,8.105665,BRFSS,212966,,CORAL_BRFSS
10.55079,11.6828985,BRFSS,345080,,CORAL_BRFSS
-1.0350099,12.641243,BRFSS,64088,,CORAL_BRFSS
5.0925946,8.072867,BRFSS,81131,,CORAL_BRFSS
10.325587,8.961466,BRFSS,389788,,CORAL_BRFSS
-2.7485883,2.7085052,NHANES,5105,Non-Hispanic Black,CORAL_BRFSS
7.2250557,14.445298,BRFSS,237358,,CORAL_BRFSS
12.668042,3.548944,BRFSS,370788,,CORAL_BRFSS
-0.7449672,9.579974,BRFSS,189594,,CORAL_BRFSS
-1.7195147,6.1357903,BRFSS,350778,,CORAL_BRFSS
-5.1392756,7.1189246,BRFSS,64005,,CORAL_BRFSS
10.291482,12.573159,BRFSS,340341,,CORAL_BRFSS
7.5907607,6.3371844,BRFSS,291821,,CORAL_BRFSS
-2.29326,0.7791414,BRFSS,304587,,CORAL_BRFSS
14.189216,1.2462167,BRFSS,378205,,CORAL_BRFSS
1.411423,11.227921,BRFSS,132497,,CORAL_BRFSS
5.8943,14.113644,BRFSS,360912,,CORAL_BRFSS
-1.5995405,4.0459075,BRFSS,294759,,CORAL_BRFSS
10.085324,-9.37909,NHANES,3994,Non-Hispanic White,CORAL_BRFSS
3.2248766,8.899371,BRFSS,146434,,CORAL_BRFSS
-2.8558304,3.1459525,BRFSS,42231,,CORAL_BRFSS
5.78769,-16.9645,BRFSS,195628,,CORAL_BRFSS
0.13626058,11.941681,BRFSS,412742,,CORAL_BRFSS
2.561924,10.679245,BRFSS,189859,,CORAL_BRFSS
-1.2389885,7.5533934,BRFSS,441285,,CORAL_BRFSS
-3.7693057,2.8699706,BRFSS,212980,,CORAL_BRFSS
11.299827,5.479054,BRFSS,326163,,CORAL_BRFSS
11.160227,11.217696,BRFSS,288557,,CORAL_BRFSS
2.7148106,13.129561,BRFSS,252851,,CORAL_BRFSS
14.2573805,4.6980677,BRFSS,110838,,CORAL_BRFSS
-3.0058992,1.1278096,BRFSS,200317,,CORAL_BRFSS
6.2113743,8.273836,BRFSS,203804,,CORAL_BRFSS
14.95221,2.0057278,BRFSS,83077,,CORAL_BRFSS
2.6287313,12.246301,BRFSS,441128,,CORAL_BRFSS
-3.4896548,0.38555387,BRFSS,211756,,CORAL_BRFSS
9.985887,8.589646,BRFSS,162918,,CORAL_BRFSS
4.8813906,8.434826,BRFSS,398465,,CORAL_BRFSS
5.8848467,12.385424,BRFSS,313853,,CORAL_BRFSS
5.4315557,12.637499,BRFSS,202227,,CORAL_BRFSS
6.868514,8.102188,BRFSS,375991,,CORAL_BRFSS
-0.37599334,13.484821,BRFSS,29938,,CORAL_BRFSS
10.63484,9.617913,BRFSS,95702,,CORAL_BRFSS
4.886143,8.422955,BRFSS,245790,,CORAL_BRFSS
11.211212,5.442789,BRFSS,431715,,CORAL_BRFSS
-5.1478443,7.3140926,BRFSS,374953,,CORAL_BRFSS
-4.2340465,4.0129685,BRFSS,381598,,CORAL_BRFSS
13.963656,7.32411,BRFSS,275304,,CORAL_BRFSS
-3.3223205,-0.17324677,BRFSS,62702,,CORAL_BRFSS
9.607924,12.424691,BRFSS,29934,,CORAL_BRFSS
-4.7846274,6.8227773,BRFSS,56898,,CORAL_BRFSS
10.583216,11.343394,BRFSS,71507,,CORAL_BRFSS
-1.6150724,5.7535753,BRFSS,428179,,CORAL_BRFSS
3.9400318,-6.6397204,BRFSS,222275,,CORAL_BRFSS
-3.433302,-14.613093,BRFSS,341507,,CORAL_BRFSS
-3.3490357,0.12327054,BRFSS,381287,,CORAL_BRFSS
0.30535293,12.18976,BRFSS,16064,,CORAL_BRFSS
-3.466936,1.0229076,BRFSS,293816,,CORAL_BRFSS
1.9548758,-13.054665,BRFSS,74669,,CORAL_BRFSS
6.9560313,13.812319,BRFSS,427873,,CORAL_BRFSS
2.7181864,12.105994,BRFSS,58769,,CORAL_BRFSS
0.2219396,7.251319,BRFSS,386188,,CORAL_BRFSS
10.074008,11.281667,BRFSS,176649,,CORAL_BRFSS
6.4728484,8.143213,BRFSS,404189,,CORAL_BRFSS
-0.057261933,6.403228,BRFSS,447856,,CORAL_BRFSS
10.497788,3.7653713,BRFSS,205651,,CORAL_BRFSS
7.235665,6.804292,BRFSS,368700,,CORAL_BRFSS
-1.782959,6.4821186,BRFSS,192071,,CORAL_BRFSS
-3.9559216,4.361492,BRFSS,296580,,CORAL_BRFSS
9.784379,9.141865,BRFSS,193751,,CORAL_BRFSS
6.950697,13.809309,BRFSS,152746,,CORAL_BRFSS
8.613159,7.008312,BRFSS,284571,,CORAL_BRFSS
5.9469967,6.511631,BRFSS,416338,,CORAL_BRFSS
17.885115,4.4685254,BRFSS,172194,,CORAL_BRFSS
13.717171,-0.073197,BRFSS,258890,,CORAL_BRFSS
-0.98998547,8.81104,BRFSS,27506,,CORAL_BRFSS
-2.740808,-14.663733,BRFSS,424741,,CORAL_BRFSS
6.6821313,14.32885,BRFSS,253266,,CORAL_BRFSS
1.8751827,12.623668,BRFSS,116786,,CORAL_BRFSS
3.2326179,12.123214,BRFSS,339414,,CORAL_BRFSS
4.304515,11.210137,BRFSS,242927,,CORAL_BRFSS
14.498823,6.017227,BRFSS,126351,,CORAL_BRFSS
0.14115098,10.519178,BRFSS,344394,,CORAL_BRFSS
7.36163,7.087042,BRFSS,228058,,CORAL_BRFSS
1.9418442,6.8125124,BRFSS,137504,,CORAL_BRFSS
-1.0754052,6.346443,BRFSS,221934,,CORAL_BRFSS
-1.817223,2.8482542,BRFSS,34217,,CORAL_BRFSS
14.529235,4.1506715,BRFSS,313711,,CORAL_BRFSS
15.55086,2.0510542,BRFSS,24221,,CORAL_BRFSS
20.177902,0.50182074,BRFSS,53984,,CORAL_BRFSS
0.620991,8.540068,BRFSS,12724,,CORAL_BRFSS
15.642255,2.0201044,BRFSS,95489,,CORAL_BRFSS
-4.6538115,3.286464,BRFSS,350437,,CORAL_BRFSS
-4.102415,1.939749,BRFSS,330232,,CORAL_BRFSS
-4.4871054,-13.517679,BRFSS,302855,,CORAL_BRFSS
6.595991,8.609372,BRFSS,90524,,CORAL_BRFSS
-6.9991965,-19.084162,BRFSS,32042,,CORAL_BRFSS
13.631871,2.6588821,BRFSS,363601,,CORAL_BRFSS
9.795673,9.149731,BRFSS,206872,,CORAL_BRFSS
15.022585,2.0520325,BRFSS,46951,,CORAL_BRFSS
-2.6339855,2.3828964,NHANES,4181,Other Race,CORAL_BRFSS
5.791662,13.941831,BRFSS,124778,,CORAL_BRFSS
13.567242,4.326236,BRFSS,440958,,CORAL_BRFSS
4.475961,-6.7097106,BRFSS,192312,,CORAL_BRFSS
2.715611,13.108163,BRFSS,341862,,CORAL_BRFSS
-0.97849345,5.263316,BRFSS,251884,,CORAL_BRFSS
9.838297,9.161972,BRFSS,205877,,CORAL_BRFSS
9.071386,4.439858,BRFSS,295354,,CORAL_BRFSS
-0.9380245,6.4064903,BRFSS,212324,,CORAL_BRFSS
15.60033,0.94983953,BRFSS,167395,,CORAL_BRFSS
7.6648555,11.826352,BRFSS,235144,,CORAL_BRFSS
-6.7667108,-19.956293,BRFSS,347660,,CORAL_BRFSS
3.7525902,7.384188,BRFSS,39843,,CORAL_BRFSS
-6.904053,-19.779514,BRFSS,188261,,CORAL_BRFSS
2.7714396,10.786169,BRFSS,59020,,CORAL_BRFSS
-2.19574,10.240205,BRFSS,110704,,CORAL_BRFSS
-3.128695,7.6672726,BRFSS,336506,,CORAL_BRFSS
10.615996,3.6068172,BRFSS,118265,,CORAL_BRFSS
8.701741,6.6973615,BRFSS,289758,,CORAL_BRFSS
-4.260785,4.555761,BRFSS,308845,,CORAL_BRFSS
3.8320265,11.720735,BRFSS,108444,,CORAL_BRFSS
5.7739387,13.852078,BRFSS,218247,,CORAL_BRFSS
13.772232,0.57210064,BRFSS,242277,,CORAL_BRFSS
2.5753262,10.565841,BRFSS,92015,,CORAL_BRFSS
3.6582272,-6.789105,BRFSS,389016,,CORAL_BRFSS
1.3469063,7.373807,BRFSS,276678,,CORAL_BRFSS
1.3132529,11.418677,BRFSS,335604,,CORAL_BRFSS
-3.2226427,4.856904,BRFSS,367957,,CORAL_BRFSS
14.3053,7.2075233,BRFSS,176374,,CORAL_BRFSS
8.64473,6.6977787,BRFSS,322841,,CORAL_BRFSS
-2.7520583,-14.68005,BRFSS,204751,,CORAL_BRFSS
14.298576,5.918965,BRFSS,270871,,CORAL_BRFSS
6.084303,13.52495,BRFSS,114845,,CORAL_BRFSS
-6.854111,-18.835566,BRFSS,83442,,CORAL_BRFSS
-2.8565712,5.6155314,BRFSS,310747,,CORAL_BRFSS
10.068605,6.079202,BRFSS,315023,,CORAL_BRFSS
8.194229,11.321215,BRFSS,431642,,CORAL_BRFSS
1.8271812,6.9419336,BRFSS,345350,,CORAL_BRFSS
14.962728,2.0018706,BRFSS,57730,,CORAL_BRFSS
10.23058,-9.524221,NHANES,5771,Non-Hispanic Asian,CORAL_BRFSS
-0.51464736,12.212443,BRFSS,203565,,CORAL_BRFSS
8.035112,11.093219,BRFSS,200951,,CORAL_BRFSS
-2.6662881,4.0255785,BRFSS,75716,,CORAL_BRFSS
15.550043,2.0538888,BRFSS,67608,,CORAL_BRFSS
9.171171,4.791659,BRFSS,270049,,CORAL_BRFSS
5.770296,7.06075,BRFSS,412756,,CORAL_BRFSS
3.5985003,10.893474,BRFSS,218312,,CORAL_BRFSS
13.903298,5.617414,BRFSS,138639,,CORAL_BRFSS
-1.6462963,6.7618093,BRFSS,73895,,CORAL_BRFSS
-4.7569647,3.4557617,BRFSS,32908,,CORAL_BRFSS
6.8194895,11.65507,BRFSS,238237,,CORAL_BRFSS
-5.1724586,7.239032,BRFSS,37117,,CORAL_BRFSS
-3.1552017,-0.020445699,BRFSS,50334,,CORAL_BRFSS
0.21322563,12.24067,BRFSS,322203,,CORAL_BRFSS
15.070656,5.713238,BRFSS,426242,,CORAL_BRFSS
10.592122,5.153642,BRFSS,29219,,CORAL_BRFSS
-6.3366795,-18.282957,BRFSS,410432,,CORAL_BRFSS
-0.07885505,11.26131,BRFSS,360278,,CORAL_BRFSS
3.6638632,-6.780748,BRFSS,236791,,CORAL_BRFSS
3.9106116,11.002662,BRFSS,56960,,CORAL_BRFSS
-2.2113178,10.229508,BRFSS,44997,,CORAL_BRFSS
10.418878,5.9959774,BRFSS,373638,,CORAL_BRFSS
16.13254,-1.916996,BRFSS,195657,,CORAL_BRFSS
12.835368,3.3673704,BRFSS,86533,,CORAL_BRFSS
15.541988,2.0558555,BRFSS,86007,,CORAL_BRFSS
-2.9311092,9.773091,BRFSS,130862,,CORAL_BRFSS
10.428842,10.833931,BRFSS,287794,,CORAL_BRFSS
-3.3112016,-0.13229603,BRFSS,98815,,CORAL_BRFSS
-3.6604183,-14.445253,BRFSS,414615,,CORAL_BRFSS
-4.3405805,4.2998605,BRFSS,176719,,CORAL_BRFSS
4.481448,13.615153,BRFSS,390503,,CORAL_BRFSS
10.020845,-9.314734,NHANES,8528,Non-Hispanic Black,CORAL_BRFSS
19.681093,0.5569167,BRFSS,132802,,CORAL_BRFSS
-0.62271166,7.7668,BRFSS,30336,,CORAL_BRFSS
2.4354887,12.812721,BRFSS,211585,,CORAL_BRFSS
-0.71728885,5.427764,BRFSS,343457,,CORAL_BRFSS
15.394764,0.8625748,BRFSS,376448,,CORAL_BRFSS
6.9678197,11.880031,BRFSS,117508,,CORAL_BRFSS
2.8303483,8.752969,BRFSS,279554,,CORAL_BRFSS
1.7435876,11.568783,BRFSS,256460,,CORAL_BRFSS
-4.1448197,7.0302687,BRFSS,411369,,CORAL_BRFSS
1.4130714,-13.318298,BRFSS,301216,,CORAL_BRFSS
10.754962,12.200715,BRFSS,415743,,CORAL_BRFSS
8.174742,7.608418,BRFSS,209352,,CORAL_BRFSS
-3.8345916,2.860073,BRFSS,155547,,CORAL_BRFSS
12.046705,5.3702855,BRFSS,304539,,CORAL_BRFSS
6.8062415,14.641852,BRFSS,400675,,CORAL_BRFSS
-0.4349427,7.1024084,BRFSS,381297,,CORAL_BRFSS
2.8610613,12.71403,BRFSS,16778,,CORAL_BRFSS
-0.24931873,7.197473,BRFSS,342224,,CORAL_BRFSS
-1.9030517,6.3297515,BRFSS,111273,,CORAL_BRFSS
-2.9321954,3.782331,BRFSS,161829,,CORAL_BRFSS
-0.96701956,12.047696,BRFSS,139485,,CORAL_BRFSS
14.330991,6.3007426,BRFSS,238133,,CORAL_BRFSS
12.998794,7.3878565,BRFSS,193691,,CORAL_BRFSS
-2.2694502,10.756752,BRFSS,252967,,CORAL_BRFSS
15.382439,0.8417779,BRFSS,184783,,CORAL_BRFSS
7.6657023,11.839122,BRFSS,192242,,CORAL_BRFSS
4.992629,11.1769285,BRFSS,126994,,CORAL_BRFSS
7.049588,8.244789,BRFSS,228452,,CORAL_BRFSS
12.96843,7.391599,BRFSS,338138,,CORAL_BRFSS
14.540715,1.6826298,BRFSS,48052,,CORAL_BRFSS
2.6204822,12.272012,BRFSS,420188,,CORAL_BRFSS
-0.30429986,7.227032,BRFSS,383803,,CORAL_BRFSS
-3.9816766,2.074391,BRFSS,170504,,CORAL_BRFSS
-3.5116737,0.39485583,BRFSS,388981,,CORAL_BRFSS
-0.08966889,10.75274,BRFSS,328194,,CORAL_BRFSS
16.171627,-1.9555327,BRFSS,79343,,CORAL_BRFSS
8.984582,4.942879,BRFSS,70964,,CORAL_BRFSS
13.706272,4.4287705,BRFSS,235112,,CORAL_BRFSS
-1.763481,3.930883,BRFSS,298875,,CORAL_BRFSS
-1.7141796,3.9847767,BRFSS,443984,,CORAL_BRFSS
-1.3039329,10.6588,BRFSS,294891,,CORAL_BRFSS
7.147733,14.950898,BRFSS,39531,,CORAL_BRFSS
3.792792,7.3044906,BRFSS,177405,,CORAL_BRFSS
-3.6761203,6.135538,BRFSS,20523,,CORAL_BRFSS
-3.4789,0.4522112,BRFSS,389892,,CORAL_BRFSS
0.094660364,8.396306,BRFSS,204438,,CORAL_BRFSS
13.245348,3.219458,BRFSS,370129,,CORAL_BRFSS
-0.38006738,12.94235,BRFSS,53772,,CORAL_BRFSS
-2.7467837,2.4149148,BRFSS,368522,,CORAL_BRFSS
1.361395,7.3684516,BRFSS,229672,,CORAL_BRFSS
2.0829394,-12.992051,BRFSS,353985,,CORAL_BRFSS
11.367317,8.101559,BRFSS,175012,,CORAL_BRFSS
-0.10665589,10.222399,BRFSS,254558,,CORAL_BRFSS
10.423201,9.166686,BRFSS,127985,,CORAL_BRFSS
-0.10402683,11.312234,BRFSS,106679,,CORAL_BRFSS
17.5157,4.2240458,BRFSS,77494,,CORAL_BRFSS
8.023068,7.5478673,BRFSS,195550,,CORAL_BRFSS
5.8162413,6.5770764,BRFSS,150211,,CORAL_BRFSS
-2.706072,0.95794725,BRFSS,429709,,CORAL_BRFSS
-3.638415,0.6426882,BRFSS,361196,,CORAL_BRFSS
12.568527,3.5757647,BRFSS,365989,,CORAL_BRFSS
10.412667,6.0032177,BRFSS,48262,,CORAL_BRFSS
9.284735,3.715107,BRFSS,403364,,CORAL_BRFSS
10.152214,-9.446025,NHANES,8326,Non-Hispanic Asian,CORAL_BRFSS
-1.2983053,9.700555,BRFSS,427824,,CORAL_BRFSS
3.7124858,-6.7432113,BRFSS,248875,,CORAL_BRFSS
-1.1689507,12.706609,BRFSS,57339,,CORAL_BRFSS
20.025248,0.53593886,BRFSS,198652,,CORAL_BRFSS
17.828272,4.424729,BRFSS,32962,,CORAL_BRFSS
11.046163,10.522939,BRFSS,332219,,CORAL_BRFSS
2.824981,8.696103,BRFSS,131830,,CORAL_BRFSS
5.7901287,13.974798,BRFSS,103605,,CORAL_BRFSS
-1.1616607,11.881143,BRFSS,295583,,CORAL_BRFSS
4.2003436,11.676386,BRFSS,20665,,CORAL_BRFSS
9.954836,11.007489,BRFSS,169696,,CORAL_BRFSS
14.948059,2.0097332,BRFSS,92673,,CORAL_BRFSS
12.233369,6.3102818,BRFSS,43440,,CORAL_BRFSS
-2.55053,9.28045,BRFSS,183335,,CORAL_BRFSS
7.7024755,6.298799,BRFSS,290118,,CORAL_BRFSS
11.170053,8.133474,BRFSS,379310,,CORAL_BRFSS
14.196038,7.258231,BRFSS,26022,,CORAL_BRFSS
11.301945,8.141101,BRFSS,249921,,CORAL_BRFSS
4.554145,13.683185,BRFSS,445969,,CORAL_BRFSS
9.878635,13.021182,BRFSS,72933,,CORAL_BRFSS
6.8459535,11.728878,BRFSS,449810,,CORAL_BRFSS
6.7704697,8.442707,BRFSS,72977,,CORAL_BRFSS
0.9540724,9.486964,BRFSS,314776,,CORAL_BRFSS
-6.8035345,-19.916826,BRFSS,221804,,CORAL_BRFSS
20.133194,0.5108325,NHANES,5917,Non-Hispanic White,CORAL_BRFSS
-3.7852335,-14.319226,BRFSS,208655,,CORAL_BRFSS
5.7958064,-16.972528,BRFSS,140163,,CORAL_BRFSS
-2.7065504,9.034502,BRFSS,50135,,CORAL_BRFSS
9.052358,4.2840996,BRFSS,213584,,CORAL_BRFSS
-2.6263068,2.8982224,BRFSS,331585,,CORAL_BRFSS
9.162129,11.212109,BRFSS,369938,,CORAL_BRFSS
14.742797,4.4744453,BRFSS,403553,,CORAL_BRFSS
-0.65445495,13.04452,BRFSS,445717,,CORAL_BRFSS
15.985657,1.2748346,BRFSS,312685,,CORAL_BRFSS
-4.627465,-13.356215,BRFSS,51415,,CORAL_BRFSS
7.2506676,6.011457,BRFSS,299654,,CORAL_BRFSS
-0.086708315,8.8467655,BRFSS,319612,,CORAL_BRFSS
-1.3725561,9.98565,BRFSS,381981,,CORAL_BRFSS
13.338791,3.507936,BRFSS,346062,,CORAL_BRFSS
14.179064,5.3727484,BRFSS,51642,,CORAL_BRFSS
11.830162,4.6702724,BRFSS,402599,,CORAL_BRFSS
4.2839193,13.336334,BRFSS,272404,,CORAL_BRFSS
-4.049759,4.5738435,BRFSS,247102,,CORAL_BRFSS
14.651172,5.398992,BRFSS,182792,,CORAL_BRFSS
5.7845955,13.933569,BRFSS,90641,,CORAL_BRFSS
12.504396,3.605486,BRFSS,93779,,CORAL_BRFSS
9.292517,11.380161,BRFSS,152562,,CORAL_BRFSS
-6.3635087,-18.310278,BRFSS,232794,,CORAL_BRFSS
10.535949,11.1216545,BRFSS,125131,,CORAL_BRFSS
10.252489,11.966075,BRFSS,297012,,CORAL_BRFSS
3.0485783,6.9563856,BRFSS,98557,,CORAL_BRFSS
10.2002325,-9.49401,NHANES,8599,Other Hispanic,CORAL_BRFSS
14.631684,4.4917803,BRFSS,331587,,CORAL_BRFSS
12.921628,3.337083,BRFSS,261327,,CORAL_BRFSS
12.879618,4.500389,BRFSS,166442,,CORAL_BRFSS
-3.7837763,1.5041662,BRFSS,403896,,CORAL_BRFSS
12.2300825,6.310175,BRFSS,242297,,CORAL_BRFSS
4.1152153,12.969537,BRFSS,317393,,CORAL_BRFSS
-2.1279743,4.9979243,BRFSS,262008,,CORAL_BRFSS
-3.3366704,-14.633193,BRFSS,361995,,CORAL_BRFSS
8.6575,7.0778046,BRFSS,358934,,CORAL_BRFSS
-4.448693,6.111015,BRFSS,148427,,CORAL_BRFSS
12.3164425,4.9032726,BRFSS,144865,,CORAL_BRFSS
8.938428,13.401677,BRFSS,96128,,CORAL_BRFSS
10.616376,3.4570324,BRFSS,425621,,CORAL_BRFSS
-2.6533816,5.496085,BRFSS,77361,,CORAL_BRFSS
13.609682,2.676491,BRFSS,285019,,CORAL_BRFSS
5.944016,11.70243,BRFSS,247040,,CORAL_BRFSS
10.8347,5.535791,BRFSS,240675,,CORAL_BRFSS
-2.101535,7.9231815,NHANES,7599,Non-Hispanic Black,CORAL_BRFSS
0.07437966,11.053072,BRFSS,430421,,CORAL_BRFSS
13.632405,7.471039,BRFSS,22185,,CORAL_BRFSS
2.1315002,7.3716125,BRFSS,296325,,CORAL_BRFSS
-0.55690163,9.397709,BRFSS,428891,,CORAL_BRFSS
5.695847,12.041333,BRFSS,338106,,CORAL_BRFSS
6.1576347,6.35763,BRFSS,243296,,CORAL_BRFSS
-4.279645,-13.755106,BRFSS,118150,,CORAL_BRFSS
2.1109078,-12.972895,BRFSS,266789,,CORAL_BRFSS
-2.1817248,4.312441,BRFSS,366887,,CORAL_BRFSS
-3.1411226,4.4869604,BRFSS,161299,,CORAL_BRFSS
14.294087,7.2005095,BRFSS,389910,,CORAL_BRFSS
-0.07789074,6.1458187,BRFSS,153081,,CORAL_BRFSS
-0.93306875,9.186127,BRFSS,58524,,CORAL_BRFSS
9.768109,9.0816,BRFSS,180538,,CORAL_BRFSS
13.6706915,6.7688,BRFSS,71795,,CORAL_BRFSS
-3.6676064,0.6151217,BRFSS,391598,,CORAL_BRFSS
-3.0388968,5.41802,BRFSS,294270,,CORAL_BRFSS
-1.463396,5.889224,BRFSS,257971,,CORAL_BRFSS
9.160918,4.57366,BRFSS,389211,,CORAL_BRFSS
3.717591,-6.740592,BRFSS,284568,,CORAL_BRFSS
11.990875,4.710946,BRFSS,289893,,CORAL_BRFSS
-1.0479082,8.861514,BRFSS,119890,,CORAL_BRFSS
17.493834,4.2033653,BRFSS,257271,,CORAL_BRFSS
-2.8641436,9.921846,BRFSS,247612,,CORAL_BRFSS
6.8611956,11.719211,BRFSS,196562,,CORAL_BRFSS
14.911609,0.43135646,BRFSS,119320,,CORAL_BRFSS
5.1312165,13.974347,BRFSS,412621,,CORAL_BRFSS
0.05931916,8.45837,BRFSS,99356,,CORAL_BRFSS
8.581903,13.649067,BRFSS,173872,,CORAL_BRFSS
4.646803,11.388351,BRFSS,234901,,CORAL_BRFSS
10.604602,3.6159492,BRFSS,378692,,CORAL_BRFSS
9.966094,11.079906,BRFSS,245462,,CORAL_BRFSS
-3.9088202,1.7415252,BRFSS,93778,,CORAL_BRFSS
5.805656,6.4276776,BRFSS,130231,,CORAL_BRFSS
9.456772,11.625685,BRFSS,96575,,CORAL_BRFSS
-1.3741691,9.791164,BRFSS,448306,,CORAL_BRFSS
-6.8585577,-18.840769,BRFSS,357521,,CORAL_BRFSS
-1.1800169,6.928159,BRFSS,32584,,CORAL_BRFSS
5.7914634,-16.968174,BRFSS,167532,,CORAL_BRFSS
-2.9792144,0.17897348,BRFSS,355323,,CORAL_BRFSS
-0.64624596,10.663541,BRFSS,333132,,CORAL_BRFSS
-1.2845292,12.841551,BRFSS,201571,,CORAL_BRFSS
3.668972,-6.7795167,BRFSS,132484,,CORAL_BRFSS
5.598107,12.722067,BRFSS,74885,,CORAL_BRFSS
8.387742,11.82214,BRFSS,23399,,CORAL_BRFSS
13.900061,0.7826493,BRFSS,438880,,CORAL_BRFSS
10.431954,4.3269444,BRFSS,149409,,CORAL_BRFSS
10.114573,-9.408386,NHANES,9516,Non-Hispanic Asian,CORAL_BRFSS
-0.20272732,12.770244,BRFSS,121942,,CORAL_BRFSS
12.303016,6.234151,BRFSS,292881,,CORAL_BRFSS
0.10769218,10.575305,BRFSS,370966,,CORAL_BRFSS
10.544301,11.727852,BRFSS,86669,,CORAL_BRFSS
-3.817924,1.4405409,BRFSS,165557,,CORAL_BRFSS
11.141992,11.011682,BRFSS,87205,,CORAL_BRFSS
-1.5529214,6.7978907,BRFSS,269573,,CORAL_BRFSS
11.140909,11.024814,BRFSS,264387,,CORAL_BRFSS
2.347176,10.98721,BRFSS,19675,,CORAL_BRFSS
-3.9919786,4.917265,BRFSS,373489,,CORAL_BRFSS
-7.0956316,-19.484879,BRFSS,437877,,CORAL_BRFSS
-1.0656723,8.89449,BRFSS,425910,,CORAL_BRFSS
-4.4802575,-13.524216,BRFSS,204948,,CORAL_BRFSS
5.699599,11.299689,BRFSS,306068,,CORAL_BRFSS
0.53602755,8.668639,BRFSS,320529,,CORAL_BRFSS
2.5877147,7.451576,BRFSS,13427,,CORAL_BRFSS
9.304412,13.0972185,BRFSS,119750,,CORAL_BRFSS
3.6409948,-6.8024607,BRFSS,33797,,CORAL_BRFSS
-7.089364,-19.360113,BRFSS,190217,,CORAL_BRFSS
-0.15459871,12.503578,BRFSS,232300,,CORAL_BRFSS
-0.54131985,7.2276497,BRFSS,322184,,CORAL_BRFSS
7.3212266,6.2099943,BRFSS,140656,,CORAL_BRFSS
10.436923,4.3317947,BRFSS,51307,,CORAL_BRFSS
3.6033812,10.868844,BRFSS,287046,,CORAL_BRFSS
-4.4357924,6.099199,BRFSS,44969,,CORAL_BRFSS
2.726339,10.861712,BRFSS,59469,,CORAL_BRFSS
-4.467144,6.0924625,BRFSS,267910,,CORAL_BRFSS
14.058325,5.7728176,BRFSS,357679,,CORAL_BRFSS
6.0942903,8.131152,BRFSS,117166,,CORAL_BRFSS
2.751199,8.174221,BRFSS,336289,,CORAL_BRFSS
5.7096853,11.30544,BRFSS,161110,,CORAL_BRFSS
8.7352495,12.705786,BRFSS,443513,,CORAL_BRFSS
2.8365746,8.754403,BRFSS,211836,,CORAL_BRFSS
11.088438,10.773843,BRFSS,309817,,CORAL_BRFSS
8.144462,14.10542,BRFSS,242979,,CORAL_BRFSS
14.953075,0.48195747,BRFSS,123364,,CORAL_BRFSS
5.7950716,-16.971815,BRFSS,226683,,CORAL_BRFSS
14.5857115,5.3870254,BRFSS,42051,,CORAL_BRFSS
5.852698,-17.035198,BRFSS,268739,,CORAL_BRFSS
6.1806855,12.686667,BRFSS,160069,,CORAL_BRFSS
7.3559384,8.167666,BRFSS,397529,,CORAL_BRFSS
-3.7190888,6.553412,BRFSS,68871,,CORAL_BRFSS
-2.9767992,0.7745479,BRFSS,428724,,CORAL_BRFSS
5.822401,7.607247,BRFSS,325238,,CORAL_BRFSS
7.420683,6.983904,BRFSS,200787,,CORAL_BRFSS
13.861501,0.7100397,BRFSS,418080,,CORAL_BRFSS
-0.40670913,13.091613,BRFSS,264593,,CORAL_BRFSS
2.6603289,8.633789,BRFSS,413097,,CORAL_BRFSS
-2.956655,1.1333064,BRFSS,389637,,CORAL_BRFSS
2.7539036,12.863901,BRFSS,191106,,CORAL_BRFSS
-0.6752651,10.178476,BRFSS,168562,,CORAL_BRFSS
0.89310324,9.3281355,BRFSS,372904,,CORAL_BRFSS
-0.36456013,13.375674,BRFSS,149971,,CORAL_BRFSS
5.7169337,12.067716,BRFSS,35034,,CORAL_BRFSS
-0.68786246,10.207075,BRFSS,216601,,CORAL_BRFSS
-2.809405,5.533546,BRFSS,83043,,CORAL_BRFSS
-2.5849545,2.4053793,BRFSS,428480,,CORAL_BRFSS
-3.6411912,0.6186782,BRFSS,214970,,CORAL_BRFSS
12.306526,6.690721,BRFSS,397619,,CORAL_BRFSS
7.159553,15.008376,BRFSS,174269,,CORAL_BRFSS
3.0066662,12.474371,BRFSS,21689,,CORAL_BRFSS
-0.22312328,12.785355,BRFSS,383960,,CORAL_BRFSS
-4.3304234,4.321172,BRFSS,295363,,CORAL_BRFSS
14.729223,4.5933385,BRFSS,25737,,CORAL_BRFSS
-1.3765007,12.562988,BRFSS,88993,,CORAL_BRFSS
-2.7424583,-14.676108,BRFSS,54117,,CORAL_BRFSS
-1.9238653,6.348712,BRFSS,291703,,CORAL_BRFSS
13.694786,2.582284,BRFSS,35878,,CORAL_BRFSS
10.615,5.153829,BRFSS,29286,,CORAL_BRFSS
-5.0587726,4.858714,BRFSS,174575,,CORAL_BRFSS
9.627772,12.538199,BRFSS,144535,,CORAL_BRFSS
-4.143858,6.406376,BRFSS,39871,,CORAL_BRFSS
-2.022255,7.739246,BRFSS,219143,,CORAL_BRFSS
14.983093,6.6300654,BRFSS,241817,,CORAL_BRFSS
6.6532283,12.281334,BRFSS,426758,,CORAL_BRFSS
-3.981911,2.0694995,BRFSS,423622,,CORAL_BRFSS
8.574711,13.884817,BRFSS,256310,,CORAL_BRFSS
12.1914,3.9950645,BRFSS,376660,,CORAL_BRFSS
1.6970955,6.9766374,BRFSS,293171,,CORAL_BRFSS
-2.8715785,2.5373652,BRFSS,145135,,CORAL_BRFSS
-1.1100656,8.941806,BRFSS,212739,,CORAL_BRFSS
-1.010521,8.823125,BRFSS,399758,,CORAL_BRFSS
20.360771,0.49193645,BRFSS,365960,,CORAL_BRFSS
-3.626579,1.3417369,BRFSS,293141,,CORAL_BRFSS
-4.5253353,6.0819736,BRFSS,383735,,CORAL_BRFSS
-3.2218194,4.8588204,BRFSS,329236,,CORAL_BRFSS
2.169567,11.13167,BRFSS,91401,,CORAL_BRFSS
-0.49928677,13.226634,BRFSS,18425,,CORAL_BRFSS
15.623308,2.0376756,BRFSS,310152,,CORAL_BRFSS
0.28402454,8.519392,BRFSS,150741,,CORAL_BRFSS
9.17211,3.9398165,BRFSS,31076,,CORAL_BRFSS
3.0143325,12.446922,BRFSS,358045,,CORAL_BRFSS
12.514091,5.809878,BRFSS,182971,,CORAL_BRFSS
0.34813392,10.775436,BRFSS,423863,,CORAL_BRFSS
-3.827837,1.0963248,BRFSS,223572,,CORAL_BRFSS
-0.9557126,12.501275,BRFSS,305265,,CORAL_BRFSS
5.176298,11.410118,BRFSS,290579,,CORAL_BRFSS
-1.3391811,11.31122,BRFSS,361716,,CORAL_BRFSS
8.859041,7.248665,BRFSS,411342,,CORAL_BRFSS
-1.7967197,4.0196967,BRFSS,430901,,CORAL_BRFSS
-4.0321445,2.8088884,BRFSS,449624,,CORAL_BRFSS
-4.0079646,7.076999,BRFSS,395425,,CORAL_BRFSS
9.880095,3.040051,BRFSS,318570,,CORAL_BRFSS
4.171369,11.664509,BRFSS,81585,,CORAL_BRFSS
-7.0877166,-19.243315,BRFSS,29299,,CORAL_BRFSS
10.393164,4.597684,BRFSS,432479,,CORAL_BRFSS
13.616583,7.463375,BRFSS,374906,,CORAL_BRFSS
10.383551,2.837729,BRFSS,112955,,CORAL_BRFSS
7.2662306,8.340195,BRFSS,442295,,CORAL_BRFSS
5.852393,-17.03495,BRFSS,377382,,CORAL_BRFSS
3.0617409,10.944977,BRFSS,97814,,CORAL_BRFSS
6.69597,11.101803,BRFSS,76103,,CORAL_BRFSS
4.5852275,11.329713,BRFSS,104071,,CORAL_BRFSS
1.3225455,11.425458,BRFSS,129097,,CORAL_BRFSS
6.9389586,11.8367,BRFSS,243726,,CORAL_BRFSS
-1.0550646,6.905262,BRFSS,316331,,CORAL_BRFSS
-1.8735644,2.6452215,BRFSS,446087,,CORAL_BRFSS
-4.729476,3.511231,BRFSS,421938,,CORAL_BRFSS
-0.8063256,5.0881763,BRFSS,409623,,CORAL_BRFSS
9.782896,9.12586,BRFSS,434048,,CORAL_BRFSS
9.431615,11.583914,BRFSS,182135,,CORAL_BRFSS
-3.8376682,-14.269367,BRFSS,184508,,CORAL_BRFSS
-6.7252,-19.990257,BRFSS,355655,,CORAL_BRFSS
10.944737,5.526272,BRFSS,83831,,CORAL_BRFSS
10.353199,4.904743,BRFSS,428414,,CORAL_BRFSS
1.2599175,7.410035,BRFSS,431475,,CORAL_BRFSS
-0.35536984,7.267501,BRFSS,391355,,CORAL_BRFSS
-0.66963303,10.190956,BRFSS,316686,,CORAL_BRFSS
-1.1532228,5.216804,BRFSS,13035,,CORAL_BRFSS
8.034285,7.54332,BRFSS,76866,,CORAL_BRFSS
-2.098573,2.9643555,BRFSS,366756,,CORAL_BRFSS
-4.5866303,-13.402769,BRFSS,298890,,CORAL_BRFSS
14.879865,6.680916,BRFSS,225989,,CORAL_BRFSS
-2.7045715,-14.66863,BRFSS,91896,,CORAL_BRFSS
-2.88415,8.550825,BRFSS,47707,,CORAL_BRFSS
5.600725,8.511831,BRFSS,158703,,CORAL_BRFSS
7.4419703,7.179103,BRFSS,209809,,CORAL_BRFSS
3.1226404,6.8132396,BRFSS,203579,,CORAL_BRFSS
11.660016,7.9799395,BRFSS,423768,,CORAL_BRFSS
-0.96533555,5.3462434,BRFSS,444489,,CORAL_BRFSS
8.463616,12.288798,BRFSS,220905,,CORAL_BRFSS
10.429095,4.024891,BRFSS,315288,,CORAL_BRFSS
5.9663105,13.244172,BRFSS,150752,,CORAL_BRFSS
-4.9134283,5.9643197,BRFSS,317189,,CORAL_BRFSS
-3.3856738,7.7044783,BRFSS,396542,,CORAL_BRFSS
10.4276,12.540828,BRFSS,333888,,CORAL_BRFSS
5.79095,7.349101,BRFSS,403633,,CORAL_BRFSS
-3.5417125,7.2742453,BRFSS,216475,,CORAL_BRFSS
8.029056,5.4074264,BRFSS,189852,,CORAL_BRFSS
-5.2108493,5.362759,BRFSS,447904,,CORAL_BRFSS
6.9450283,13.806784,BRFSS,117264,,CORAL_BRFSS
2.8431973,8.67631,BRFSS,400442,,CORAL_BRFSS
-6.8283663,-19.887613,BRFSS,146605,,CORAL_BRFSS
-3.510103,0.98437643,BRFSS,307457,,CORAL_BRFSS
2.9192204,11.71093,BRFSS,53196,,CORAL_BRFSS
7.2113047,15.088515,BRFSS,312464,,CORAL_BRFSS
13.927341,5.6407228,BRFSS,139280,,CORAL_BRFSS
14.995449,6.6269054,BRFSS,76977,,CORAL_BRFSS
8.885031,7.2575655,BRFSS,433111,,CORAL_BRFSS
14.530341,6.717249,BRFSS,134993,,CORAL_BRFSS
8.979839,7.3159127,BRFSS,320030,,CORAL_BRFSS
-2.7597928,-14.68678,BRFSS,160867,,CORAL_BRFSS
-3.482614,1.0682789,BRFSS,429376,,CORAL_BRFSS
7.2858276,6.343644,BRFSS,207862,,CORAL_BRFSS
9.979443,-9.273264,NHANES,2612,Non-Hispanic Black,CORAL_BRFSS
-1.7565165,3.1153927,BRFSS,45969,,CORAL_BRFSS
-0.6972403,10.209744,BRFSS,277614,,CORAL_BRFSS
9.827085,6.320427,BRFSS,194903,,CORAL_BRFSS
-5.1576037,5.229282,BRFSS,93585,,CORAL_BRFSS
-0.6619794,10.698852,BRFSS,207173,,CORAL_BRFSS
-4.447377,4.5629096,BRFSS,406792,,CORAL_BRFSS
-2.7604477,2.9370818,BRFSS,331902,,CORAL_BRFSS
-0.3689908,10.970844,BRFSS,125888,,CORAL_BRFSS
13.853441,0.7013319,BRFSS,244784,,CORAL_BRFSS
2.7545574,13.0476,BRFSS,276968,,CORAL_BRFSS
10.555833,9.4337435,BRFSS,304011,,CORAL_BRFSS
-1.0693167,11.759465,BRFSS,148205,,CORAL_BRFSS
14.253081,5.4191585,BRFSS,180321,,CORAL_BRFSS
0.015645254,8.527633,BRFSS,223818,,CORAL_BRFSS
11.390899,5.2217903,BRFSS,181534,,CORAL_BRFSS
5.4220934,6.9286413,BRFSS,362915,,CORAL_BRFSS
-4.647188,-13.337175,BRFSS,344972,,CORAL_BRFSS
5.720325,12.82382,BRFSS,266253,,CORAL_BRFSS
12.955906,7.383689,BRFSS,167794,,CORAL_BRFSS
6.237057,7.2745337,BRFSS,103691,,CORAL_BRFSS
-4.4604006,-13.546838,BRFSS,89704,,CORAL_BRFSS
9.899457,3.0198178,BRFSS,384856,,CORAL_BRFSS
17.67298,4.365945,BRFSS,418361,,CORAL_BRFSS
8.71475,12.687752,BRFSS,55298,,CORAL_BRFSS
2.8033628,12.90635,BRFSS,234750,,CORAL_BRFSS
10.63926,3.4249606,BRFSS,343807,,CORAL_BRFSS
-1.5327157,7.0309033,BRFSS,253210,,CORAL_BRFSS
8.471331,12.306768,BRFSS,83062,,CORAL_BRFSS
10.465003,5.4345703,BRFSS,39589,,CORAL_BRFSS
-2.3890681,10.050743,BRFSS,74782,,CORAL_BRFSS
5.7764783,8.060296,BRFSS,138433,,CORAL_BRFSS
5.8328176,-17.009918,BRFSS,109995,,CORAL_BRFSS
-1.3539965,9.980931,BRFSS,326239,,CORAL_BRFSS
-3.5229335,6.8684144,BRFSS,304606,,CORAL_BRFSS
-3.9597943,2.5871396,BRFSS,423981,,CORAL_BRFSS
12.476857,4.46868,BRFSS,48709,,CORAL_BRFSS
4.156473,11.749733,BRFSS,154766,,CORAL_BRFSS
9.05176,4.307357,BRFSS,372683,,CORAL_BRFSS
-7.0968833,-19.491455,BRFSS,67435,,CORAL_BRFSS
13.743875,4.468912,BRFSS,401865,,CORAL_BRFSS
13.72557,0.4909552,BRFSS,328618,,CORAL_BRFSS
-1.329378,10.685351,BRFSS,195568,,CORAL_BRFSS
-2.5258787,10.265287,BRFSS,312926,,CORAL_BRFSS
1.5482392,7.2907825,BRFSS,224839,,CORAL_BRFSS
-3.7225308,1.2303209,BRFSS,94560,,CORAL_BRFSS
7.3975253,13.788542,BRFSS,123856,,CORAL_BRFSS
5.76139,6.4463496,BRFSS,280755,,CORAL_BRFSS
13.160728,4.234716,BRFSS,301361,,CORAL_BRFSS
3.4695985,8.825414,BRFSS,82581,,CORAL_BRFSS
-2.1088326,4.994204,BRFSS,387169,,CORAL_BRFSS
-2.0670004,4.9820485,BRFSS,87842,,CORAL_BRFSS
8.167428,14.094304,BRFSS,155081,,CORAL_BRFSS
0.14673558,10.951922,BRFSS,229657,,CORAL_BRFSS
1.7773058,-13.127814,BRFSS,137952,,CORAL_BRFSS
9.952962,2.9943836,BRFSS,438628,,CORAL_BRFSS
17.643394,4.346889,BRFSS,338303,,CORAL_BRFSS
13.684501,7.440092,BRFSS,306082,,CORAL_BRFSS
-4.039753,2.4629264,BRFSS,160180,,CORAL_BRFSS
-1.5040928,7.3690176,BRFSS,129461,,CORAL_BRFSS
0.12222406,8.415517,BRFSS,206131,,CORAL_BRFSS
-1.7699988,6.0000405,BRFSS,53820,,CORAL_BRFSS
-2.0671787,2.4227426,BRFSS,46517,,CORAL_BRFSS
13.402507,5.0662766,BRFSS,364534,,CORAL_BRFSS
7.4147806,13.785004,BRFSS,15062,,CORAL_BRFSS
-3.0231955,2.4735217,BRFSS,160270,,CORAL_BRFSS
-5.097971,5.110558,BRFSS,303265,,CORAL_BRFSS
-5.2072177,5.6029162,BRFSS,364715,,CORAL_BRFSS
-3.3275137,-14.640555,BRFSS,143061,,CORAL_BRFSS
12.332671,4.078994,BRFSS,373390,,CORAL_BRFSS
14.955516,6.6766233,BRFSS,213073,,CORAL_BRFSS
13.691467,-0.009092548,BRFSS,121775,,CORAL_BRFSS
10.400957,5.422389,BRFSS,383687,,CORAL_BRFSS
-2.9193685,0.8401311,BRFSS,249579,,CORAL_BRFSS
2.2473533,7.2194724,BRFSS,122601,,CORAL_BRFSS
10.8094,10.060862,BRFSS,282655,,CORAL_BRFSS
13.76089,0.5539894,BRFSS,279809,,CORAL_BRFSS
-3.53944,-14.552847,BRFSS,171837,,CORAL_BRFSS
-2.582521,5.61347,BRFSS,221074,,CORAL_BRFSS
13.642901,6.7735205,BRFSS,254280,,CORAL_BRFSS
9.965627,11.125643,BRFSS,197930,,CORAL_BRFSS
4.20069,11.678119,BRFSS,182485,,CORAL_BRFSS
0.5839739,8.568479,BRFSS,70255,,CORAL_BRFSS
-0.7689833,10.76376,BRFSS,290392,,CORAL_BRFSS
-0.49174112,10.611766,BRFSS,382145,,CORAL_BRFSS
9.380692,3.5935125,BRFSS,432249,,CORAL_BRFSS
9.706575,3.204632,BRFSS,328553,,CORAL_BRFSS
5.9454226,8.438334,BRFSS,373253,,CORAL_BRFSS
2.3802905,12.890906,BRFSS,190251,,CORAL_BRFSS
19.921833,0.5649632,BRFSS,351500,,CORAL_BRFSS
-4.9496403,6.2011547,BRFSS,98956,,CORAL_BRFSS
6.049655,13.557392,BRFSS,316729,,CORAL_BRFSS
14.943606,5.809704,BRFSS,72876,,CORAL_BRFSS
0.40956756,8.975241,BRFSS,40645,,CORAL_BRFSS
-6.822894,-18.798971,BRFSS,428331,,CORAL_BRFSS
10.287293,3.9153626,BRFSS,268800,,CORAL_BRFSS
-0.9657074,7.7605205,BRFSS,105305,,CORAL_BRFSS
-3.8327343,1.837572,BRFSS,442353,,CORAL_BRFSS
4.585607,11.337235,BRFSS,42538,,CORAL_BRFSS
9.193148,4.685651,BRFSS,169169,,CORAL_BRFSS
8.14694,14.100823,BRFSS,25993,,CORAL_BRFSS
-4.061747,2.7543888,BRFSS,435515,,CORAL_BRFSS
9.888426,3.0204659,BRFSS,109382,,CORAL_BRFSS
9.766077,9.088226,BRFSS,241700,,CORAL_BRFSS
-0.7692874,5.2638307,BRFSS,100611,,CORAL_BRFSS
-0.71794015,9.515786,BRFSS,156497,,CORAL_BRFSS
-3.7230067,7.235561,BRFSS,280880,,CORAL_BRFSS
2.8210707,8.2118435,BRFSS,168747,,CORAL_BRFSS
-0.2825344,9.621793,BRFSS,119907,,CORAL_BRFSS
-2.691902,9.009586,BRFSS,431054,,CORAL_BRFSS
7.2244635,8.378831,BRFSS,64672,,CORAL_BRFSS
-2.979009,8.843845,BRFSS,215345,,CORAL_BRFSS
14.6462965,4.318467,BRFSS,366454,,CORAL_BRFSS
-0.40427852,12.191733,BRFSS,315290,,CORAL_BRFSS
15.654001,2.0087013,BRFSS,391199,,CORAL_BRFSS
-3.6659956,1.6110317,BRFSS,367226,,CORAL_BRFSS
10.572947,12.199529,BRFSS,318040,,CORAL_BRFSS
-1.8348926,3.8846335,BRFSS,300180,,CORAL_BRFSS
12.527706,7.513468,BRFSS,218511,,CORAL_BRFSS
-0.24124753,7.2091684,BRFSS,396948,,CORAL_BRFSS
-1.3896214,12.561704,BRFSS,429252,,CORAL_BRFSS
8.934635,13.408096,BRFSS,64513,,CORAL_BRFSS
-1.3250843,9.957368,BRFSS,38433,,CORAL_BRFSS
17.845987,4.4428205,BRFSS,91061,,CORAL_BRFSS
-0.43150213,10.517388,BRFSS,254682,,CORAL_BRFSS
-0.46828938,9.925238,BRFSS,123384,,CORAL_BRFSS
-2.4343753,0.87124115,BRFSS,212275,,CORAL_BRFSS
10.499148,2.7855864,BRFSS,195242,,CORAL_BRFSS
0.6255796,9.429007,BRFSS,124662,,CORAL_BRFSS
-0.66874796,7.764171,BRFSS,41762,,CORAL_BRFSS
10.306023,10.42187,BRFSS,348454,,CORAL_BRFSS
-2.977912,8.73996,BRFSS,61686,,CORAL_BRFSS
14.218372,7.2535076,BRFSS,417395,,CORAL_BRFSS
6.9378605,13.884324,BRFSS,83699,,CORAL_BRFSS
-7.0224104,-19.108124,BRFSS,208914,,CORAL_BRFSS
9.0883255,4.2369556,BRFSS,210154,,CORAL_BRFSS
10.548441,11.723655,BRFSS,136511,,CORAL_BRFSS
10.427532,2.8141813,BRFSS,291634,,CORAL_BRFSS
2.9113958,12.577346,BRFSS,220969,,CORAL_BRFSS
-4.2755256,4.1299505,BRFSS,333985,,CORAL_BRFSS
8.736081,6.7181587,BRFSS,239296,,CORAL_BRFSS
-3.623506,0.6135708,BRFSS,287948,,CORAL_BRFSS
10.444985,10.840247,BRFSS,85548,,CORAL_BRFSS
9.683164,6.3857484,BRFSS,117108,,CORAL_BRFSS
20.353086,0.49726462,BRFSS,96308,,CORAL_BRFSS
2.5028632,11.213176,BRFSS,87061,,CORAL_BRFSS
-2.6588645,11.1042185,BRFSS,410523,,CORAL_BRFSS
0.6875061,9.621413,BRFSS,448023,,CORAL_BRFSS
6.9240255,6.876832,BRFSS,426048,,CORAL_BRFSS
0.65432477,8.309277,BRFSS,63007,,CORAL_BRFSS
15.043613,5.7643123,BRFSS,290380,,CORAL_BRFSS
13.366225,4.1891575,BRFSS,164111,,CORAL_BRFSS
9.622085,12.515761,BRFSS,68058,,CORAL_BRFSS
2.5367093,8.801732,BRFSS,365044,,CORAL_BRFSS
13.794443,0.52683413,BRFSS,397601,,CORAL_BRFSS
6.9361167,14.647276,BRFSS,116822,,CORAL_BRFSS
-1.680849,2.9655771,BRFSS,436699,,CORAL_BRFSS
11.328452,5.240882,BRFSS,203390,,CORAL_BRFSS
7.4868326,7.3553267,BRFSS,308512,,CORAL_BRFSS
-0.8059907,13.147856,BRFSS,85892,,CORAL_BRFSS
-5.2179885,7.2259755,BRFSS,317078,,CORAL_BRFSS
6.351287,7.1211076,BRFSS,189640,,CORAL_BRFSS
-1.1825085,9.847117,BRFSS,394648,,CORAL_BRFSS
-0.7548748,11.949751,BRFSS,182040,,CORAL_BRFSS
-3.5501614,-14.541735,BRFSS,382003,,CORAL_BRFSS
5.2882485,12.849252,BRFSS,392732,,CORAL_BRFSS
2.162893,-12.920764,BRFSS,111837,,CORAL_BRFSS
11.520855,5.2910256,BRFSS,228481,,CORAL_BRFSS
8.602298,6.952802,BRFSS,17550,,CORAL_BRFSS
-2.7683518,2.8879578,NHANES,8922,Non-Hispanic Black,CORAL_BRFSS
2.5045593,10.7791605,BRFSS,259078,,CORAL_BRFSS
3.1405704,6.852498,BRFSS,436181,,CORAL_BRFSS
-1.8046099,2.8014667,BRFSS,123449,,CORAL_BRFSS
4.498055,-6.722095,BRFSS,250099,,CORAL_BRFSS
9.732173,13.196329,BRFSS,91740,,CORAL_BRFSS
-5.1617694,7.205324,BRFSS,291072,,CORAL_BRFSS
-3.9485545,2.1014938,BRFSS,387986,,CORAL_BRFSS
-0.75251025,5.298116,BRFSS,306336,,CORAL_BRFSS
7.492172,7.2901225,BRFSS,279179,,CORAL_BRFSS
13.7003765,0.017291624,BRFSS,260960,,CORAL_BRFSS
8.056992,11.079174,BRFSS,352947,,CORAL_BRFSS
15.779625,1.7627271,BRFSS,366657,,CORAL_BRFSS
-3.4377477,2.4932687,BRFSS,64778,,CORAL_BRFSS
10.743977,5.0300975,BRFSS,349493,,CORAL_BRFSS
9.41017,10.475378,NHANES,8483,Mexican American,CORAL_BRFSS
-2.0343122,7.7435174,BRFSS,201928,,CORAL_BRFSS
4.775903,-6.8886223,BRFSS,449527,,CORAL_BRFSS
5.69207,11.276094,BRFSS,135884,,CORAL_BRFSS
6.9019074,8.505618,BRFSS,436776,,CORAL_BRFSS
5.5324283,6.8193026,BRFSS,427720,,CORAL_BRFSS
2.7500255,13.042428,BRFSS,57545,,CORAL_BRFSS
4.202648,11.057074,BRFSS,9657,,CORAL_BRFSS
14.371094,4.04835,BRFSS,80527,,CORAL_BRFSS
-4.6059275,-13.379016,BRFSS,27607,,CORAL_BRFSS
12.373347,4.091211,BRFSS,278456,,CORAL_BRFSS
16.16111,-1.9495236,BRFSS,67602,,CORAL_BRFSS
-2.9902577,2.7371905,BRFSS,30442,,CORAL_BRFSS
2.0813696,-12.960707,BRFSS,384790,,CORAL_BRFSS
-3.580537,2.2068033,BRFSS,281323,,CORAL_BRFSS
0.08119966,12.025211,BRFSS,203392,,CORAL_BRFSS
11.38397,5.239187,BRFSS,251690,,CORAL_BRFSS
11.687809,7.9626126,BRFSS,399485,,CORAL_BRFSS
7.8810415,5.600174,BRFSS,320395,,CORAL_BRFSS
-6.362658,-18.309828,BRFSS,119633,,CORAL_BRFSS
6.4936457,6.334585,BRFSS,153706,,CORAL_BRFSS
11.575797,5.2952933,BRFSS,141014,,CORAL_BRFSS
9.866525,10.909502,BRFSS,368168,,CORAL_BRFSS
14.44583,5.5700846,BRFSS,302772,,CORAL_BRFSS
5.7664757,6.6555653,BRFSS,263211,,CORAL_BRFSS
-3.7902496,1.4508277,BRFSS,300894,,CORAL_BRFSS
4.3746095,13.472257,BRFSS,173104,,CORAL_BRFSS
-2.6869893,0.36065248,BRFSS,387561,,CORAL_BRFSS
-4.7259107,3.7686965,BRFSS,98081,,CORAL_BRFSS
6.4164004,8.094702,BRFSS,83539,,CORAL_BRFSS
-3.548484,2.2431736,BRFSS,197149,,CORAL_BRFSS
-3.1762252,3.0257506,BRFSS,390456,,CORAL_BRFSS
-0.7715307,5.347095,BRFSS,55113,,CORAL_BRFSS
7.1463847,10.908198,BRFSS,285252,,CORAL_BRFSS
2.1987221,11.114171,BRFSS,347831,,CORAL_BRFSS
14.944417,0.47050986,BRFSS,363703,,CORAL_BRFSS
-2.8758616,2.5443347,BRFSS,294750,,CORAL_BRFSS
10.478815,2.7936606,BRFSS,226998,,CORAL_BRFSS
-1.0814502,7.823489,BRFSS,133651,,CORAL_BRFSS
7.468418,7.240053,BRFSS,356741,,CORAL_BRFSS
5.5333276,6.767326,BRFSS,289285,,CORAL_BRFSS
14.593138,6.711338,BRFSS,439257,,CORAL_BRFSS
-0.30887732,11.630483,BRFSS,449704,,CORAL_BRFSS
-3.4703362,-14.606142,BRFSS,46015,,CORAL_BRFSS
14.926958,5.79268,BRFSS,434175,,CORAL_BRFSS
3.827318,11.872798,BRFSS,36799,,CORAL_BRFSS
1.3262922,7.376847,BRFSS,134382,,CORAL_BRFSS
-0.020439718,12.050113,BRFSS,133282,,CORAL_BRFSS
6.8036475,14.611895,BRFSS,338163,,CORAL_BRFSS
9.044337,9.861515,BRFSS,40041,,CORAL_BRFSS
6.644232,12.273555,BRFSS,353923,,CORAL_BRFSS
-1.0640804,5.1113043,BRFSS,393715,,CORAL_BRFSS
-1.5889757,4.193191,BRFSS,212850,,CORAL_BRFSS
-1.3407096,11.323489,BRFSS,395246,,CORAL_BRFSS
17.832756,4.4311686,BRFSS,228140,,CORAL_BRFSS
-2.633596,3.2868543,BRFSS,335977,,CORAL_BRFSS
-4.586424,-13.399875,BRFSS,48532,,CORAL_BRFSS
7.165206,10.97796,BRFSS,142866,,CORAL_BRFSS
-1.4015291,10.037558,BRFSS,132231,,CORAL_BRFSS
-1.625713,10.959224,BRFSS,271705,,CORAL_BRFSS
7.0113425,6.9289513,BRFSS,125667,,CORAL_BRFSS
9.965065,13.082309,BRFSS,316085,,CORAL_BRFSS
7.646588,6.7452726,BRFSS,270608,,CORAL_BRFSS
6.4508467,8.486493,BRFSS,160416,,CORAL_BRFSS
13.609384,2.676347,BRFSS,375264,,CORAL_BRFSS
8.8796835,13.370236,BRFSS,409103,,CORAL_BRFSS
-3.3605645,1.3536718,BRFSS,263631,,CORAL_BRFSS
17.836126,4.433182,BRFSS,323510,,CORAL_BRFSS
3.5865345,8.643752,BRFSS,414811,,CORAL_BRFSS
-3.7117176,0.91926974,BRFSS,98938,,CORAL_BRFSS
13.136341,7.0469456,BRFSS,63026,,CORAL_BRFSS
-0.6699527,7.768392,BRFSS,146131,,CORAL_BRFSS
-2.355185,9.805672,BRFSS,132070,,CORAL_BRFSS
7.239857,7.942389,BRFSS,86485,,CORAL_BRFSS
-0.33116227,13.294147,BRFSS,257536,,CORAL_BRFSS
-1.9566973,11.910137,BRFSS,409518,,CORAL_BRFSS
5.989373,6.860153,BRFSS,364266,,CORAL_BRFSS
5.8743267,7.264896,BRFSS,217822,,CORAL_BRFSS
-0.4677972,9.923999,BRFSS,230981,,CORAL_BRFSS
-1.3807491,12.556268,BRFSS,98827,,CORAL_BRFSS
9.168528,4.7822866,BRFSS,449787,,CORAL_BRFSS
-2.6407762,4.156065,BRFSS,400384,,CORAL_BRFSS
-2.768078,4.146404,BRFSS,169754,,CORAL_BRFSS
10.350409,10.60956,BRFSS,125276,,CORAL_BRFSS
16.156338,-1.9445753,BRFSS,314954,,CORAL_BRFSS
-0.124190174,6.499018,BRFSS,430374,,CORAL_BRFSS
9.154425,4.835111,BRFSS,234231,,CORAL_BRFSS
19.673742,0.55734015,BRFSS,260846,,CORAL_BRFSS
-4.6640825,-13.318622,BRFSS,286256,,CORAL_BRFSS
12.45403,5.4880385,BRFSS,245342,,CORAL_BRFSS
10.50882,12.45952,BRFSS,269255,,CORAL_BRFSS
-3.7874255,6.189284,BRFSS,18077,,CORAL_BRFSS
9.053896,4.408885,BRFSS,269135,,CORAL_BRFSS
-4.76753,3.703105,BRFSS,84365,,CORAL_BRFSS
-1.5208391,3.3683038,BRFSS,124765,,CORAL_BRFSS
7.881356,6.4878473,BRFSS,357264,,CORAL_BRFSS
10.16992,9.720443,BRFSS,40296,,CORAL_BRFSS
-4.9812646,6.799547,BRFSS,339602,,CORAL_BRFSS
3.755681,8.571974,BRFSS,391880,,CORAL_BRFSS
7.197757,6.5500636,BRFSS,173200,,CORAL_BRFSS
-2.7630546,5.429263,BRFSS,231177,,CORAL_BRFSS
-4.5024934,6.1041875,BRFSS,167112,,CORAL_BRFSS
17.44726,4.1654162,BRFSS,164989,,CORAL_BRFSS
1.4910327,-13.278143,BRFSS,259474,,CORAL_BRFSS
-3.4213715,-14.62439,BRFSS,191880,,CORAL_BRFSS
7.518994,7.489363,BRFSS,95096,,CORAL_BRFSS
12.903194,4.5092707,BRFSS,374670,,CORAL_BRFSS
12.29367,4.3553233,BRFSS,322414,,CORAL_BRFSS
19.68941,0.5593941,BRFSS,24206,,CORAL_BRFSS
5.5788393,13.498841,BRFSS,101421,,CORAL_BRFSS
0.11823558,7.2595606,BRFSS,293775,,CORAL_BRFSS
-4.924517,4.6327662,BRFSS,253943,,CORAL_BRFSS
5.952968,14.13612,BRFSS,212911,,CORAL_BRFSS
7.8524,5.592371,BRFSS,330479,,CORAL_BRFSS
5.7439938,-16.920721,BRFSS,146741,,CORAL_BRFSS
-2.9035354,9.495424,BRFSS,212256,,CORAL_BRFSS
13.358654,3.5336225,BRFSS,382787,,CORAL_BRFSS
-1.2035928,5.2210016,BRFSS,117483,,CORAL_BRFSS
-1.1390883,11.867254,BRFSS,321982,,CORAL_BRFSS
9.964843,-9.258668,NHANES,1780,Non-Hispanic White,CORAL_BRFSS
7.204752,14.454178,BRFSS,432939,,CORAL_BRFSS
-5.1707397,7.299836,BRFSS,210444,,CORAL_BRFSS
6.0941057,12.576078,BRFSS,431881,,CORAL_BRFSS
3.4440506,8.823722,BRFSS,90955,,CORAL_BRFSS
13.140355,3.4583807,BRFSS,397558,,CORAL_BRFSS
9.040454,9.890346,BRFSS,245337,,CORAL_BRFSS
10.004024,-9.297926,NHANES,1525,Non-Hispanic Black,CORAL_BRFSS
9.477787,11.590415,BRFSS,166769,,CORAL_BRFSS
-1.8928393,6.329211,BRFSS,69878,,CORAL_BRFSS
14.891308,0.4079931,BRFSS,121434,,CORAL_BRFSS
9.033667,9.831096,BRFSS,327960,,CORAL_BRFSS
-1.4118501,4.7633476,BRFSS,248202,,CORAL_BRFSS
-1.5984689,10.95134,BRFSS,171872,,CORAL_BRFSS
4.8817234,8.388227,BRFSS,64651,,CORAL_BRFSS
3.5764918,10.888881,BRFSS,333887,,CORAL_BRFSS
-3.485991,-14.59772,BRFSS,392734,,CORAL_BRFSS
8.827339,10.813704,BRFSS,234696,,CORAL_BRFSS
7.5973926,11.575537,BRFSS,180714,,CORAL_BRFSS
-2.9265194,-14.677682,BRFSS,118074,,CORAL_BRFSS
14.500557,4.135482,BRFSS,349107,,CORAL_BRFSS
10.445784,4.000987,NHANES,8420,Non-Hispanic White,CORAL_BRFSS
15.12316,0.654062,BRFSS,261378,,CORAL_BRFSS
13.924136,5.6308084,BRFSS,345784,,CORAL_BRFSS
2.544069,7.3503337,BRFSS,33257,,CORAL_BRFSS
2.2900693,8.77386,BRFSS,106970,,CORAL_BRFSS
6.00001,11.759913,BRFSS,342931,,CORAL_BRFSS
7.1917934,8.336255,BRFSS,156403,,CORAL_BRFSS
10.110586,-9.404441,NHANES,6789,Non-Hispanic White,CORAL_BRFSS
1.9809728,12.54127,BRFSS,87426,,CORAL_BRFSS
-4.276167,-13.75941,BRFSS,131197,,CORAL_BRFSS
-4.2697372,-13.765054,BRFSS,284226,,CORAL_BRFSS
-6.840094,-18.825825,BRFSS,250002,,CORAL_BRFSS
5.9518814,13.237761,BRFSS,332687,,CORAL_BRFSS
9.346269,6.759365,BRFSS,298287,,CORAL_BRFSS
2.1226864,11.197097,BRFSS,53499,,CORAL_BRFSS
-4.6085176,6.882172,BRFSS,41412,,CORAL_BRFSS
10.214694,2.884723,BRFSS,242761,,CORAL_BRFSS
7.4605293,13.827502,BRFSS,104599,,CORAL_BRFSS
-5.0491476,6.829275,BRFSS,18302,,CORAL_BRFSS
20.353025,0.49209848,BRFSS,219335,,CORAL_BRFSS
6.3772573,12.082432,BRFSS,193444,,CORAL_BRFSS
-6.360116,-18.30749,BRFSS,237377,,CORAL_BRFSS
-3.1121175,0.33358863,BRFSS,98501,,CORAL_BRFSS
1.1061343,9.10988,NHANES,7219,Other Hispanic,CORAL_BRFSS
10.290222,12.44404,BRFSS,166026,,CORAL_BRFSS
16.080362,1.5829935,BRFSS,108950,,CORAL_BRFSS
17.607166,4.3208823,BRFSS,314637,,CORAL_BRFSS
-3.5781567,6.882953,BRFSS,182621,,CORAL_BRFSS
