umap_x,umap_y,domain,sample_idx,protected,method
1.651686,-1.822816,BRFSS,369796,,Raw
17.26046,4.4371657,BRFSS,216991,,Raw
3.031335,7.8228207,BRFSS,175305,,Raw
0.33008775,-3.352639,BRFSS,320683,,Raw
-0.70705783,2.0879471,BRFSS,110966,,Raw
15.022964,4.4539332,BRFSS,32019,,Raw
2.5847783,-9.122857,BRFSS,85008,,Raw
13.433954,2.9456208,BRFSS,230297,,Raw
17.156088,-2.51417,BRFSS,411817,,Raw
13.86741,7.7047815,BRFSS,285213,,Raw
1.8791114,1.3822184,BRFSS,242254,,Raw
9.122018,5.740925,BRFSS,447971,,Raw
17.030973,4.794023,BRFSS,210043,,Raw
17.987913,2.028846,BRFSS,156442,,Raw
10.488552,5.9621124,BRFSS,170192,,Raw
7.010875,29.186039,BRFSS,149280,,Raw
15.82935,-3.0905063,BRFSS,247434,,Raw
12.240328,0.6055866,BRFSS,317137,,Raw
5.9969573,29.393805,BRFSS,353720,,Raw
17.850273,0.7235779,BRFSS,89502,,Raw
1.748823,-8.929758,BRFSS,174057,,Raw
0.043736327,3.0999682,BRFSS,22432,,Raw
4.17977,7.581899,BRFSS,44751,,Raw
-11.359847,-1.604686,PIMA,616,Pima Indian,Raw
11.017066,4.637823,BRFSS,220819,,Raw
16.253252,3.854195,BRFSS,448851,,Raw
0.1558932,0.97384346,BRFSS,411978,,Raw
18.03637,1.973286,BRFSS,418234,,Raw
10.478075,9.463423,BRFSS,218555,,Raw
0.15933773,-3.817786,BRFSS,152869,,Raw
2.3882334,5.915484,BRFSS,220619,,Raw
12.4491205,7.8360724,BRFSS,406900,,Raw
9.06314,3.3303266,BRFSS,316580,,Raw
10.605319,9.523581,BRFSS,105246,,Raw
17.349907,-2.8669019,BRFSS,430589,,Raw
8.803502,3.1272542,BRFSS,317550,,Raw
11.751184,1.3905997,BRFSS,35576,,Raw
5.464986,4.62131,BRFSS,301070,,Raw
18.09261,0.65120846,BRFSS,318341,,Raw
5.3113084,7.7885146,BRFSS,133447,,Raw
6.9066253,5.0997353,BRFSS,328277,,Raw
-0.76569664,1.8195066,BRFSS,292943,,Raw
11.071982,4.7948503,BRFSS,186646,,Raw
14.521708,5.8063564,BRFSS,305510,,Raw
4.8836617,7.58355,BRFSS,390766,,Raw
4.1311717,4.5826364,BRFSS,269643,,Raw
10.0897875,8.32189,BRFSS,389165,,Raw
13.638549,1.985156,BRFSS,223529,,Raw
2.0005748,7.2271476,BRFSS,422298,,Raw
11.453912,2.2378175,BRFSS,55223,,Raw
12.598766,9.605767,BRFSS,76270,,Raw
2.332837,5.944292,BRFSS,277196,,Raw
4.6660557,1.5635262,BRFSS,89879,,Raw
16.785805,5.27302,BRFSS,441047,,Raw
0.08768201,-6.7462935,BRFSS,239439,,Raw
2.8019683,5.7246284,BRFSS,205161,,Raw
-4.6063676,14.438043,BRFSS,45580,,Raw
2.0992978,4.354939,BRFSS,268184,,Raw
13.293909,8.520065,BRFSS,97767,,Raw
12.256268,0.69324297,BRFSS,192991,,Raw
2.5030084,0.99955344,BRFSS,173563,,Raw
2.7348537,7.307138,BRFSS,77296,,Raw
8.38711,3.1980145,BRFSS,447388,,Raw
11.511987,10.0481,BRFSS,65542,,Raw
3.2115912,27.094559,BRFSS,366688,,Raw
2.525084,0.77369696,BRFSS,333426,,Raw
0.9555864,-0.41094634,BRFSS,405699,,Raw
10.818157,9.655162,BRFSS,106382,,Raw
11.98249,2.8302042,BRFSS,253104,,Raw
14.993906,3.0219111,BRFSS,86805,,Raw
0.28343526,3.159561,BRFSS,384792,,Raw
3.2958403,-1.4805481,BRFSS,235540,,Raw
10.845927,5.04683,BRFSS,316495,,Raw
4.7144303,0.8086815,BRFSS,305294,,Raw
1.2216934,4.7214413,BRFSS,422293,,Raw
3.5947454,-9.034359,BRFSS,411923,,Raw
15.692495,-3.1445541,BRFSS,26698,,Raw
16.590807,-4.245854,BRFSS,17319,,Raw
7.9656944,3.4701438,BRFSS,150964,,Raw
1.7723029,-8.940192,BRFSS,71416,,Raw
4.2037144,4.548912,BRFSS,119937,,Raw
16.696615,1.6393453,BRFSS,17028,,Raw
14.072953,1.9193225,BRFSS,222455,,Raw
13.408728,1.0869468,BRFSS,260840,,Raw
14.916915,4.9926343,BRFSS,289798,,Raw
0.029014012,0.13289738,BRFSS,346142,,Raw
16.833916,4.7772703,BRFSS,184143,,Raw
15.069442,-0.2981899,BRFSS,18706,,Raw
5.007291,1.4437833,BRFSS,426308,,Raw
0.3607788,-3.308739,BRFSS,263790,,Raw
16.723276,0.40078956,BRFSS,388901,,Raw
0.015355056,3.466366,BRFSS,102031,,Raw
6.576059,2.8077066,BRFSS,405850,,Raw
10.691291,9.319766,BRFSS,292899,,Raw
3.2963111,-0.20234405,BRFSS,51398,,Raw
4.6083236,1.3890158,BRFSS,261016,,Raw
2.3356037,5.940157,BRFSS,217419,,Raw
2.069828,6.504954,BRFSS,67426,,Raw
4.959607,3.5494878,BRFSS,268848,,Raw
4.748455,0.8208855,BRFSS,179265,,Raw
5.1637692,28.96193,BRFSS,115836,,Raw
14.358503,-1.0856742,BRFSS,69128,,Raw
14.657018,-3.7201107,BRFSS,277819,,Raw
5.160845,2.4668975,BRFSS,116399,,Raw
16.288065,-2.2357798,BRFSS,280262,,Raw
16.891132,-1.3963184,BRFSS,230213,,Raw
6.5763135,5.626325,BRFSS,149296,,Raw
14.889565,-4.090615,BRFSS,60305,,Raw
11.768243,9.7701,BRFSS,142265,,Raw
12.974057,7.00883,BRFSS,60915,,Raw
3.461557,7.9097295,BRFSS,48170,,Raw
4.9639916,1.4731283,BRFSS,435808,,Raw
-3.8975246,15.129224,BRFSS,124805,,Raw
15.248974,-0.53812313,BRFSS,397540,,Raw
0.94412863,-0.13671148,BRFSS,195428,,Raw
17.627583,-3.6455116,BRFSS,88090,,Raw
13.580371,8.04676,BRFSS,126263,,Raw
0.9218911,5.820954,BRFSS,84459,,Raw
11.905723,8.661808,BRFSS,125482,,Raw
1.608382,2.9583957,BRFSS,44195,,Raw
9.154929,3.566221,BRFSS,315142,,Raw
4.9020114,28.754078,BRFSS,191052,,Raw
4.404254,-0.56538856,BRFSS,391050,,Raw
0.96947396,-1.164327,BRFSS,63776,,Raw
9.536392,4.500803,BRFSS,301808,,Raw
16.94071,-1.0757743,BRFSS,166728,,Raw
3.7557232,4.0329733,BRFSS,311017,,Raw
12.677502,9.854663,BRFSS,228794,,Raw
12.694919,1.3165938,BRFSS,87632,,Raw
0.12890984,2.895986,BRFSS,95808,,Raw
3.4216642,7.921446,BRFSS,229009,,Raw
3.1987212,-1.5459199,BRFSS,12322,,Raw
3.1029608,0.010036552,BRFSS,131828,,Raw
15.278406,-3.763636,BRFSS,423835,,Raw
7.9778786,3.5399604,BRFSS,186012,,Raw
17.344572,1.2360517,BRFSS,183883,,Raw
9.505249,4.118432,BRFSS,106536,,Raw
2.896669,1.6638287,BRFSS,170784,,Raw
6.2696843,7.0196123,BRFSS,78103,,Raw
12.290252,0.4617593,BRFSS,218631,,Raw
15.974342,-0.14325303,BRFSS,229236,,Raw
7.1859365,5.890119,BRFSS,104612,,Raw
8.052892,3.444117,BRFSS,116042,,Raw
15.288481,0.048696928,BRFSS,48539,,Raw
4.776384,5.1481295,BRFSS,434440,,Raw
4.858307,3.0493288,BRFSS,334293,,Raw
16.224487,-1.3396833,NHANES,8603,Non-Hispanic White,Raw
11.752225,7.4934216,BRFSS,304937,,Raw
-0.04066588,2.268149,BRFSS,50820,,Raw
11.388877,9.858825,BRFSS,313953,,Raw
10.343839,8.22446,BRFSS,228360,,Raw
0.3011023,1.3091205,BRFSS,172039,,Raw
13.110051,9.289797,BRFSS,224611,,Raw
15.98156,5.714955,BRFSS,13185,,Raw
13.871099,7.53547,BRFSS,243146,,Raw
12.714105,2.9068244,BRFSS,325814,,Raw
17.943602,-1.8345206,BRFSS,48546,,Raw
3.485107,26.077126,BRFSS,27010,,Raw
1.6688588,2.9245749,BRFSS,263206,,Raw
3.0862913,0.02529769,BRFSS,263779,,Raw
7.9145427,3.7733386,BRFSS,346476,,Raw
7.199261,0.8654493,BRFSS,436681,,Raw
5.4114985,4.637806,BRFSS,385076,,Raw
17.129349,-3.4809453,BRFSS,241579,,Raw
14.419311,1.128127,BRFSS,279981,,Raw
3.0865643,-9.155287,BRFSS,27677,,Raw
3.0477266,27.699589,BRFSS,348148,,Raw
1.0627071,1.3139588,BRFSS,81514,,Raw
-0.714159,2.1409717,BRFSS,440442,,Raw
3.2650137,7.3755536,BRFSS,337772,,Raw
16.267466,-5.0482635,BRFSS,253090,,Raw
4.8878694,2.1287181,BRFSS,405877,,Raw
0.11914924,2.6087897,BRFSS,403253,,Raw
11.926526,6.074655,BRFSS,371456,,Raw
7.3790946,1.4624549,BRFSS,126221,,Raw
16.88613,-4.7345834,BRFSS,145767,,Raw
17.981787,2.2811475,BRFSS,97482,,Raw
2.948847,28.239336,BRFSS,189790,,Raw
2.3331406,5.9482546,BRFSS,10471,,Raw
4.6972466,-8.395835,BRFSS,133690,,Raw
2.964322,28.220415,BRFSS,429762,,Raw
16.736708,-1.3649557,BRFSS,264048,,Raw
3.5989811,25.519705,BRFSS,179460,,Raw
0.19203563,3.5139887,BRFSS,21214,,Raw
11.926719,8.682849,BRFSS,108952,,Raw
15.220188,-2.7460709,BRFSS,301565,,Raw
14.3486595,-2.2631168,BRFSS,381116,,Raw
16.87101,3.487223,BRFSS,232692,,Raw
0.08976938,0.5264818,BRFSS,448239,,Raw
14.035986,1.8814394,BRFSS,17450,,Raw
2.2970498,4.2797155,BRFSS,153499,,Raw
0.9351048,-0.427864,BRFSS,369620,,Raw
16.631987,5.2397456,BRFSS,13368,,Raw
12.629775,6.698333,BRFSS,422733,,Raw
3.546275,25.707314,BRFSS,188490,,Raw
2.1250145,-1.9921527,BRFSS,30643,,Raw
1.6036552,3.822722,BRFSS,220223,,Raw
5.2841115,7.8131385,BRFSS,31423,,Raw
17.1257,5.074165,BRFSS,188289,,Raw
2.5957813,0.9508971,BRFSS,240969,,Raw
14.7533865,3.8546154,BRFSS,105321,,Raw
11.914114,6.0283914,BRFSS,85783,,Raw
11.857646,5.938027,BRFSS,426268,,Raw
12.336908,0.35927165,BRFSS,444426,,Raw
11.609211,9.676922,BRFSS,412164,,Raw
12.054793,9.989182,BRFSS,245669,,Raw
10.058977,8.276627,BRFSS,367048,,Raw
6.0844746,4.9340396,BRFSS,145260,,Raw
3.5003257,2.1284788,BRFSS,257829,,Raw
14.551416,3.6864276,BRFSS,251740,,Raw
9.845885,9.00594,BRFSS,371009,,Raw
16.85177,-0.34291804,BRFSS,229523,,Raw
3.2606018,7.345515,BRFSS,317991,,Raw
3.2767477,26.886663,BRFSS,212421,,Raw
0.10164407,0.9943505,BRFSS,314344,,Raw
-0.002329096,-4.31853,BRFSS,10602,,Raw
0.8384399,-2.4606364,BRFSS,370150,,Raw
0.22734769,-3.6266356,BRFSS,259337,,Raw
11.731335,5.704024,BRFSS,262306,,Raw
4.6071935,0.64331466,BRFSS,76919,,Raw
-7.845839,21.425354,BRFSS,86111,,Raw
2.23125,-9.068995,BRFSS,279809,,Raw
0.097286575,-6.837454,BRFSS,135471,,Raw
-7.8458953,21.42313,BRFSS,136510,,Raw
14.697618,0.18845287,BRFSS,157401,,Raw
3.0220103,2.7665768,BRFSS,30018,,Raw
4.749816,1.9033409,BRFSS,210549,,Raw
3.7373254,2.9256022,BRFSS,424186,,Raw
17.140722,2.4943125,BRFSS,170104,,Raw
3.6427596,25.380445,BRFSS,143536,,Raw
1.5698239,3.817103,BRFSS,93962,,Raw
1.126132,-8.517797,BRFSS,284049,,Raw
2.6673324,-1.7889336,BRFSS,73292,,Raw
9.859554,9.046143,BRFSS,100512,,Raw
15.404968,6.0108724,BRFSS,129739,,Raw
3.4129627,26.358717,BRFSS,416692,,Raw
16.15299,-4.6665053,BRFSS,292873,,Raw
1.5623807,3.841915,BRFSS,262438,,Raw
11.624271,2.6984997,BRFSS,338445,,Raw
17.087824,1.4359109,BRFSS,210070,,Raw
16.993366,5.182969,BRFSS,61892,,Raw
7.556427,4.8449345,BRFSS,435373,,Raw
15.46968,-3.2008882,BRFSS,94568,,Raw
5.1927595,4.807105,BRFSS,308757,,Raw
3.9912999,7.3854394,BRFSS,292001,,Raw
16.746367,-1.3777151,BRFSS,258272,,Raw
2.5707862,-1.8355234,BRFSS,367520,,Raw
14.913456,2.9976044,BRFSS,250481,,Raw
3.7726028,4.8067784,BRFSS,135390,,Raw
2.0347557,6.484783,BRFSS,234052,,Raw
4.1358557,-0.76851016,BRFSS,235156,,Raw
1.5720464,6.972802,BRFSS,62210,,Raw
0.34234887,-3.3321373,BRFSS,369587,,Raw
9.608663,8.741917,BRFSS,239138,,Raw
14.873669,1.4293091,BRFSS,56061,,Raw
3.7538252,5.614461,BRFSS,187219,,Raw
11.180204,9.120038,BRFSS,40691,,Raw
12.694084,9.772333,NHANES,5559,Non-Hispanic Black,Raw
6.002708,29.391037,BRFSS,253758,,Raw
16.726305,0.7423604,BRFSS,214316,,Raw
15.263138,6.0128994,BRFSS,107878,,Raw
6.859694,1.5091321,BRFSS,227359,,Raw
13.257579,9.028115,BRFSS,179764,,Raw
11.451598,9.270279,BRFSS,70041,,Raw
0.5134794,-7.804171,BRFSS,115622,,Raw
6.8593307,6.146344,BRFSS,397932,,Raw
6.199163,7.068555,BRFSS,173188,,Raw
9.098655,5.847568,BRFSS,36216,,Raw
16.157244,-0.35291782,BRFSS,217605,,Raw
11.185243,8.013488,BRFSS,103110,,Raw
9.534602,4.499523,BRFSS,71220,,Raw
2.5263915,0.9792142,BRFSS,92450,,Raw
14.926107,5.0175724,BRFSS,138850,,Raw
13.881563,1.4907327,BRFSS,353900,,Raw
11.360935,2.3760777,BRFSS,271844,,Raw
14.838664,1.8080254,BRFSS,287481,,Raw
0.81220174,3.0420294,BRFSS,276338,,Raw
17.56317,-2.5504048,BRFSS,334826,,Raw
10.888121,1.328082,BRFSS,194882,,Raw
2.829581,-9.139377,BRFSS,16181,,Raw
9.71883,2.8241804,BRFSS,425371,,Raw
16.867014,-2.2953358,BRFSS,97888,,Raw
17.889282,1.8711674,BRFSS,374504,,Raw
16.135935,-4.926846,BRFSS,351373,,Raw
6.9779773,29.20452,BRFSS,208340,,Raw
10.44748,3.4275777,BRFSS,251846,,Raw
15.792673,-1.1649386,BRFSS,183531,,Raw
9.504582,3.5001843,BRFSS,151554,,Raw
3.1809533,3.1206021,BRFSS,47670,,Raw
1.0998392,5.6141124,NHANES,7307,Other Hispanic,Raw
7.6461186,3.7138357,BRFSS,176229,,Raw
15.335139,-4.556003,BRFSS,406582,,Raw
16.153734,5.7917476,BRFSS,353844,,Raw
12.548476,9.572713,BRFSS,66016,,Raw
16.413647,-0.33131918,BRFSS,154275,,Raw
0.4406923,-0.3986798,BRFSS,298212,,Raw
10.228143,6.17088,BRFSS,53892,,Raw
17.028828,5.2519946,BRFSS,330190,,Raw
7.1719294,0.8576288,BRFSS,143394,,Raw
12.665068,1.3900151,BRFSS,276962,,Raw
3.5893707,4.102539,BRFSS,278450,,Raw
6.8872576,29.25761,BRFSS,214461,,Raw
11.932027,6.088978,BRFSS,228337,,Raw
15.457114,1.3523128,BRFSS,14370,,Raw
13.530355,1.3796175,BRFSS,325207,,Raw
10.6872835,3.2973125,BRFSS,443986,,Raw
7.0559573,4.2216244,BRFSS,31906,,Raw
16.795671,-4.353949,BRFSS,445213,,Raw
5.311856,4.049771,BRFSS,369186,,Raw
2.8750129,5.63662,BRFSS,130709,,Raw
17.593664,3.561926,BRFSS,81175,,Raw
3.1108544,3.1749892,BRFSS,193157,,Raw
12.818416,6.833599,BRFSS,312182,,Raw
1.0611484,2.4434502,BRFSS,438570,,Raw
7.1524396,1.7757912,BRFSS,220640,,Raw
14.744443,0.20392488,BRFSS,290575,,Raw
0.05890323,3.0523047,BRFSS,439937,,Raw
14.98616,-1.2250534,BRFSS,265264,,Raw
16.172974,-5.007541,BRFSS,251021,,Raw
3.1759295,0.021952387,BRFSS,433806,,Raw
5.719048,3.871534,BRFSS,133835,,Raw
7.14439,1.6044676,BRFSS,295157,,Raw
0.1001755,-6.764328,BRFSS,234856,,Raw
0.024793522,0.12931354,BRFSS,120562,,Raw
8.836974,5.925418,BRFSS,99351,,Raw
5.0320983,-0.24505395,BRFSS,171418,,Raw
8.960865,4.0626507,BRFSS,144763,,Raw
15.22735,0.26732185,BRFSS,440484,,Raw
10.076168,8.304049,BRFSS,167520,,Raw
0.15662706,0.96406657,BRFSS,179469,,Raw
17.220797,-0.51367146,BRFSS,331517,,Raw
18.051281,0.12750778,BRFSS,222429,,Raw
17.58635,3.9348252,BRFSS,209891,,Raw
15.19348,-3.900425,BRFSS,407714,,Raw
0.19013685,-0.06691823,BRFSS,397549,,Raw
4.9106693,1.1895176,BRFSS,319577,,Raw
14.390242,6.3022776,BRFSS,277230,,Raw
4.9259987,3.6154528,BRFSS,153472,,Raw
14.467584,-1.240064,BRFSS,301354,,Raw
15.21326,-4.3395195,BRFSS,294195,,Raw
7.0959864,4.1356983,BRFSS,238904,,Raw
11.860234,1.0614378,NHANES,7461,Non-Hispanic Black,Raw
4.795684,2.1809747,BRFSS,348780,,Raw
1.9265258,6.919666,BRFSS,374016,,Raw
2.3666825,7.480348,BRFSS,365099,,Raw
0.4728117,-7.736713,BRFSS,344604,,Raw
11.781684,9.552982,BRFSS,214684,,Raw
1.0216383,4.485006,BRFSS,229314,,Raw
13.672588,2.1672578,BRFSS,295708,,Raw
18.001104,1.7879082,BRFSS,360104,,Raw
7.147724,1.8897362,BRFSS,102853,,Raw
14.56965,5.9712114,BRFSS,86381,,Raw
14.306913,-1.7067184,BRFSS,378910,,Raw
0.8298316,2.5875616,BRFSS,323828,,Raw
17.594603,-3.66325,BRFSS,337348,,Raw
6.100768,29.398489,BRFSS,405739,,Raw
12.414415,9.50006,BRFSS,68934,,Raw
15.606086,5.4226084,BRFSS,44863,,Raw
2.830012,4.002786,BRFSS,396213,,Raw
13.296676,8.933218,BRFSS,219408,,Raw
1.8943095,0.5148461,BRFSS,135729,,Raw
0.052672666,0.18860216,BRFSS,146176,,Raw
1.676714,7.5458536,BRFSS,18413,,Raw
1.5442698,6.949571,BRFSS,375543,,Raw
7.065905,29.123995,BRFSS,172040,,Raw
2.9361432,6.2958283,BRFSS,403230,,Raw
4.5912247,7.3258247,BRFSS,171473,,Raw
15.037622,1.4456315,BRFSS,155937,,Raw
11.156786,7.8088264,BRFSS,287550,,Raw
17.144423,4.986932,BRFSS,33537,,Raw
3.569291,-0.47092432,BRFSS,50194,,Raw
10.569516,9.4875555,BRFSS,246468,,Raw
17.129885,-3.0363133,NHANES,7171,Non-Hispanic White,Raw
3.0664225,2.1776326,BRFSS,133894,,Raw
14.443485,-1.1158669,BRFSS,145031,,Raw
5.020402,28.851671,BRFSS,287225,,Raw
9.598144,8.708995,BRFSS,443138,,Raw
5.5349283,3.0739677,BRFSS,299147,,Raw
17.437313,-0.724477,BRFSS,99549,,Raw
9.0060005,2.2943294,BRFSS,21267,,Raw
16.339338,-2.007182,BRFSS,422605,,Raw
1.624551,6.6327386,BRFSS,101939,,Raw
5.568361,3.9685583,BRFSS,170913,,Raw
15.384506,6.012698,BRFSS,254191,,Raw
4.814393,0.9540436,BRFSS,290873,,Raw
10.858516,5.0252523,BRFSS,52785,,Raw
10.104581,8.342913,BRFSS,132154,,Raw
2.9356334,28.254768,BRFSS,375248,,Raw
8.823416,5.7496605,BRFSS,171547,,Raw
7.443704,1.9921412,BRFSS,50649,,Raw
17.655315,3.3116581,BRFSS,437817,,Raw
9.044912,3.2469103,BRFSS,220188,,Raw
-0.67857057,1.7767477,BRFSS,411562,,Raw
3.1058652,7.841074,BRFSS,334451,,Raw
15.273896,0.23919123,BRFSS,137431,,Raw
3.6612263,7.64841,BRFSS,387210,,Raw
9.201972,6.7602377,BRFSS,111889,,Raw
5.5995245,29.240274,BRFSS,259290,,Raw
6.355733,2.7547314,BRFSS,176430,,Raw
14.777123,2.722989,BRFSS,181818,,Raw
3.3028607,26.805391,BRFSS,20927,,Raw
16.866598,4.202823,BRFSS,368847,,Raw
1.1433594,3.316336,BRFSS,237577,,Raw
17.631987,3.5901155,BRFSS,106979,,Raw
10.309034,5.148852,BRFSS,42146,,Raw
0.8481085,3.0044153,BRFSS,203612,,Raw
1.671003,-1.8207395,BRFSS,291124,,Raw
3.3166978,26.723059,BRFSS,428229,,Raw
9.765527,7.0076666,BRFSS,428558,,Raw
15.299958,-2.504116,BRFSS,272926,,Raw
11.206435,9.147682,BRFSS,188879,,Raw
4.9271264,0.073260285,BRFSS,222231,,Raw
6.5835776,5.605035,BRFSS,172504,,Raw
3.2033746,5.2794595,BRFSS,186522,,Raw
10.623139,9.271377,BRFSS,206873,,Raw
1.2476821,1.1527464,BRFSS,13911,,Raw
14.6855755,3.5217159,BRFSS,388593,,Raw
17.969465,1.7265568,BRFSS,197372,,Raw
7.152891,1.8062935,BRFSS,72145,,Raw
2.901458,1.6477033,BRFSS,370228,,Raw
4.6878505,5.209053,BRFSS,222152,,Raw
2.8534918,6.934114,BRFSS,23917,,Raw
10.250575,9.357959,BRFSS,380753,,Raw
8.282379,1.7175936,BRFSS,356798,,Raw
2.2656388,6.4388814,BRFSS,363910,,Raw
2.0615315,-9.048814,BRFSS,22128,,Raw
-4.4932094,14.549222,BRFSS,15538,,Raw
12.089123,6.29379,BRFSS,214462,,Raw
13.296785,8.941137,BRFSS,444080,,Raw
16.346655,1.0559306,BRFSS,242566,,Raw
2.8473742,4.0072,BRFSS,332500,,Raw
16.951056,0.76904255,NHANES,9264,Mexican American,Raw
12.080312,6.277086,BRFSS,177441,,Raw
4.6101,1.3696666,BRFSS,47137,,Raw
8.779555,1.7306234,BRFSS,114942,,Raw
16.437237,-1.0480226,BRFSS,138102,,Raw
11.198917,1.2165747,BRFSS,217098,,Raw
14.493554,-0.2215254,BRFSS,210495,,Raw
5.77979,3.7703989,BRFSS,210012,,Raw
4.237392,4.527549,BRFSS,434000,,Raw
4.153312,4.5567465,BRFSS,16236,,Raw
12.768678,2.8945217,BRFSS,19696,,Raw
3.0851536,27.590178,BRFSS,353062,,Raw
1.1676912,-8.554829,BRFSS,126252,,Raw
0.86024666,5.69694,BRFSS,228389,,Raw
17.023108,-0.7056423,BRFSS,367822,,Raw
3.631239,4.892396,BRFSS,49835,,Raw
1.3911572,0.00083686254,BRFSS,208281,,Raw
17.1991,-1.0972764,BRFSS,437914,,Raw
5.9369264,5.031898,BRFSS,268466,,Raw
16.908524,4.1930785,BRFSS,424579,,Raw
17.70508,3.2700133,BRFSS,117435,,Raw
16.347425,3.70601,BRFSS,232927,,Raw
17.85358,-0.22487785,BRFSS,214705,,Raw
17.165945,3.637547,BRFSS,419491,,Raw
3.0040812,5.4617558,BRFSS,124130,,Raw
2.896372,1.6817598,BRFSS,233384,,Raw
3.4846697,26.07253,BRFSS,45250,,Raw
3.1340332,4.478341,BRFSS,246888,,Raw
12.081617,4.77224,BRFSS,174733,,Raw
17.025738,5.257092,BRFSS,306237,,Raw
5.042065,-0.24183501,BRFSS,23153,,Raw
5.175828,7.8677444,BRFSS,79174,,Raw
9.822223,9.03293,BRFSS,121086,,Raw
5.168802,7.4660797,BRFSS,251945,,Raw
0.21443282,-0.096134245,BRFSS,209537,,Raw
15.208671,5.095947,BRFSS,151769,,Raw
2.1617134,0.4927513,BRFSS,405322,,Raw
7.1879926,2.2503285,BRFSS,171771,,Raw
3.051913,3.8189363,BRFSS,29657,,Raw
14.393302,6.277467,BRFSS,358485,,Raw
15.23918,-3.9253092,BRFSS,329147,,Raw
-3.7279644,15.298788,BRFSS,381368,,Raw
17.488699,3.8295588,BRFSS,360979,,Raw
17.850233,-1.9241587,BRFSS,190452,,Raw
14.816829,1.8209324,BRFSS,214998,,Raw
1.6036625,-1.6983331,BRFSS,445353,,Raw
1.9885398,-2.0877705,BRFSS,193180,,Raw
7.016945,29.179976,BRFSS,51245,,Raw
1.6024042,3.045773,BRFSS,410396,,Raw
12.103199,7.1478763,BRFSS,415545,,Raw
0.2383273,-7.174869,BRFSS,347975,,Raw
3.0097098,5.4521685,BRFSS,145800,,Raw
14.43107,-1.172467,BRFSS,282562,,Raw
15.060658,0.41947496,BRFSS,115932,,Raw
4.493852,6.265206,BRFSS,277057,,Raw
12.8932905,2.9250946,BRFSS,384245,,Raw
11.890597,8.637937,BRFSS,261509,,Raw
17.161325,5.1287575,BRFSS,26437,,Raw
0.4959849,0.7629212,BRFSS,222185,,Raw
14.529019,-1.2361822,BRFSS,360567,,Raw
0.054171056,-6.663189,BRFSS,259955,,Raw
1.2496616,4.189585,BRFSS,11578,,Raw
16.836647,-1.6787548,BRFSS,189127,,Raw
16.168581,-4.6556773,BRFSS,225794,,Raw
9.758906,2.854999,BRFSS,145688,,Raw
17.579288,4.1240063,BRFSS,197733,,Raw
0.9118669,1.8443451,BRFSS,85276,,Raw
2.092398,6.464193,BRFSS,171634,,Raw
-3.9006782,15.126146,BRFSS,263597,,Raw
3.592167,-0.47511354,BRFSS,81805,,Raw
5.176899,7.8605638,BRFSS,46063,,Raw
16.15388,-4.2756753,BRFSS,105304,,Raw
12.212174,7.7182627,BRFSS,39188,,Raw
3.2899373,26.81831,BRFSS,243476,,Raw
16.812214,4.149265,BRFSS,46159,,Raw
2.843436,7.737508,BRFSS,339299,,Raw
4.020448,3.1724455,BRFSS,439356,,Raw
2.9925706,6.9311185,BRFSS,14799,,Raw
10.905026,9.081805,BRFSS,229370,,Raw
5.0354137,28.864813,BRFSS,130627,,Raw
18.034891,2.2866688,BRFSS,38939,,Raw
4.6094675,0.64263266,BRFSS,403596,,Raw
5.403252,29.128725,BRFSS,403714,,Raw
16.964306,-0.40125415,BRFSS,382980,,Raw
-11.377608,-1.5869514,NHANES,3512,Non-Hispanic White,Raw
1.5402416,0.70542264,BRFSS,179061,,Raw
10.280035,9.367299,BRFSS,142789,,Raw
0.83320343,-8.231547,BRFSS,406034,,Raw
15.937182,0.06674232,BRFSS,63941,,Raw
2.5946913,0.9941167,BRFSS,186948,,Raw
4.9189925,3.6131372,BRFSS,260454,,Raw
16.96481,3.089761,BRFSS,198835,,Raw
1.6018527,0.28941214,BRFSS,262929,,Raw
15.335851,0.082575284,BRFSS,71737,,Raw
17.888693,0.04741974,BRFSS,245609,,Raw
3.482188,26.087675,BRFSS,192029,,Raw
-0.7403046,2.0986311,BRFSS,10033,,Raw
7.056205,0.7564059,BRFSS,244581,,Raw
14.945343,4.988986,BRFSS,232489,,Raw
0.35936156,-7.474037,BRFSS,244408,,Raw
4.8923254,5.0596957,BRFSS,23510,,Raw
7.27235,3.4473438,BRFSS,237902,,Raw
-0.75569856,1.8723594,BRFSS,377612,,Raw
0.58525133,0.6935673,BRFSS,113203,,Raw
16.820543,4.1499934,BRFSS,84408,,Raw
5.280684,29.051542,BRFSS,418985,,Raw
9.816894,3.000836,BRFSS,397574,,Raw
1.1260287,-0.43575183,BRFSS,190221,,Raw
7.99604,3.5085456,BRFSS,162590,,Raw
9.984488,6.4075723,BRFSS,378675,,Raw
4.8177524,6.0610695,BRFSS,184527,,Raw
2.5677128,0.9884687,BRFSS,95712,,Raw
2.071969,6.0834665,BRFSS,339283,,Raw
-11.371297,-1.5932446,NHANES,5112,Non-Hispanic Asian,Raw
5.115274,1.4653962,BRFSS,206624,,Raw
-11.371791,-1.5928044,NHANES,9486,Non-Hispanic White,Raw
0.48181504,0.75234747,BRFSS,260043,,Raw
14.669936,2.3471787,BRFSS,234377,,Raw
2.15692,7.389503,BRFSS,314227,,Raw
0.04378476,0.092913546,BRFSS,344601,,Raw
5.19708,7.8482413,BRFSS,417625,,Raw
12.582574,9.916583,BRFSS,18550,,Raw
15.542005,1.0707475,BRFSS,377874,,Raw
3.5552092,25.666466,BRFSS,79965,,Raw
0.5732273,1.0743108,BRFSS,397364,,Raw
7.936594,4.640802,BRFSS,145273,,Raw
3.1784995,3.1430788,BRFSS,9767,,Raw
17.895546,0.74008,BRFSS,313794,,Raw
0.45582294,0.79093874,BRFSS,261530,,Raw
1.1283928,4.2835546,BRFSS,275304,,Raw
15.265123,-4.5149665,BRFSS,399462,,Raw
4.4671545,-8.581914,BRFSS,31979,,Raw
16.249105,-4.340591,BRFSS,198892,,Raw
4.2965555,-0.6490208,BRFSS,278754,,Raw
17.499723,-2.5999324,BRFSS,232231,,Raw
3.5441885,25.711042,BRFSS,364081,,Raw
15.11349,4.514916,BRFSS,333781,,Raw
14.938317,-4.191841,BRFSS,196083,,Raw
4.682753,-8.409167,BRFSS,284223,,Raw
16.819496,-4.324432,BRFSS,331231,,Raw
1.840367,4.9781156,BRFSS,205194,,Raw
5.3617435,2.8450844,BRFSS,238899,,Raw
16.110838,-1.909107,BRFSS,46493,,Raw
10.897243,8.421922,BRFSS,340549,,Raw
12.234445,4.8512087,BRFSS,286716,,Raw
5.4351053,29.150135,BRFSS,410641,,Raw
9.903603,8.149287,BRFSS,92322,,Raw
17.94757,-2.001039,BRFSS,390313,,Raw
3.0201392,3.8655229,BRFSS,201985,,Raw
16.178793,-4.995334,BRFSS,97409,,Raw
11.748627,1.32531,BRFSS,118672,,Raw
5.0176053,28.848272,BRFSS,145094,,Raw
1.6311349,7.516094,BRFSS,288010,,Raw
3.262359,2.1458237,BRFSS,167420,,Raw
11.507702,1.0818312,BRFSS,141827,,Raw
9.479074,2.7789276,BRFSS,323398,,Raw
11.564848,9.997028,BRFSS,342470,,Raw
16.863674,3.0561185,BRFSS,353513,,Raw
10.486218,3.3521261,BRFSS,407902,,Raw
2.9571307,28.174599,BRFSS,27132,,Raw
4.994914,28.833288,BRFSS,440642,,Raw
3.9335732,2.842306,BRFSS,354886,,Raw
4.735672,0.6379328,BRFSS,225255,,Raw
9.0525465,2.5829341,BRFSS,376981,,Raw
11.054335,2.7353404,BRFSS,390622,,Raw
14.4681225,1.1339917,BRFSS,269842,,Raw
16.31,3.8396192,BRFSS,425674,,Raw
2.0929198,6.498325,BRFSS,101115,,Raw
0.98922366,5.9589176,BRFSS,103783,,Raw
16.365982,3.8492215,BRFSS,448473,,Raw
6.888877,29.250051,BRFSS,376578,,Raw
14.368482,-1.2849693,BRFSS,199513,,Raw
11.570983,9.670749,BRFSS,375496,,Raw
-3.8674183,15.158911,BRFSS,283030,,Raw
0.9722586,1.786592,BRFSS,334078,,Raw
10.861063,1.345538,BRFSS,440791,,Raw
0.4723171,-7.7358227,BRFSS,358194,,Raw
9.476259,4.3761153,BRFSS,351115,,Raw
3.2782514,3.6356366,BRFSS,154268,,Raw
4.7046895,5.19691,BRFSS,444924,,Raw
12.721255,9.685293,BRFSS,413407,,Raw
1.5793542,-1.8109711,BRFSS,302618,,Raw
17.373827,-0.5036227,BRFSS,26786,,Raw
15.207687,-4.37397,BRFSS,318502,,Raw
12.800143,2.9170945,BRFSS,224683,,Raw
16.84821,3.4995072,BRFSS,272138,,Raw
5.133959,28.943474,BRFSS,320895,,Raw
9.920473,6.175005,BRFSS,281578,,Raw
17.111675,0.8379022,BRFSS,275156,,Raw
3.4326746,-1.3631907,BRFSS,135360,,Raw
17.411531,1.2572738,BRFSS,422431,,Raw
2.0778782,6.136824,BRFSS,342218,,Raw
10.736056,9.396324,BRFSS,427277,,Raw
14.6688385,3.1369827,BRFSS,390537,,Raw
8.322148,3.2567525,BRFSS,380290,,Raw
11.976814,7.0504208,BRFSS,374692,,Raw
7.7035413,3.6505263,BRFSS,16658,,Raw
2.29186,7.466159,BRFSS,307266,,Raw
0.28423527,-3.4451365,BRFSS,62991,,Raw
16.9198,0.75526744,BRFSS,257814,,Raw
-7.845856,21.425259,BRFSS,180504,,Raw
12.760592,6.780381,BRFSS,295045,,Raw
9.030216,2.377316,BRFSS,235343,,Raw
2.4047194,5.9241676,BRFSS,385592,,Raw
1.5724393,6.9818745,BRFSS,40475,,Raw
0.13752505,-6.918119,BRFSS,437293,,Raw
14.270696,-0.5546098,BRFSS,275750,,Raw
9.97728,6.6525536,BRFSS,48561,,Raw
3.2725332,5.17719,BRFSS,426368,,Raw
14.401874,6.287993,BRFSS,357511,,Raw
4.9639277,3.5434158,BRFSS,359469,,Raw
17.673416,1.7680812,BRFSS,292983,,Raw
0.5255373,1.4649425,BRFSS,398915,,Raw
9.035077,2.380259,BRFSS,143773,,Raw
5.3827734,4.6604867,BRFSS,394802,,Raw
12.40435,9.511511,BRFSS,414257,,Raw
4.4186993,-0.56754273,BRFSS,417447,,Raw
13.222601,0.63568085,BRFSS,244826,,Raw
8.928658,2.2242937,BRFSS,148601,,Raw
11.844042,6.436799,BRFSS,132909,,Raw
2.2907765,6.458028,BRFSS,51336,,Raw
1.9146738,2.4666948,BRFSS,167897,,Raw
14.972768,4.0651035,BRFSS,446205,,Raw
5.62028,29.245926,BRFSS,370596,,Raw
13.733874,0.23656476,BRFSS,302255,,Raw
2.9432788,28.245173,BRFSS,227410,,Raw
13.743803,2.317833,BRFSS,415339,,Raw
1.132327,6.0217247,BRFSS,51024,,Raw
-4.5911584,14.453183,BRFSS,224170,,Raw
0.770394,3.8869236,BRFSS,150546,,Raw
7.232314,0.9330688,BRFSS,322309,,Raw
1.5999035,7.512427,BRFSS,171482,,Raw
7.74114,2.0813375,BRFSS,18764,,Raw
8.637936,1.839738,BRFSS,356402,,Raw
9.487821,4.359168,BRFSS,349061,,Raw
1.671521,4.520417,BRFSS,83737,,Raw
5.131992,-0.1987305,NHANES,8180,Non-Hispanic White,Raw
0.08943495,2.6059837,BRFSS,365431,,Raw
9.214077,3.6153572,BRFSS,53628,,Raw
3.2361257,26.930029,BRFSS,194320,,Raw
1.6576645,0.29324135,BRFSS,351200,,Raw
10.20558,6.1904473,BRFSS,311946,,Raw
5.0743704,5.8198524,BRFSS,170228,,Raw
16.896523,-3.3321226,BRFSS,46607,,Raw
17.331158,1.5274615,BRFSS,179360,,Raw
16.968393,2.4199972,BRFSS,257617,,Raw
5.2619214,29.032019,BRFSS,129372,,Raw
4.0472965,3.1609414,BRFSS,58214,,Raw
17.118078,-4.0533524,BRFSS,437628,,Raw
3.485616,26.074087,BRFSS,351159,,Raw
13.454116,2.9575284,BRFSS,297300,,Raw
0.9685974,1.380851,BRFSS,297501,,Raw
4.0349774,2.3361492,BRFSS,106757,,Raw
11.168648,7.8053694,BRFSS,333589,,Raw
17.037485,-2.723404,BRFSS,360064,,Raw
16.657646,0.026670115,BRFSS,436547,,Raw
-0.38550985,2.2694085,BRFSS,163728,,Raw
1.1332952,-8.526618,BRFSS,181632,,Raw
1.5509129,7.4567003,BRFSS,320618,,Raw
14.813527,-4.0196967,BRFSS,166765,,Raw
4.3212476,7.37254,BRFSS,47217,,Raw
15.849619,0.04908502,BRFSS,69235,,Raw
11.521136,10.058625,BRFSS,384847,,Raw
11.89715,8.64892,BRFSS,417207,,Raw
0.5427553,-2.9031188,BRFSS,31216,,Raw
17.938251,-0.1175484,BRFSS,255042,,Raw
-0.73198926,1.8148078,BRFSS,371236,,Raw
6.080808,29.405848,BRFSS,187432,,Raw
15.90671,1.4627802,BRFSS,27556,,Raw
7.554519,1.209832,BRFSS,338916,,Raw
16.664085,0.043107975,BRFSS,355810,,Raw
7.703629,1.9979177,BRFSS,409339,,Raw
6.288841,3.0081244,BRFSS,76838,,Raw
3.914066,2.8742743,BRFSS,116478,,Raw
16.263958,-0.5998545,BRFSS,198745,,Raw
3.288885,3.6184316,BRFSS,367232,,Raw
1.6707226,6.946868,BRFSS,190223,,Raw
11.931755,8.710134,BRFSS,410807,,Raw
2.395286,-1.8987352,BRFSS,165144,,Raw
12.53627,9.865147,BRFSS,111292,,Raw
4.571335,7.3498673,BRFSS,409749,,Raw
16.773514,5.139413,BRFSS,236461,,Raw
1.2312014,2.798028,BRFSS,244270,,Raw
4.6068463,1.3954855,BRFSS,135175,,Raw
3.7336323,2.9369714,BRFSS,18048,,Raw
16.588371,-1.3588198,BRFSS,437767,,Raw
2.5793102,-9.123048,BRFSS,172900,,Raw
13.2452135,8.919615,BRFSS,306149,,Raw
16.716602,0.025352811,BRFSS,450072,,Raw
2.9534771,28.23775,BRFSS,200974,,Raw
16.864344,-1.4009211,BRFSS,367082,,Raw
5.13656,2.5072467,BRFSS,11799,,Raw
0.900754,-8.312406,BRFSS,232735,,Raw
13.819836,3.2097049,BRFSS,354797,,Raw
13.411994,8.201127,BRFSS,365136,,Raw
0.10096948,-6.8450108,BRFSS,208551,,Raw
18.092058,0.51064456,BRFSS,401087,,Raw
8.842992,5.9372754,BRFSS,203735,,Raw
0.09431862,0.15983124,BRFSS,358919,,Raw
18.016617,0.7584753,BRFSS,111633,,Raw
5.260379,29.036814,BRFSS,364685,,Raw
16.25953,-5.0289803,BRFSS,54522,,Raw
8.574489,6.347242,BRFSS,207078,,Raw
5.09419,28.909458,BRFSS,186804,,Raw
9.989605,6.7271857,BRFSS,116745,,Raw
12.339467,4.9819226,BRFSS,71877,,Raw
16.512058,3.5912004,BRFSS,423062,,Raw
6.2007833,29.389303,BRFSS,233139,,Raw
-11.379902,-1.584579,PIMA,408,Pima Indian,Raw
16.893446,-4.3765616,BRFSS,326390,,Raw
13.3697605,8.147241,BRFSS,139536,,Raw
14.432328,1.2918764,BRFSS,389359,,Raw
3.9609144,3.1719296,BRFSS,103001,,Raw
13.64712,0.74448985,BRFSS,331567,,Raw
4.9447865,28.785713,BRFSS,45100,,Raw
3.5718448,2.1281924,BRFSS,91071,,Raw
10.090513,8.346334,BRFSS,233395,,Raw
2.7757432,2.3100824,BRFSS,381690,,Raw
4.6556177,7.31739,BRFSS,427045,,Raw
1.9592453,6.924958,BRFSS,107639,,Raw
14.446646,-1.1165338,BRFSS,318973,,Raw
15.164876,-2.8069086,BRFSS,140187,,Raw
14.318472,-1.4876238,BRFSS,319419,,Raw
8.593426,4.1331263,BRFSS,326220,,Raw
13.491714,1.4581869,BRFSS,23154,,Raw
10.707481,8.785258,BRFSS,421568,,Raw
15.559636,5.971519,BRFSS,22902,,Raw
11.181239,9.11729,BRFSS,162919,,Raw
16.189444,-4.714492,BRFSS,153961,,Raw
10.205527,3.5046077,BRFSS,316915,,Raw
16.072815,-4.924699,BRFSS,118323,,Raw
15.757457,-2.7127602,BRFSS,199202,,Raw
3.4103608,26.358198,BRFSS,115532,,Raw
9.385983,4.4649158,BRFSS,234388,,Raw
2.904998,2.8058813,BRFSS,102464,,Raw
6.1621647,4.9012327,BRFSS,193407,,Raw
9.489796,4.318068,BRFSS,249106,,Raw
9.1196575,3.45742,BRFSS,409459,,Raw
4.871053,3.6088889,BRFSS,19018,,Raw
1.5955324,2.9756885,BRFSS,78382,,Raw
14.948568,-2.565192,BRFSS,43893,,Raw
14.591217,2.2386415,BRFSS,134964,,Raw
4.691268,-8.400756,BRFSS,290685,,Raw
0.7901355,3.0781558,BRFSS,343264,,Raw
10.060346,6.967897,BRFSS,17731,,Raw
14.509481,2.5062973,BRFSS,249564,,Raw
8.306507,3.2746396,BRFSS,217774,,Raw
10.911332,8.472192,BRFSS,383830,,Raw
4.4823117,-0.5336773,BRFSS,91372,,Raw
-0.6328914,1.7548172,BRFSS,368407,,Raw
17.970646,0.07655463,BRFSS,40239,,Raw
16.91321,2.7283337,BRFSS,100236,,Raw
17.256456,1.2272217,BRFSS,30986,,Raw
16.250645,-5.0200586,BRFSS,449375,,Raw
3.6607456,-9.018762,BRFSS,28335,,Raw
4.2237825,-0.6924446,BRFSS,130018,,Raw
17.449646,-3.214823,BRFSS,424817,,Raw
16.115376,3.8806655,BRFSS,232391,,Raw
13.905117,2.4574082,BRFSS,99988,,Raw
11.565048,2.6346493,BRFSS,402660,,Raw
16.065712,-4.8784537,BRFSS,14140,,Raw
16.023415,-4.831844,BRFSS,313781,,Raw
1.915411,7.150064,BRFSS,397531,,Raw
-0.77774966,1.8452135,BRFSS,330193,,Raw
10.863902,1.316554,BRFSS,241083,,Raw
0.23242553,1.3466849,BRFSS,204129,,Raw
1.7525651,-8.93435,BRFSS,414645,,Raw
9.943629,6.247047,BRFSS,256426,,Raw
6.942148,2.9284174,BRFSS,411254,,Raw
0.37293324,-0.31130737,BRFSS,372976,,Raw
4.0568056,-8.903951,BRFSS,345957,,Raw
10.89431,8.412338,BRFSS,265173,,Raw
11.982339,7.0482273,BRFSS,98496,,Raw
16.627071,1.060299,BRFSS,148394,,Raw
11.965878,1.0020849,BRFSS,124555,,Raw
15.161198,4.1737723,BRFSS,325793,,Raw
5.6715107,3.9200194,BRFSS,150433,,Raw
2.3264258,6.934283,BRFSS,238401,,Raw
17.054874,1.4292632,BRFSS,403926,,Raw
15.602634,-3.0980966,BRFSS,247627,,Raw
17.407188,1.5620601,BRFSS,216092,,Raw
11.986061,5.6130075,BRFSS,111128,,Raw
7.9818273,3.5292065,BRFSS,154418,,Raw
12.385568,9.488411,BRFSS,277953,,Raw
3.4684482,-1.3377144,BRFSS,370942,,Raw
3.341037,-1.4540138,BRFSS,413577,,Raw
1.2022579,2.3517349,BRFSS,150602,,Raw
12.534458,9.906851,BRFSS,36683,,Raw
11.020032,1.3007634,BRFSS,300110,,Raw
17.894339,2.617972,BRFSS,62934,,Raw
16.720997,2.106452,BRFSS,40384,,Raw
13.621933,7.8725204,BRFSS,101608,,Raw
3.1776013,27.29766,BRFSS,270547,,Raw
16.86891,-2.8179085,BRFSS,295772,,Raw
14.679517,-0.3556589,BRFSS,390092,,Raw
11.519174,9.994332,BRFSS,156015,,Raw
3.4545891,7.9178095,BRFSS,70503,,Raw
9.899362,8.192227,BRFSS,406617,,Raw
14.40784,6.2760725,BRFSS,35753,,Raw
4.7579336,2.1770422,BRFSS,89637,,Raw
10.492732,9.1650305,BRFSS,210774,,Raw
11.376754,2.2540143,BRFSS,297135,,Raw
17.0944,-4.038955,BRFSS,389984,,Raw
8.507233,6.17356,BRFSS,339373,,Raw
1.9811537,3.5275426,BRFSS,23820,,Raw
9.377783,4.4331965,BRFSS,408945,,Raw
0.7595711,-8.144874,BRFSS,171186,,Raw
17.193779,-0.5285386,BRFSS,215286,,Raw
5.0214067,28.851198,BRFSS,391914,,Raw
3.5024457,-0.39600024,BRFSS,102212,,Raw
8.246365,2.5314157,BRFSS,12859,,Raw
16.891365,0.7693116,BRFSS,414238,,Raw
17.384327,-3.1713119,BRFSS,319320,,Raw
4.2770658,2.2543495,BRFSS,355503,,Raw
1.4833968,0.0359142,BRFSS,438884,,Raw
11.07361,4.843927,BRFSS,125174,,Raw
17.697376,0.03812434,BRFSS,363677,,Raw
15.211988,6.0121536,BRFSS,384430,,Raw
11.441495,9.912168,BRFSS,62185,,Raw
1.5384908,7.393735,BRFSS,53834,,Raw
1.7725481,3.610363,BRFSS,379837,,Raw
7.788247,5.5284595,BRFSS,62175,,Raw
8.566529,4.1537633,BRFSS,426769,,Raw
17.867147,1.5333155,BRFSS,79517,,Raw
2.9092784,5.6011314,BRFSS,134081,,Raw
2.6758354,7.3427467,BRFSS,351434,,Raw
1.9967079,-2.0828004,BRFSS,31852,,Raw
17.960253,2.2706037,BRFSS,276262,,Raw
10.099263,8.353017,BRFSS,45253,,Raw
12.148581,5.209058,BRFSS,110894,,Raw
5.288035,1.7842723,BRFSS,398919,,Raw
13.138447,8.67216,BRFSS,44265,,Raw
3.4508898,26.17943,BRFSS,431309,,Raw
4.8904524,0.034057803,BRFSS,259676,,Raw
2.7634947,0.35594624,BRFSS,65013,,Raw
6.982779,3.3227997,BRFSS,170097,,Raw
4.3087163,2.2656622,BRFSS,178363,,Raw
14.439578,-0.9668921,BRFSS,392216,,Raw
15.77324,5.7265577,BRFSS,207519,,Raw
4.757161,3.0566442,BRFSS,359851,,Raw
17.593077,-3.6564975,BRFSS,274216,,Raw
3.7271044,6.7361226,BRFSS,311266,,Raw
13.040089,7.0519257,BRFSS,267361,,Raw
4.904455,7.6282177,BRFSS,230327,,Raw
5.1977057,7.867632,BRFSS,423831,,Raw
-3.7048445,15.32197,BRFSS,248277,,Raw
16.982437,-2.965382,BRFSS,229896,,Raw
14.995644,-4.314931,BRFSS,199224,,Raw
2.982945,27.998241,BRFSS,440900,,Raw
9.171116,5.9498463,BRFSS,130001,,Raw
1.4666971,3.0388236,BRFSS,66288,,Raw
11.213189,1.2722064,BRFSS,63152,,Raw
11.0801735,1.2170086,BRFSS,371898,,Raw
11.980476,7.0345564,BRFSS,190219,,Raw
0.013583443,1.101325,BRFSS,91549,,Raw
1.5080743,7.3666725,BRFSS,190563,,Raw
0.79258597,-2.430439,BRFSS,104907,,Raw
11.314501,4.4540644,BRFSS,139199,,Raw
9.593986,8.6989,BRFSS,427849,,Raw
17.148546,3.8941052,BRFSS,14628,,Raw
0.94159657,4.6553564,BRFSS,131292,,Raw
10.249225,3.5667045,BRFSS,111270,,Raw
12.338846,4.9874973,BRFSS,194492,,Raw
9.81895,5.6407228,BRFSS,125807,,Raw
1.6546052,6.9542437,BRFSS,342431,,Raw
9.54418,3.8748503,BRFSS,400068,,Raw
15.316862,5.206058,BRFSS,42590,,Raw
-0.0052658436,3.4009638,BRFSS,221808,,Raw
17.791569,-1.8232398,BRFSS,382417,,Raw
5.1208324,4.103526,BRFSS,379324,,Raw
3.8069384,3.3210466,BRFSS,79318,,Raw
7.841318,3.9128773,BRFSS,398691,,Raw
7.559507,3.8255553,BRFSS,125360,,Raw
0.7433018,1.4049766,BRFSS,172090,,Raw
2.2172384,6.016352,BRFSS,164663,,Raw
11.987922,5.443195,BRFSS,142480,,Raw
-11.374089,-1.5908225,NHANES,905,Non-Hispanic White,Raw
3.2571507,-0.15783285,BRFSS,135274,,Raw
6.355174,29.367653,BRFSS,249828,,Raw
9.735552,8.921859,BRFSS,292338,,Raw
15.174613,-3.9137106,BRFSS,449049,,Raw
2.9452949,28.264126,BRFSS,394511,,Raw
7.1468654,4.100981,BRFSS,250991,,Raw
2.7169943,7.557186,BRFSS,335868,,Raw
0.3838527,-7.5040674,BRFSS,446944,,Raw
6.903191,3.4370775,BRFSS,379895,,Raw
12.857666,1.5635611,BRFSS,231109,,Raw
10.2174835,3.4564157,BRFSS,273219,,Raw
3.5979798,25.525145,BRFSS,414775,,Raw
16.118248,5.8031836,BRFSS,293702,,Raw
17.747566,2.7227626,BRFSS,57291,,Raw
0.051480625,0.10908798,BRFSS,377385,,Raw
16.616762,2.3586152,BRFSS,267069,,Raw
7.297609,1.3546786,BRFSS,265833,,Raw
3.0918827,27.575699,BRFSS,68721,,Raw
2.9786813,2.8000987,BRFSS,437165,,Raw
3.4552,-0.55350494,BRFSS,123340,,Raw
6.1529293,7.0811768,BRFSS,266497,,Raw
17.028728,3.932701,BRFSS,369385,,Raw
2.1866941,7.502849,BRFSS,347248,,Raw
13.15366,8.637356,BRFSS,62586,,Raw
11.689383,9.730141,BRFSS,239860,,Raw
3.2846432,26.828987,BRFSS,301872,,Raw
15.756589,-3.2086682,BRFSS,408020,,Raw
-0.7464923,1.7978228,BRFSS,35523,,Raw
5.2954907,2.873649,BRFSS,369005,,Raw
11.137297,7.7057905,BRFSS,283246,,Raw
5.674579,3.9151907,BRFSS,318325,,Raw
1.0359175,-1.237036,BRFSS,445010,,Raw
12.7692175,2.909804,BRFSS,223175,,Raw
0.20510049,-7.0840282,BRFSS,206648,,Raw
11.887071,8.646001,BRFSS,85213,,Raw
17.353468,-0.50569814,BRFSS,144759,,Raw
16.365654,-4.4879518,BRFSS,71287,,Raw
17.700905,-3.5449963,BRFSS,217155,,Raw
4.115439,7.6147537,BRFSS,136967,,Raw
17.729269,3.2471833,BRFSS,206399,,Raw
5.049402,-0.2359004,BRFSS,338350,,Raw
-4.058613,14.972405,BRFSS,255197,,Raw
11.720303,3.2011383,BRFSS,233126,,Raw
5.63884,4.3432884,BRFSS,303445,,Raw
14.914213,-1.2392449,BRFSS,156706,,Raw
4.159095,2.073839,BRFSS,259327,,Raw
16.122292,-1.927707,BRFSS,143404,,Raw
-11.391379,-1.573163,NHANES,7571,Non-Hispanic White,Raw
2.863906,-9.140962,BRFSS,54103,,Raw
11.186927,9.128595,BRFSS,318073,,Raw
10.084608,7.8941493,BRFSS,99048,,Raw
17.179552,3.2486658,BRFSS,224032,,Raw
3.097547,27.591728,BRFSS,436351,,Raw
18.083744,0.4317914,BRFSS,63828,,Raw
17.130068,1.7001781,BRFSS,425272,,Raw
3.3387032,7.658281,BRFSS,337842,,Raw
7.854178,1.9048895,BRFSS,40720,,Raw
17.20041,-1.3025964,BRFSS,197234,,Raw
12.86679,2.936608,BRFSS,425026,,Raw
10.271175,2.90688,BRFSS,341320,,Raw
17.706657,3.7784002,BRFSS,83253,,Raw
0.14020263,3.479849,NHANES,2430,Non-Hispanic Asian,Raw
9.789049,6.999912,BRFSS,352399,,Raw
4.6924615,6.1568704,BRFSS,363554,,Raw
15.979703,5.5565157,BRFSS,417516,,Raw
15.830458,-3.0864553,BRFSS,139112,,Raw
16.983313,-3.951888,BRFSS,15298,,Raw
12.233687,7.267601,BRFSS,95282,,Raw
4.5343776,7.351997,BRFSS,265787,,Raw
16.007711,5.708662,BRFSS,374948,,Raw
17.973742,-2.1474242,BRFSS,38481,,Raw
1.8996067,3.5564663,BRFSS,403603,,Raw
14.903312,2.9724703,BRFSS,346823,,Raw
11.656543,3.1646752,BRFSS,33660,,Raw
2.2768998,6.445087,BRFSS,407876,,Raw
2.9398875,0.102711804,BRFSS,415956,,Raw
12.806567,7.741769,BRFSS,319471,,Raw
4.193051,-8.804416,BRFSS,10031,,Raw
16.963913,-3.9355664,BRFSS,331331,,Raw
3.2409484,26.938385,BRFSS,331199,,Raw
-7.8470645,21.423725,BRFSS,63367,,Raw
10.037742,3.1554801,BRFSS,266169,,Raw
2.3024075,6.9320364,BRFSS,349268,,Raw
14.856943,0.2648379,BRFSS,291188,,Raw
1.3736261,6.912872,BRFSS,53838,,Raw
15.152407,-4.458204,BRFSS,69805,,Raw
12.54085,9.867193,BRFSS,213510,,Raw
15.368432,6.0226035,BRFSS,54983,,Raw
-0.7494567,1.9229704,BRFSS,85716,,Raw
12.39442,9.495074,BRFSS,80260,,Raw
7.894714,1.722458,BRFSS,177351,,Raw
17.881247,0.74014354,BRFSS,182205,,Raw
12.66254,7.500805,BRFSS,400827,,Raw
2.1456738,-9.059733,BRFSS,61044,,Raw
11.693297,9.71449,BRFSS,71838,,Raw
17.70334,0.40626067,BRFSS,422909,,Raw
11.204666,4.850282,BRFSS,217864,,Raw
13.6829405,2.770117,BRFSS,294708,,Raw
-4.6052766,14.439106,BRFSS,137287,,Raw
5.3239374,7.7853556,BRFSS,314387,,Raw
18.116419,0.6674603,BRFSS,122877,,Raw
10.256383,6.835595,BRFSS,127666,,Raw
9.633565,2.7556243,BRFSS,346495,,Raw
17.650267,3.9601488,BRFSS,245841,,Raw
7.3309054,5.6419387,BRFSS,83392,,Raw
4.0731015,-8.891978,BRFSS,290215,,Raw
9.384572,4.502002,BRFSS,224176,,Raw
17.936852,1.0316377,BRFSS,80237,,Raw
16.890781,2.6951702,BRFSS,210593,,Raw
0.96198726,3.5018587,BRFSS,227457,,Raw
0.77652586,3.0790348,BRFSS,344995,,Raw
11.763076,3.1163013,NHANES,9082,Non-Hispanic White,Raw
11.740758,6.177941,BRFSS,180107,,Raw
13.102208,0.7260282,BRFSS,102203,,Raw
3.3513544,6.8313556,BRFSS,19364,,Raw
3.7460172,6.741023,BRFSS,355105,,Raw
16.172127,-1.690078,BRFSS,182735,,Raw
0.14210545,0.97057444,BRFSS,34810,,Raw
12.994717,7.0084395,BRFSS,35610,,Raw
14.937465,4.327782,BRFSS,287486,,Raw
13.135691,9.242533,BRFSS,355153,,Raw
17.862324,2.9510272,BRFSS,238405,,Raw
13.152504,7.175376,BRFSS,32730,,Raw
7.1953235,5.8526726,BRFSS,352431,,Raw
0.6734837,-8.027308,BRFSS,167699,,Raw
14.160714,2.6192229,BRFSS,122709,,Raw
10.271096,9.366219,BRFSS,349986,,Raw
17.022543,-3.9940388,BRFSS,46826,,Raw
8.087877,4.3692703,BRFSS,444657,,Raw
16.715458,0.37465218,BRFSS,413682,,Raw
13.529295,2.6962075,BRFSS,380310,,Raw
0.9938542,-0.4308378,BRFSS,293300,,Raw
17.142874,4.9494967,BRFSS,136373,,Raw
17.44484,-0.50827074,BRFSS,263292,,Raw
15.483091,5.989569,BRFSS,423364,,Raw
3.4649763,-0.3803487,BRFSS,89126,,Raw
15.740953,-2.0490422,BRFSS,41466,,Raw
14.242459,2.6326535,BRFSS,314118,,Raw
6.207193,29.391428,BRFSS,53932,,Raw
12.483569,7.8523126,BRFSS,402002,,Raw
4.816095,0.39303756,BRFSS,333265,,Raw
8.198529,2.2200692,BRFSS,329251,,Raw
1.1551366,-1.3654289,BRFSS,328373,,Raw
16.411436,1.0486382,BRFSS,197840,,Raw
5.959295,7.067562,BRFSS,16288,,Raw
2.9014778,1.6644629,BRFSS,388363,,Raw
2.508485,0.99717903,BRFSS,81077,,Raw
4.0593066,2.3214056,BRFSS,206710,,Raw
5.0612803,-0.17045142,BRFSS,354032,,Raw
2.0267105,-9.041223,BRFSS,387183,,Raw
1.8395208,2.8429408,BRFSS,395289,,Raw
16.898058,2.4375427,BRFSS,232025,,Raw
8.978557,3.9149158,BRFSS,17197,,Raw
1.6587768,6.953978,BRFSS,172384,,Raw
7.652731,5.751703,BRFSS,407001,,Raw
4.708005,0.64999795,BRFSS,166101,,Raw
13.538235,0.5283958,BRFSS,140493,,Raw
0.27684692,1.2948792,NHANES,3424,Non-Hispanic White,Raw
3.463104,26.16467,BRFSS,393162,,Raw
14.348915,6.41313,BRFSS,319655,,Raw
2.947382,28.26397,BRFSS,41649,,Raw
-4.607893,14.436609,BRFSS,231743,,Raw
16.950531,3.1213174,BRFSS,16982,,Raw
0.4723926,-7.7376966,BRFSS,134417,,Raw
16.034883,-1.2272174,BRFSS,60174,,Raw
1.7748623,3.624806,BRFSS,231644,,Raw
7.607681,1.4967897,BRFSS,92242,,Raw
16.649565,2.5010679,BRFSS,324846,,Raw
14.559549,2.1838622,BRFSS,324501,,Raw
15.288889,0.46757412,BRFSS,254099,,Raw
2.5143158,0.9879409,BRFSS,180875,,Raw
-4.5608673,14.482944,BRFSS,294348,,Raw
13.695285,2.0741618,BRFSS,249445,,Raw
2.2872434,4.278827,BRFSS,309202,,Raw
6.4844913,2.7165196,BRFSS,29373,,Raw
7.4991603,1.4035298,BRFSS,81560,,Raw
3.2633631,26.897554,BRFSS,207893,,Raw
2.9821894,5.487348,BRFSS,128388,,Raw
16.903286,-2.5787778,BRFSS,46935,,Raw
1.5431284,-1.891732,BRFSS,261723,,Raw
11.952543,4.9985895,BRFSS,449842,,Raw
7.7816825,1.3421323,BRFSS,245912,,Raw
5.875788,3.6613617,BRFSS,195694,,Raw
18.090158,0.51656145,BRFSS,58504,,Raw
4.5455713,1.4453466,BRFSS,104523,,Raw
9.988829,3.5872564,BRFSS,152118,,Raw
11.576837,9.985542,BRFSS,18605,,Raw
9.701818,6.7784033,BRFSS,90623,,Raw
15.445279,1.3595648,BRFSS,94406,,Raw
14.751408,2.6811416,BRFSS,256728,,Raw
3.0230792,27.790428,BRFSS,423234,,Raw
-4.385696,14.654935,BRFSS,189396,,Raw
17.23297,1.7617162,BRFSS,145085,,Raw
9.656037,8.833551,BRFSS,64389,,Raw
1.1517726,5.9448447,BRFSS,98353,,Raw
0.92451376,5.724854,BRFSS,229213,,Raw
1.5913018,-1.7050495,BRFSS,74029,,Raw
-7.824993,21.444794,BRFSS,319592,,Raw
2.4958549,0.99949723,BRFSS,263579,,Raw
12.327641,5.00017,BRFSS,110806,,Raw
16.301071,-4.4118905,BRFSS,88161,,Raw
9.966645,6.2812753,BRFSS,231111,,Raw
9.5738,8.670256,BRFSS,215754,,Raw
0.95077395,3.5114672,BRFSS,173039,,Raw
5.6545725,4.2759576,BRFSS,297986,,Raw
8.548054,6.3168864,BRFSS,140543,,Raw
7.1679573,1.5748825,BRFSS,11420,,Raw
6.6442475,3.2195187,BRFSS,32314,,Raw
4.9878197,3.5443802,BRFSS,350835,,Raw
1.5562245,7.47033,BRFSS,10347,,Raw
12.63936,9.6122,BRFSS,221791,,Raw
7.373114,4.2307663,BRFSS,205838,,Raw
5.0479608,-0.23073782,BRFSS,364648,,Raw
0.08897032,2.9277306,BRFSS,172327,,Raw
13.463766,7.5902004,BRFSS,302240,,Raw
16.493069,-0.0061475267,BRFSS,59497,,Raw
16.84083,1.0117713,BRFSS,54450,,Raw
11.96812,9.628681,BRFSS,128949,,Raw
16.325315,5.6744657,BRFSS,190893,,Raw
8.396404,2.3436053,BRFSS,159198,,Raw
3.6031818,4.91854,BRFSS,138221,,Raw
7.1086154,4.139581,BRFSS,222766,,Raw
16.26565,-4.029763,BRFSS,218175,,Raw
5.176209,2.4990156,BRFSS,235146,,Raw
0.4727594,-7.7362947,BRFSS,91333,,Raw
0.81208134,-0.35036662,BRFSS,14504,,Raw
14.3302555,-2.5390766,BRFSS,443845,,Raw
15.731895,1.3920354,BRFSS,349287,,Raw
3.4935133,7.9377184,BRFSS,317243,,Raw
2.774929,7.528616,BRFSS,202460,,Raw
13.6408415,0.61646307,BRFSS,432310,,Raw
2.1259413,7.386772,BRFSS,14389,,Raw
15.157733,4.176468,BRFSS,101540,,Raw
2.8546214,0.27706203,BRFSS,185226,,Raw
1.934263,2.456459,BRFSS,63678,,Raw
1.9589239,-2.112886,BRFSS,134747,,Raw
1.6263963,-1.718879,BRFSS,433677,,Raw
17.4969,3.5263782,BRFSS,142254,,Raw
18.048119,0.7656077,BRFSS,41627,,Raw
15.843876,5.7474084,BRFSS,68072,,Raw
0.3444103,1.2585053,BRFSS,206723,,Raw
17.019833,2.4429991,BRFSS,25851,,Raw
1.9715295,-2.1056907,BRFSS,348521,,Raw
7.8471346,1.4065313,BRFSS,171709,,Raw
8.809167,5.770117,BRFSS,192097,,Raw
14.770615,-1.2337793,BRFSS,329915,,Raw
10.46869,3.3759456,BRFSS,78883,,Raw
4.79649,0.56090444,BRFSS,297604,,Raw
2.9397156,28.2357,BRFSS,251512,,Raw
11.927841,8.711216,BRFSS,98491,,Raw
18.087261,0.6583392,BRFSS,238928,,Raw
1.2936283,6.0904365,BRFSS,297436,,Raw
-4.549146,14.49459,BRFSS,44436,,Raw
6.0005116,29.394033,BRFSS,321950,,Raw
-4.6197195,14.424783,BRFSS,427262,,Raw
9.258012,3.5151916,BRFSS,398341,,Raw
3.3927352,5.0999866,BRFSS,116131,,Raw
-0.03064758,1.6360239,BRFSS,428388,,Raw
16.93186,3.118588,BRFSS,407898,,Raw
1.6773968,7.5564046,BRFSS,259284,,Raw
17.782892,0.7209096,BRFSS,93961,,Raw
6.9716063,29.213308,BRFSS,207208,,Raw
3.3035603,4.3332787,BRFSS,114874,,Raw
3.0232565,27.797493,BRFSS,72334,,Raw
1.5119181,4.6137185,BRFSS,154011,,Raw
3.6252701,5.6989803,BRFSS,201319,,Raw
17.710117,-0.843679,BRFSS,406810,,Raw
14.406432,-2.3819547,BRFSS,435335,,Raw
2.5831409,-1.8277375,BRFSS,410462,,Raw
5.1566863,7.8737035,BRFSS,75170,,Raw
-4.433352,14.607737,BRFSS,71682,,Raw
2.4531827,-1.8735034,BRFSS,271694,,Raw
3.9796782,6.5351233,BRFSS,351466,,Raw
4.2990737,-0.62677985,BRFSS,426539,,Raw
15.520682,-2.8984683,BRFSS,236350,,Raw
7.9682837,1.421837,BRFSS,174027,,Raw
3.6901214,4.0309277,BRFSS,222267,,Raw
11.712165,8.500679,BRFSS,332712,,Raw
17.698828,-3.5284848,BRFSS,107169,,Raw
9.358287,4.39554,BRFSS,330305,,Raw
-11.379801,-1.5847949,NHANES,8630,Non-Hispanic Black,Raw
-3.9149776,15.111854,BRFSS,224073,,Raw
14.958321,-1.5839962,BRFSS,171286,,Raw
17.89868,0.73955923,BRFSS,212163,,Raw
1.0073601,4.5163956,BRFSS,104664,,Raw
15.606868,1.2623171,BRFSS,237673,,Raw
9.916163,3.0137067,BRFSS,15989,,Raw
12.151625,4.8489704,BRFSS,35358,,Raw
15.008029,-1.1144351,BRFSS,145114,,Raw
17.383879,-2.867278,BRFSS,70236,,Raw
1.0533712,4.4577155,BRFSS,33126,,Raw
14.395307,6.3044176,BRFSS,109459,,Raw
1.2515967,6.070277,BRFSS,52474,,Raw
4.205236,-8.791619,BRFSS,446560,,Raw
15.819203,5.726487,BRFSS,77116,,Raw
12.3089,0.42529017,BRFSS,148123,,Raw
1.8723881,-8.988496,BRFSS,386060,,Raw
11.129155,5.018492,BRFSS,85058,,Raw
-11.388662,-1.5759177,NHANES,5451,Non-Hispanic Black,Raw
8.818755,6.1425743,BRFSS,36326,,Raw
17.870611,3.098145,BRFSS,108333,,Raw
8.948536,2.463912,BRFSS,376233,,Raw
10.949911,1.3381621,BRFSS,294873,,Raw
9.593167,8.702886,BRFSS,252869,,Raw
-3.8261635,15.200447,BRFSS,73393,,Raw
17.998428,-2.075675,BRFSS,18217,,Raw
2.3013682,6.9438524,BRFSS,165454,,Raw
17.758455,-2.2345314,BRFSS,89587,,Raw
11.752229,3.114954,BRFSS,450166,,Raw
1.6151652,-8.854751,BRFSS,32877,,Raw
17.690437,-3.565846,BRFSS,138193,,Raw
11.416124,1.1842244,BRFSS,249774,,Raw
4.8713474,0.95720226,BRFSS,327452,,Raw
8.199231,1.9386196,BRFSS,225244,,Raw
2.9987543,2.7627566,BRFSS,418027,,Raw
18.032082,1.9428836,BRFSS,295416,,Raw
8.181675,1.721897,BRFSS,401573,,Raw
15.824461,-0.12581772,BRFSS,17978,,Raw
5.6130757,29.24715,BRFSS,63137,,Raw
10.6991825,8.76077,BRFSS,63698,,Raw
12.270343,0.6305598,BRFSS,447936,,Raw
16.150085,-1.7108179,BRFSS,43737,,Raw
5.2320895,29.007845,BRFSS,204442,,Raw
0.029633852,1.0838479,BRFSS,421827,,Raw
12.078606,4.755413,BRFSS,241854,,Raw
3.5442483,25.717525,BRFSS,243492,,Raw
10.586815,8.51174,BRFSS,425323,,Raw
17.548994,1.5521141,BRFSS,265482,,Raw
-0.033168122,3.3856385,BRFSS,313655,,Raw
11.757486,9.540692,BRFSS,352936,,Raw
0.18934074,-7.0661335,BRFSS,450196,,Raw
12.680382,9.846074,BRFSS,25488,,Raw
15.2535305,0.46689057,BRFSS,213528,,Raw
9.116758,6.6565704,BRFSS,416256,,Raw
0.80689913,2.628959,BRFSS,348425,,Raw
17.943476,1.0318973,BRFSS,189661,,Raw
4.5922947,1.3379003,BRFSS,174384,,Raw
12.470658,6.6087317,BRFSS,275978,,Raw
17.176977,2.0542927,BRFSS,56216,,Raw
15.128877,3.9591804,BRFSS,10317,,Raw
11.438054,3.2427866,BRFSS,271224,,Raw
-0.7516043,2.0509255,BRFSS,126308,,Raw
11.562064,5.5148735,BRFSS,288870,,Raw
17.078917,4.9671683,BRFSS,275015,,Raw
14.688792,-3.8174098,BRFSS,58538,,Raw
1.6248764,7.533993,BRFSS,78752,,Raw
16.764723,-1.3698596,BRFSS,390851,,Raw
16.755566,2.4074852,BRFSS,42732,,Raw
5.1715417,28.984528,BRFSS,206318,,Raw
1.6035775,4.5384355,BRFSS,196644,,Raw
17.637463,3.2932568,BRFSS,82611,,Raw
17.608175,-3.6484065,BRFSS,183661,,Raw
9.717756,6.7517924,BRFSS,258632,,Raw
2.9507256,-9.146523,BRFSS,130664,,Raw
12.07048,4.747903,BRFSS,137549,,Raw
16.428143,3.660561,BRFSS,70190,,Raw
14.995187,-2.5820978,BRFSS,15723,,Raw
11.17991,9.116399,BRFSS,309290,,Raw
6.0710654,29.40599,BRFSS,150387,,Raw
1.7815733,6.2359724,BRFSS,302235,,Raw
12.106605,5.146543,BRFSS,121750,,Raw
8.24446,2.484108,BRFSS,413200,,Raw
11.045554,1.2292352,BRFSS,147384,,Raw
15.05547,5.018164,BRFSS,97891,,Raw
0.047315717,0.20049421,BRFSS,82081,,Raw
2.5708563,7.327044,BRFSS,389386,,Raw
14.708564,-3.8476527,BRFSS,341521,,Raw
14.866427,3.127992,BRFSS,313145,,Raw
1.2011105,4.704679,BRFSS,150687,,Raw
16.927254,-4.650085,BRFSS,283722,,Raw
16.920229,-3.3321345,BRFSS,411868,,Raw
12.476755,2.8650181,BRFSS,314876,,Raw
4.824211,-8.26504,BRFSS,31200,,Raw
-0.591264,2.03739,BRFSS,442821,,Raw
-0.021611905,3.386155,BRFSS,42269,,Raw
10.222459,6.306532,BRFSS,38535,,Raw
7.2233295,1.405273,BRFSS,254045,,Raw
0.025215298,-4.24748,BRFSS,206182,,Raw
4.4354234,1.5808436,BRFSS,360964,,Raw
14.401839,5.343413,BRFSS,272756,,Raw
17.1794,5.066654,BRFSS,350734,,Raw
0.75079,3.0939295,BRFSS,104201,,Raw
14.60762,3.672068,BRFSS,380535,,Raw
1.1247511,4.279498,BRFSS,156474,,Raw
6.7509575,29.296297,BRFSS,302576,,Raw
11.02044,1.2914071,BRFSS,221486,,Raw
17.024477,1.4102181,BRFSS,223406,,Raw
12.103654,0.8572204,BRFSS,420068,,Raw
3.40513,7.662696,BRFSS,272475,,Raw
0.9238454,-0.12979484,BRFSS,37380,,Raw
0.0011359436,-4.299366,BRFSS,9576,,Raw
16.41332,-0.32800254,BRFSS,142341,,Raw
5.2650743,29.0396,BRFSS,433036,,Raw
14.335931,-2.5795066,BRFSS,369908,,Raw
1.6820655,-8.895946,BRFSS,11154,,Raw
5.478808,7.317807,BRFSS,58692,,Raw
2.7580993,-9.151718,BRFSS,71531,,Raw
17.015736,3.9317257,BRFSS,416198,,Raw
3.750126,6.7149734,BRFSS,416178,,Raw
1.5433902,6.6436443,BRFSS,163648,,Raw
-0.0021094596,-4.318389,BRFSS,175329,,Raw
3.324752,-1.4655794,BRFSS,173063,,Raw
16.396006,4.10996,BRFSS,121275,,Raw
17.144238,5.1579266,BRFSS,281122,,Raw
16.881863,-4.371019,NHANES,1235,Non-Hispanic Black,Raw
16.583647,-3.9962964,BRFSS,213759,,Raw
6.997483,3.2960637,BRFSS,242012,,Raw
16.606607,-3.69572,BRFSS,422232,,Raw
2.9722705,6.2729564,BRFSS,176999,,Raw
13.627241,0.61871046,BRFSS,93590,,Raw
5.0017605,28.836672,BRFSS,437471,,Raw
4.4404225,-0.49587888,BRFSS,136908,,Raw
6.5831046,29.332205,BRFSS,284267,,Raw
3.3358374,-1.4584682,BRFSS,121112,,Raw
15.805237,1.4764063,BRFSS,277703,,Raw
15.1609335,-0.005568278,BRFSS,430641,,Raw
7.359431,5.5302496,BRFSS,91963,,Raw
15.885075,-0.14998804,NHANES,8357,Other Hispanic,Raw
17.939829,-2.1474917,BRFSS,100023,,Raw
11.421453,9.904383,BRFSS,294921,,Raw
10.223109,6.211006,BRFSS,288417,,Raw
16.28958,3.8272724,BRFSS,233197,,Raw
0.21727574,2.5433521,BRFSS,385045,,Raw
0.61734515,2.7445848,BRFSS,165880,,Raw
6.588254,29.332243,BRFSS,328589,,Raw
5.2066464,5.6745734,BRFSS,434369,,Raw
14.984839,1.4544953,BRFSS,294726,,Raw
14.372642,6.359902,BRFSS,48017,,Raw
3.6649263,7.421258,BRFSS,111722,,Raw
11.776027,3.1435535,BRFSS,428294,,Raw
5.6218357,7.2391515,BRFSS,343247,,Raw
15.595236,-2.9607034,BRFSS,138801,,Raw
6.0743327,4.934334,BRFSS,99283,,Raw
12.1769705,5.1981516,BRFSS,270048,,Raw
7.0056357,29.184069,BRFSS,70854,,Raw
1.2117981,2.773096,BRFSS,419896,,Raw
2.5167074,0.9786787,BRFSS,207189,,Raw
3.26788,4.406277,BRFSS,377233,,Raw
1.6933154,5.0977993,BRFSS,101249,,Raw
-0.49700728,2.14898,BRFSS,37415,,Raw
13.431502,1.2524797,BRFSS,169412,,Raw
16.758413,4.1232405,BRFSS,216327,,Raw
-4.6111283,14.433336,BRFSS,140868,,Raw
1.4143348,3.077719,BRFSS,386577,,Raw
7.1524897,1.2091905,BRFSS,196741,,Raw
1.1781896,4.7938952,BRFSS,239998,,Raw
0.0059164376,-4.2772894,BRFSS,82322,,Raw
16.876045,3.4746416,BRFSS,413605,,Raw
4.392281,4.4588733,BRFSS,445461,,Raw
0.19281617,2.571969,BRFSS,345406,,Raw
17.95757,1.0337127,BRFSS,355316,,Raw
2.3235466,5.955207,BRFSS,48393,,Raw
-11.380074,-1.5845628,NHANES,3459,Non-Hispanic White,Raw
4.947267,3.5405865,BRFSS,424254,,Raw
2.0458555,4.3813367,BRFSS,237534,,Raw
1.2413573,2.796789,BRFSS,344680,,Raw
16.240803,-4.014733,BRFSS,45710,,Raw
1.692586,2.312029,BRFSS,136230,,Raw
17.90118,-0.13151623,BRFSS,251848,,Raw
2.0128746,4.39919,BRFSS,29304,,Raw
1.9528348,4.978972,BRFSS,210367,,Raw
5.094813,28.909494,BRFSS,405753,,Raw
0.9209332,5.764884,BRFSS,416659,,Raw
1.6541919,3.7292197,BRFSS,255726,,Raw
14.197743,2.6403334,BRFSS,382518,,Raw
2.969591,6.9326677,BRFSS,95051,,Raw
0.95600927,-1.1373155,BRFSS,270071,,Raw
14.757609,-2.431502,BRFSS,379201,,Raw
2.9473577,28.241524,BRFSS,257315,,Raw
7.4033065,5.629406,BRFSS,313079,,Raw
0.9753584,-0.45736763,BRFSS,365493,,Raw
9.969953,2.9347358,BRFSS,224939,,Raw
2.118593,7.244224,BRFSS,153548,,Raw
11.20839,8.0535,BRFSS,252064,,Raw
1.5008354,7.344755,BRFSS,272513,,Raw
16.148872,-5.0059276,BRFSS,300079,,Raw
14.964845,-0.26363942,BRFSS,178032,,Raw
6.5719876,5.623101,BRFSS,202899,,Raw
11.853605,6.4306774,BRFSS,378644,,Raw
14.321203,-2.2490268,BRFSS,184725,,Raw
15.24303,-4.1467023,BRFSS,76224,,Raw
1.9570572,-2.1196752,BRFSS,125938,,Raw
12.13988,4.7273993,BRFSS,345127,,Raw
0.09537859,-6.8356457,BRFSS,355402,,Raw
13.150089,8.643878,BRFSS,204067,,Raw
16.048965,4.2090163,BRFSS,284589,,Raw
16.132162,-4.9144506,BRFSS,55018,,Raw
14.671865,1.3459461,BRFSS,29637,,Raw
6.7712197,29.294024,BRFSS,18479,,Raw
17.348383,1.7446488,BRFSS,405137,,Raw
5.333754,29.09358,BRFSS,25294,,Raw
16.7892,3.8874128,BRFSS,380652,,Raw
1.2317789,5.9890122,BRFSS,267508,,Raw
0.23405902,-7.164791,BRFSS,132799,,Raw
7.0449862,29.155655,BRFSS,218606,,Raw
16.708658,4.0839057,BRFSS,389548,,Raw
17.405033,-2.8860738,BRFSS,411125,,Raw
2.5967367,-9.1227865,BRFSS,34812,,Raw
7.480359,2.0746942,BRFSS,125163,,Raw
7.240233,1.3427495,BRFSS,130853,,Raw
4.691546,0.84219855,BRFSS,169750,,Raw
16.82266,2.4161713,BRFSS,403770,,Raw
12.707515,1.3526398,BRFSS,318332,,Raw
0.05325438,0.55793494,BRFSS,284753,,Raw
7.8527784,4.40566,BRFSS,309125,,Raw
3.3956134,4.283781,BRFSS,417104,,Raw
10.825,4.7298856,BRFSS,351547,,Raw
2.5851994,-9.120638,BRFSS,219304,,Raw
0.9872157,-8.397789,BRFSS,392823,,Raw
0.9240502,5.7604613,BRFSS,167297,,Raw
17.617115,-0.36996892,BRFSS,295371,,Raw
0.0925149,-4.0411053,BRFSS,349554,,Raw
14.744742,3.1516156,BRFSS,260441,,Raw
2.4687479,0.7671668,BRFSS,304629,,Raw
13.706171,2.0739918,BRFSS,115763,,Raw
1.6957445,-1.802652,BRFSS,237084,,Raw
3.6443412,-0.47660393,BRFSS,130685,,Raw
6.7773337,5.445118,BRFSS,159501,,Raw
3.0269268,27.79031,BRFSS,181519,,Raw
15.801745,-3.0690129,BRFSS,19887,,Raw
12.78139,1.5051236,BRFSS,278517,,Raw
15.152237,0.29696453,BRFSS,137761,,Raw
7.5393734,3.968905,BRFSS,346872,,Raw
2.890723,7.7641897,BRFSS,219961,,Raw
3.4744306,5.8097315,BRFSS,87984,,Raw
-11.397526,-1.5670742,NHANES,4604,Non-Hispanic White,Raw
5.0082235,1.4443324,BRFSS,385225,,Raw
3.0094998,0.07021434,BRFSS,253144,,Raw
14.21367,2.0552945,BRFSS,274675,,Raw
14.76502,-2.4430232,BRFSS,363965,,Raw
7.608245,2.0015595,BRFSS,288021,,Raw
6.747855,29.307825,BRFSS,77133,,Raw
11.9457,2.776011,BRFSS,292683,,Raw
0.32277215,-3.348714,BRFSS,239225,,Raw
0.33836576,-3.340061,BRFSS,395750,,Raw
0.14526276,3.1843486,BRFSS,27401,,Raw
6.424077,29.344025,BRFSS,116420,,Raw
14.515523,2.7529047,BRFSS,129923,,Raw
11.494497,2.2525196,BRFSS,447217,,Raw
5.610999,3.962975,BRFSS,310398,,Raw
9.918478,2.9410517,BRFSS,317503,,Raw
0.049486298,3.3572202,BRFSS,414253,,Raw
15.172728,-3.898519,BRFSS,216389,,Raw
4.2102513,-0.5446956,BRFSS,315083,,Raw
18.012953,2.449985,BRFSS,165181,,Raw
15.044292,-3.940128,BRFSS,212823,,Raw
16.021688,-1.9375567,NHANES,8741,Mexican American,Raw
13.147877,7.160388,BRFSS,237455,,Raw
14.958678,-0.26496792,BRFSS,237184,,Raw
7.2515993,5.7090964,BRFSS,31390,,Raw
15.259171,4.0303097,BRFSS,179601,,Raw
13.169049,8.626748,BRFSS,44068,,Raw
9.83182,7.9807663,BRFSS,355989,,Raw
6.121059,4.9137626,BRFSS,334365,,Raw
4.8967643,28.748394,BRFSS,441521,,Raw
12.672589,2.8991256,BRFSS,120401,,Raw
-7.845528,21.42557,BRFSS,303035,,Raw
4.8061304,0.76780003,BRFSS,164520,,Raw
13.867219,7.2528987,BRFSS,363053,,Raw
16.230108,-4.941639,BRFSS,55533,,Raw
5.208897,5.6781673,BRFSS,270990,,Raw
12.718373,9.829132,BRFSS,92848,,Raw
4.9867525,-0.053917248,BRFSS,398957,,Raw
0.17909953,2.8564208,BRFSS,158621,,Raw
1.8178977,2.4761903,BRFSS,96851,,Raw
7.011539,3.24143,BRFSS,261309,,Raw
7.1831093,4.7327323,BRFSS,329966,,Raw
16.872684,3.0892155,BRFSS,428751,,Raw
-7.8453703,21.425682,BRFSS,403948,,Raw
11.551447,2.35265,BRFSS,84765,,Raw
8.292134,3.2637546,BRFSS,60791,,Raw
17.655624,-1.1197565,BRFSS,301888,,Raw
16.389069,-3.8695798,BRFSS,342566,,Raw
14.956068,0.46535665,BRFSS,164792,,Raw
0.7000355,3.0841315,BRFSS,422245,,Raw
2.0789912,-9.054252,BRFSS,78228,,Raw
16.930328,-3.3248663,BRFSS,386922,,Raw
3.0579972,27.680609,BRFSS,275034,,Raw
0.53041315,-0.45992845,BRFSS,310654,,Raw
16.571924,-1.1260153,BRFSS,118957,,Raw
-0.02687619,2.7602131,BRFSS,333684,,Raw
9.201999,6.7637067,BRFSS,381296,,Raw
3.159063,7.8554254,BRFSS,407386,,Raw
5.601238,29.237148,BRFSS,46537,,Raw
13.693266,0.76109356,BRFSS,367317,,Raw
3.0804605,3.8125668,BRFSS,238398,,Raw
15.999715,-3.0876367,BRFSS,337316,,Raw
4.8565392,6.0146384,BRFSS,218697,,Raw
-0.4102765,2.1444414,BRFSS,34906,,Raw
5.1226344,-0.20670383,BRFSS,357965,,Raw
12.701326,9.7653055,BRFSS,293518,,Raw
1.3478094,1.0468093,BRFSS,127646,,Raw
15.783394,-0.29487392,BRFSS,231890,,Raw
7.1005325,4.175482,BRFSS,309246,,Raw
3.0725007,-9.134626,BRFSS,234832,,Raw
7.1675406,5.913161,BRFSS,207917,,Raw
3.3590894,5.1154838,BRFSS,190985,,Raw
2.30274,4.2704577,BRFSS,96772,,Raw
5.896803,7.0976596,BRFSS,244245,,Raw
6.2022433,29.395658,BRFSS,260474,,Raw
18.016068,-2.2375128,BRFSS,59077,,Raw
14.283265,1.1320946,BRFSS,197487,,Raw
11.339237,1.132385,BRFSS,224923,,Raw
16.465487,-3.8845773,BRFSS,393876,,Raw
13.566881,8.022221,BRFSS,30763,,Raw
7.1835027,4.0386624,BRFSS,418102,,Raw
-0.45558384,1.7427968,BRFSS,354596,,Raw
10.208407,6.493965,BRFSS,409199,,Raw
6.1989694,29.398634,BRFSS,230663,,Raw
0.2039669,-3.6902556,BRFSS,419758,,Raw
3.1519854,27.355572,BRFSS,277494,,Raw
11.882232,8.639491,BRFSS,266265,,Raw
12.087935,7.1503386,BRFSS,432925,,Raw
16.667192,5.2352076,BRFSS,348680,,Raw
1.6824437,-8.900092,BRFSS,291620,,Raw
3.4579372,-0.37733898,BRFSS,67104,,Raw
17.8696,0.74219114,BRFSS,57017,,Raw
4.284662,7.362996,BRFSS,327279,,Raw
-3.870994,15.155436,BRFSS,446951,,Raw
3.129016,-9.139998,BRFSS,105038,,Raw
8.591558,6.3747535,BRFSS,329291,,Raw
10.594125,5.176064,BRFSS,198813,,Raw
14.445306,-1.1339546,BRFSS,283611,,Raw
1.9302326,6.931484,BRFSS,359100,,Raw
13.500596,1.3741926,BRFSS,55623,,Raw
3.0995193,3.7808418,BRFSS,378098,,Raw
4.684796,1.5524502,BRFSS,434937,,Raw
14.8410015,0.71677846,BRFSS,49245,,Raw
-3.7820199,15.244609,BRFSS,298823,,Raw
14.51296,-2.3629127,BRFSS,353114,,Raw
5.598656,3.1056278,BRFSS,206344,,Raw
0.5845728,1.053021,BRFSS,367562,,Raw
8.102261,4.3578753,BRFSS,146267,,Raw
16.226461,-4.9478865,BRFSS,99096,,Raw
2.9417632,28.244696,BRFSS,145439,,Raw
1.2968374,0.8776596,BRFSS,416263,,Raw
8.825481,6.17221,BRFSS,133765,,Raw
15.031464,-0.28791645,BRFSS,247015,,Raw
6.615019,2.7899036,BRFSS,348409,,Raw
1.7681994,-8.93863,BRFSS,440385,,Raw
16.201933,-3.84074,BRFSS,65166,,Raw
5.5951834,29.232924,BRFSS,313984,,Raw
1.6713942,6.209011,BRFSS,26756,,Raw
3.6263916,25.427298,BRFSS,289691,,Raw
17.05623,0.7994235,BRFSS,82053,,Raw
8.527294,5.996288,BRFSS,429656,,Raw
8.2964325,3.1601515,NHANES,5161,Mexican American,Raw
3.4211495,-1.3715035,BRFSS,268841,,Raw
6.867691,3.0608065,BRFSS,256262,,Raw
1.2478809,-1.4638463,BRFSS,351670,,Raw
7.826429,4.133496,BRFSS,181131,,Raw
7.089823,4.1893325,BRFSS,445985,,Raw
17.855408,2.9459095,BRFSS,171594,,Raw
11.92792,5.4483943,BRFSS,156505,,Raw
18.005108,-2.1706474,BRFSS,59835,,Raw
4.358071,2.2506402,BRFSS,219584,,Raw
15.804453,-3.081311,BRFSS,145612,,Raw
13.85277,7.607136,BRFSS,175016,,Raw
9.291403,3.4633894,BRFSS,102537,,Raw
3.0180805,5.462957,BRFSS,232475,,Raw
5.2839136,4.7231894,BRFSS,90512,,Raw
17.88702,-2.1513572,BRFSS,331662,,Raw
15.301826,-4.243932,BRFSS,240848,,Raw
0.89744014,-0.39107782,BRFSS,418338,,Raw
15.517513,-2.0855448,BRFSS,445999,,Raw
4.8942337,7.591189,BRFSS,214490,,Raw
6.7573195,2.49936,BRFSS,166447,,Raw
1.7020041,0.27963117,BRFSS,445977,,Raw
0.08716128,-6.8182163,BRFSS,143444,,Raw
5.079068,7.8796906,BRFSS,297625,,Raw
9.563474,3.5486047,BRFSS,421162,,Raw
4.946203,28.788692,BRFSS,107302,,Raw
5.566542,7.27858,BRFSS,278492,,Raw
17.17852,3.2655246,BRFSS,96117,,Raw
15.06028,5.0252786,BRFSS,391974,,Raw
10.353244,5.1387463,BRFSS,385237,,Raw
17.288527,1.5401366,BRFSS,115801,,Raw
17.682503,3.263401,BRFSS,196000,,Raw
13.487043,1.3768327,BRFSS,27041,,Raw
1.6408715,0.6560414,BRFSS,154937,,Raw
2.9317272,1.6486064,BRFSS,261938,,Raw
16.890255,-4.721382,BRFSS,68624,,Raw
5.042449,5.8537283,BRFSS,323410,,Raw
-11.382712,-1.5819049,NHANES,7141,Non-Hispanic Asian,Raw
1.1086903,-0.077759415,BRFSS,427268,,Raw
4.5366364,1.4415883,BRFSS,147018,,Raw
13.617502,2.6819842,BRFSS,80968,,Raw
0.32380253,-7.3842816,BRFSS,304228,,Raw
0.023885313,1.5276989,BRFSS,217890,,Raw
4.609747,7.319035,BRFSS,283925,,Raw
11.076621,4.9029045,BRFSS,341933,,Raw
15.181941,-4.471878,BRFSS,275655,,Raw
1.7409126,3.6333327,BRFSS,311327,,Raw
-0.0010050535,-4.323607,BRFSS,404738,,Raw
10.66628,4.9303956,BRFSS,106706,,Raw
16.422977,3.8474743,BRFSS,205941,,Raw
4.0086107,-8.921742,BRFSS,162386,,Raw
7.24206,1.4963851,BRFSS,130970,,Raw
17.040907,2.8386142,BRFSS,155257,,Raw
3.7365477,4.002504,BRFSS,159053,,Raw
16.324398,4.1013746,BRFSS,259583,,Raw
3.7275434,5.6302156,BRFSS,285719,,Raw
16.99972,4.779592,BRFSS,359853,,Raw
4.885106,5.07855,BRFSS,382349,,Raw
0.12831175,2.619227,BRFSS,67286,,Raw
1.9685452,-2.0923376,BRFSS,47828,,Raw
17.58528,3.9111018,BRFSS,72068,,Raw
8.944189,2.7380908,BRFSS,366680,,Raw
8.363419,3.2093823,BRFSS,160601,,Raw
0.28241467,-3.4539173,BRFSS,218651,,Raw
14.638593,-0.16289985,BRFSS,397967,,Raw
13.715508,0.77759796,BRFSS,154301,,Raw
7.290262,1.3452063,BRFSS,20947,,Raw
13.138193,8.650613,BRFSS,413121,,Raw
13.270742,2.9988577,BRFSS,378323,,Raw
14.675309,-3.753539,BRFSS,444678,,Raw
16.081593,5.689159,BRFSS,399670,,Raw
4.181961,-0.5820884,BRFSS,25376,,Raw
12.163498,5.226367,BRFSS,354650,,Raw
2.924073,1.644327,BRFSS,418246,,Raw
4.022983,4.647245,BRFSS,225422,,Raw
5.6169934,29.244556,BRFSS,231945,,Raw
5.3102765,7.784896,BRFSS,164927,,Raw
5.0058208,-0.2789076,BRFSS,81545,,Raw
13.8265915,2.384392,BRFSS,208362,,Raw
17.943932,-2.1183908,BRFSS,381338,,Raw
1.6345292,2.3187094,BRFSS,386978,,Raw
1.7522581,2.3313034,BRFSS,73640,,Raw
3.308462,3.0544643,BRFSS,436097,,Raw
10.469833,6.0635767,BRFSS,346030,,Raw
17.52327,2.6624253,BRFSS,155260,,Raw
3.6251988,5.6975718,BRFSS,266728,,Raw
15.417093,0.21296209,BRFSS,150621,,Raw
0.6118704,0.66782004,BRFSS,288781,,Raw
8.976117,2.2996252,BRFSS,319476,,Raw
16.20095,3.8649726,BRFSS,427966,,Raw
3.363223,26.532488,BRFSS,378717,,Raw
17.43246,-1.0722908,BRFSS,358442,,Raw
14.566586,5.9091105,BRFSS,80686,,Raw
17.033665,4.3410883,BRFSS,332827,,Raw
10.901416,1.3252128,BRFSS,54786,,Raw
9.7960005,5.021863,BRFSS,312549,,Raw
-0.3792699,2.0982547,BRFSS,241644,,Raw
-3.8836832,15.142822,BRFSS,79798,,Raw
17.1393,4.9870625,BRFSS,178824,,Raw
16.942587,1.0755546,BRFSS,292494,,Raw
5.0547037,5.8287387,BRFSS,52831,,Raw
-0.4147783,1.7213246,BRFSS,108509,,Raw
14.841077,3.148909,BRFSS,390135,,Raw
13.396594,8.27046,BRFSS,105380,,Raw
1.9096172,2.8175392,BRFSS,323296,,Raw
11.718047,1.3499782,BRFSS,410431,,Raw
12.531254,9.901574,BRFSS,341032,,Raw
11.152684,1.2703757,BRFSS,135192,,Raw
3.746246,5.625338,BRFSS,116460,,Raw
11.534523,2.3697195,BRFSS,12146,,Raw
16.95743,-4.2919483,BRFSS,218182,,Raw
15.299705,-3.999714,BRFSS,384237,,Raw
-11.372531,-1.5920826,NHANES,3270,Non-Hispanic White,Raw
1.594176,6.9619775,BRFSS,271095,,Raw
1.9591533,-2.1120028,BRFSS,223009,,Raw
6.9912887,29.192327,BRFSS,33352,,Raw
11.078118,7.5412364,BRFSS,402768,,Raw
13.833293,3.0824122,BRFSS,247277,,Raw
4.1588187,-8.8337555,BRFSS,97215,,Raw
3.1024323,2.1573915,BRFSS,356938,,Raw
13.661781,2.1230147,BRFSS,56988,,Raw
7.6374383,1.2630519,BRFSS,404405,,Raw
3.704733,5.631018,BRFSS,208486,,Raw
10.900628,1.3416013,BRFSS,231348,,Raw
1.4963262,0.7079793,BRFSS,115066,,Raw
3.2616467,-0.16280983,BRFSS,439014,,Raw
18.007942,0.09831172,BRFSS,101512,,Raw
17.940027,-1.9088272,BRFSS,327645,,Raw
4.945991,28.78723,BRFSS,159591,,Raw
3.0244873,27.79819,BRFSS,313475,,Raw
4.0566087,7.3792458,BRFSS,13953,,Raw
0.7900669,-2.4260664,BRFSS,398086,,Raw
1.6689363,-1.855589,BRFSS,334651,,Raw
6.8689,5.1904273,BRFSS,421722,,Raw
0.9573023,3.4792912,BRFSS,440487,,Raw
3.8105683,2.4250793,BRFSS,150040,,Raw
15.199767,0.27830097,BRFSS,372944,,Raw
15.299088,-4.2717304,BRFSS,201081,,Raw
13.696528,2.2226748,BRFSS,222402,,Raw
5.16569,7.873252,BRFSS,292097,,Raw
2.949253,28.195553,BRFSS,289267,,Raw
12.79147,9.75295,BRFSS,25800,,Raw
2.3065395,5.9602394,BRFSS,211110,,Raw
1.524396,7.107394,BRFSS,98366,,Raw
1.0390949,1.7272415,BRFSS,351410,,Raw
7.5734057,3.82147,BRFSS,320103,,Raw
3.1112714,-9.15365,BRFSS,308368,,Raw
2.6702232,0.4282913,BRFSS,234187,,Raw
1.2163544,-8.597916,BRFSS,247752,,Raw
2.7052462,7.332957,BRFSS,144462,,Raw
6.985523,29.199734,BRFSS,163200,,Raw
7.5164833,1.3970392,BRFSS,93766,,Raw
14.670414,2.3404047,BRFSS,232009,,Raw
14.869326,3.152982,BRFSS,94305,,Raw
3.8875937,-0.48243365,BRFSS,277613,,Raw
15.53025,-2.0701563,BRFSS,282207,,Raw
12.190861,5.2347307,BRFSS,54440,,Raw
18.012539,0.79126585,BRFSS,306436,,Raw
17.431612,2.1834536,BRFSS,423376,,Raw
16.89972,-4.717373,BRFSS,306422,,Raw
5.739925,3.8389835,BRFSS,177957,,Raw
14.649394,-3.7174633,BRFSS,40070,,Raw
8.11827,2.0317998,BRFSS,422539,,Raw
12.350878,5.0168495,BRFSS,300393,,Raw
4.8676543,3.646944,BRFSS,20112,,Raw
13.6097145,0.44859913,BRFSS,125252,,Raw
4.4705777,1.5381027,BRFSS,104090,,Raw
12.664437,9.820942,BRFSS,407893,,Raw
3.4463942,-1.2996432,BRFSS,396014,,Raw
4.8505125,5.088834,BRFSS,384252,,Raw
0.08839144,0.07461844,BRFSS,322174,,Raw
-4.4928327,14.549736,BRFSS,252291,,Raw
15.995505,-0.31947413,BRFSS,43217,,Raw
4.480562,1.5439256,BRFSS,77295,,Raw
3.8767695,4.7257795,BRFSS,183899,,Raw
8.505695,5.9409018,BRFSS,414982,,Raw
14.617225,-2.390382,BRFSS,58490,,Raw
16.974392,-4.2298646,BRFSS,262708,,Raw
11.035056,5.329663,BRFSS,170227,,Raw
1.5981791,-1.8548847,BRFSS,308039,,Raw
1.8109115,2.2913933,BRFSS,333894,,Raw
-3.7127023,15.314328,BRFSS,42415,,Raw
14.932931,-2.5106516,BRFSS,293018,,Raw
5.3069315,29.07346,BRFSS,64892,,Raw
13.21046,1.5286855,BRFSS,311615,,Raw
4.215247,2.6707594,BRFSS,378184,,Raw
10.693884,4.853891,BRFSS,244388,,Raw
0.77359235,0.52306145,BRFSS,270476,,Raw
8.820846,3.124373,BRFSS,196415,,Raw
10.837581,4.871702,BRFSS,167935,,Raw
11.778775,3.1289463,BRFSS,239904,,Raw
17.46474,-2.9258912,BRFSS,391514,,Raw
4.1572304,-0.54118043,BRFSS,347276,,Raw
9.229222,3.8580966,BRFSS,395831,,Raw
1.1719455,4.746652,BRFSS,294037,,Raw
13.310577,2.948478,BRFSS,229092,,Raw
9.832125,9.027556,BRFSS,99515,,Raw
17.648495,3.9318686,BRFSS,386718,,Raw
0.9952322,-1.1724361,BRFSS,121289,,Raw
11.712435,7.4452987,BRFSS,183598,,Raw
3.7625718,3.9937193,BRFSS,271878,,Raw
1.2085938,4.2128024,BRFSS,104195,,Raw
15.411164,5.2806406,BRFSS,197713,,Raw
1.8322328,-8.978238,BRFSS,260917,,Raw
17.533644,2.6347096,BRFSS,323896,,Raw
13.868885,7.5299425,BRFSS,201379,,Raw
7.481095,1.4226322,BRFSS,213307,,Raw
0.90859497,-8.320905,BRFSS,185128,,Raw
3.4700768,7.93538,BRFSS,33289,,Raw
15.128189,1.4360737,BRFSS,435600,,Raw
0.49324745,-7.7726746,BRFSS,73608,,Raw
3.6384945,25.394604,BRFSS,188101,,Raw
8.493493,5.907379,BRFSS,267979,,Raw
12.756686,7.707903,BRFSS,46090,,Raw
17.185677,3.8733015,BRFSS,181355,,Raw
12.325028,4.925792,BRFSS,144541,,Raw
4.658001,-8.426096,BRFSS,320615,,Raw
2.1514223,-1.9761627,BRFSS,52972,,Raw
4.7260375,1.2983528,BRFSS,36493,,Raw
4.2990546,-0.6303486,BRFSS,131243,,Raw
6.8773346,29.269918,BRFSS,254546,,Raw
13.687841,2.7141438,BRFSS,149381,,Raw
17.2007,-0.71263397,BRFSS,55094,,Raw
12.435132,9.507836,BRFSS,190600,,Raw
12.710542,1.3175985,BRFSS,98964,,Raw
6.9285903,5.1122174,BRFSS,372354,,Raw
16.162857,5.502391,BRFSS,87901,,Raw
15.8168125,-3.0825157,BRFSS,337046,,Raw
4.819966,-8.269483,BRFSS,172237,,Raw
1.9244226,4.9775124,BRFSS,341108,,Raw
14.463553,-1.177401,BRFSS,80115,,Raw
-7.8454623,21.425629,BRFSS,309899,,Raw
2.6860082,7.5476336,BRFSS,376400,,Raw
4.264087,4.514812,BRFSS,291631,,Raw
3.5186749,25.890438,BRFSS,94243,,Raw
10.668782,3.2858627,BRFSS,392774,,Raw
6.8728867,5.2442646,BRFSS,112151,,Raw
15.857248,-0.29383832,BRFSS,185887,,Raw
12.661863,2.887759,BRFSS,265282,,Raw
3.2543669,4.4296627,BRFSS,437363,,Raw
16.929888,2.433783,BRFSS,106145,,Raw
17.399244,1.7552983,BRFSS,113830,,Raw
17.374058,2.879502,BRFSS,301166,,Raw
11.92762,8.680765,BRFSS,153798,,Raw
4.8450947,-8.243824,BRFSS,175747,,Raw
11.866587,5.9498277,BRFSS,318910,,Raw
9.59581,4.6159005,BRFSS,204591,,Raw
14.998186,3.0228405,BRFSS,125150,,Raw
12.25188,0.5955594,BRFSS,302381,,Raw
1.8317986,5.0049706,BRFSS,77185,,Raw
6.663692,2.7936165,BRFSS,336576,,Raw
17.731806,3.745991,BRFSS,335481,,Raw
7.275852,5.7072887,BRFSS,400569,,Raw
2.9613585,5.5077124,BRFSS,164032,,Raw
10.276183,9.369602,BRFSS,106292,,Raw
2.9254458,28.254826,BRFSS,28673,,Raw
1.7722925,3.6135583,BRFSS,164390,,Raw
-3.7293344,15.297547,BRFSS,197438,,Raw
10.509286,6.15426,BRFSS,328420,,Raw
-3.6793692,15.347743,BRFSS,292496,,Raw
7.142367,5.946988,BRFSS,244304,,Raw
0.86770546,2.9952307,BRFSS,417124,,Raw
17.828056,0.42204872,BRFSS,181599,,Raw
5.7885227,29.319336,BRFSS,359545,,Raw
10.597579,8.52125,BRFSS,282368,,Raw
4.5397224,1.4525517,BRFSS,383515,,Raw
16.229637,-4.9397035,BRFSS,294687,,Raw
5.2522497,1.6423202,BRFSS,115554,,Raw
15.801841,-0.2929426,BRFSS,251300,,Raw
11.779653,7.537871,BRFSS,172030,,Raw
1.4727502,0.027422717,BRFSS,89882,,Raw
10.990763,8.65908,BRFSS,384740,,Raw
13.133772,9.23837,BRFSS,184018,,Raw
5.030024,28.861929,BRFSS,384342,,Raw
17.293385,-3.0918617,BRFSS,295836,,Raw
17.819412,0.41273752,BRFSS,282870,,Raw
1.8752272,6.477254,BRFSS,301911,,Raw
5.256167,29.032087,BRFSS,88489,,Raw
1.579508,7.495971,BRFSS,183071,,Raw
10.683884,4.854716,BRFSS,240735,,Raw
8.230591,1.454684,BRFSS,385457,,Raw
7.4068704,5.969352,BRFSS,10413,,Raw
11.760274,3.1377232,BRFSS,318142,,Raw
4.60908,6.198368,BRFSS,37559,,Raw
15.441961,-2.9439077,BRFSS,237619,,Raw
1.5060774,-1.6684625,BRFSS,414050,,Raw
16.25877,3.8537493,BRFSS,41629,,Raw
8.884417,2.5126529,BRFSS,42395,,Raw
14.344074,-2.343245,BRFSS,417978,,Raw
14.606488,-2.4374065,BRFSS,71458,,Raw
11.779362,5.735139,BRFSS,10910,,Raw
9.846173,6.0621696,BRFSS,296083,,Raw
2.7408607,0.3870652,BRFSS,153328,,Raw
5.5460515,7.284442,BRFSS,433770,,Raw
16.498701,-3.9344375,BRFSS,112687,,Raw
8.804142,2.1159132,BRFSS,427062,,Raw
3.2119944,27.088896,BRFSS,39197,,Raw
0.11133796,0.5632316,BRFSS,266708,,Raw
11.911881,4.919717,BRFSS,401375,,Raw
1.4567783,3.0782764,BRFSS,284102,,Raw
3.614541,25.439617,BRFSS,76356,,Raw
3.0078833,2.1961055,BRFSS,401631,,Raw
3.463175,7.920328,BRFSS,275618,,Raw
-0.4613195,2.116749,BRFSS,343012,,Raw
12.68974,9.670152,BRFSS,50597,,Raw
3.2966785,26.808687,BRFSS,46549,,Raw
12.982696,2.9252055,BRFSS,187300,,Raw
11.852652,6.445311,BRFSS,283332,,Raw
1.5103214,-1.684044,BRFSS,187335,,Raw
-0.73666507,1.857004,BRFSS,302935,,Raw
1.6118481,2.3122878,BRFSS,443345,,Raw
8.0046,3.4930968,BRFSS,217908,,Raw
16.362446,1.0568717,BRFSS,178775,,Raw
10.342625,5.183812,BRFSS,61651,,Raw
9.124072,5.903515,BRFSS,275696,,Raw
1.9346279,3.552054,BRFSS,53478,,Raw
4.936921,1.1952697,BRFSS,158781,,Raw
13.667733,0.5354294,BRFSS,13352,,Raw
1.5647758,-8.81692,BRFSS,91265,,Raw
10.254592,9.378188,BRFSS,131427,,Raw
3.3262224,26.704613,BRFSS,167038,,Raw
15.120005,4.493623,BRFSS,131822,,Raw
17.701971,-3.546939,BRFSS,249196,,Raw
13.549808,0.43826598,BRFSS,282047,,Raw
16.267832,-4.370277,BRFSS,61907,,Raw
4.0766954,-8.882752,BRFSS,225982,,Raw
15.027876,-0.42808977,BRFSS,293981,,Raw
16.657314,-0.31583583,BRFSS,71472,,Raw
17.433004,-2.5727627,BRFSS,224847,,Raw
3.2872927,-1.4965916,BRFSS,195005,,Raw
11.180188,2.7172666,BRFSS,217299,,Raw
-7.861682,21.420757,BRFSS,202894,,Raw
2.8355134,7.740954,BRFSS,145685,,Raw
10.596815,8.541217,BRFSS,96119,,Raw
17.976261,2.2952323,BRFSS,242045,,Raw
1.6375424,0.29770264,BRFSS,383200,,Raw
16.853765,3.487312,BRFSS,269670,,Raw
4.769695,0.7796199,BRFSS,238273,,Raw
3.00958,2.7792313,BRFSS,311101,,Raw
15.396561,-2.9092093,BRFSS,60217,,Raw
0.052209496,2.6337664,BRFSS,193879,,Raw
7.002946,0.7148459,BRFSS,19575,,Raw
2.8935077,1.6621616,BRFSS,176784,,Raw
7.9567475,1.3684438,BRFSS,243028,,Raw
14.559477,3.476894,BRFSS,197262,,Raw
16.051464,4.2173576,BRFSS,433902,,Raw
12.032644,9.917322,BRFSS,113108,,Raw
13.5075655,1.3764132,BRFSS,436851,,Raw
9.033517,3.8232834,BRFSS,251427,,Raw
13.873379,7.6630015,BRFSS,126822,,Raw
3.8944902,4.7133765,BRFSS,14322,,Raw
3.4981534,26.045408,BRFSS,291771,,Raw
14.41523,2.4519987,BRFSS,192564,,Raw
9.962575,6.2538652,BRFSS,241872,,Raw
-11.3797245,-1.5849091,NHANES,6703,Other Hispanic,Raw
6.140116,4.898032,BRFSS,42949,,Raw
8.16361,2.3697898,BRFSS,348246,,Raw
14.950019,-0.3540525,BRFSS,254352,,Raw
9.113492,4.4785028,BRFSS,124898,,Raw
7.19688,5.9215508,BRFSS,25409,,Raw
2.98907,27.969963,BRFSS,330837,,Raw
11.313912,9.831871,BRFSS,115891,,Raw
3.7364655,5.621976,BRFSS,151026,,Raw
12.8882475,9.542099,BRFSS,105383,,Raw
15.224333,4.5626497,BRFSS,392122,,Raw
16.865364,-3.2999349,BRFSS,215544,,Raw
0.85741174,5.6256194,BRFSS,171735,,Raw
12.952551,9.525543,BRFSS,9684,,Raw
1.6404428,0.26018062,BRFSS,256737,,Raw
0.92552125,-8.340083,BRFSS,214152,,Raw
14.7379055,2.4790208,NHANES,1186,Mexican American,Raw
1.33814,1.6432561,BRFSS,322292,,Raw
16.872553,-4.349378,BRFSS,122121,,Raw
0.96740824,-0.102002114,BRFSS,414392,,Raw
4.794585,1.9505576,BRFSS,270360,,Raw
12.083564,6.301022,BRFSS,189958,,Raw
2.1269486,-1.9925134,BRFSS,143949,,Raw
14.921393,4.9952908,BRFSS,120792,,Raw
16.664652,0.04107961,NHANES,5560,Non-Hispanic White,Raw
11.63393,1.2984189,BRFSS,379312,,Raw
-0.0004856008,-4.3071055,BRFSS,37208,,Raw
2.925608,28.268183,BRFSS,64395,,Raw
3.3177722,26.720686,BRFSS,138401,,Raw
1.9639803,4.952944,BRFSS,334342,,Raw
12.002357,7.0801473,BRFSS,43960,,Raw
14.970794,-0.36093742,BRFSS,224027,,Raw
8.574925,6.375038,BRFSS,169703,,Raw
1.6297346,0.63992894,BRFSS,263530,,Raw
4.033475,3.1568148,BRFSS,403800,,Raw
17.540838,3.5433772,BRFSS,48794,,Raw
-7.846025,21.425472,BRFSS,297838,,Raw
12.128488,5.205937,BRFSS,249711,,Raw
12.292683,0.9037365,BRFSS,445838,,Raw
14.942967,-2.5453486,BRFSS,436262,,Raw
11.450993,5.1421895,BRFSS,120424,,Raw
2.6226935,2.7680314,BRFSS,72983,,Raw
4.8117647,-8.280407,BRFSS,33003,,Raw
3.6558108,-9.020675,BRFSS,103884,,Raw
3.896396,4.717771,BRFSS,137869,,Raw
6.0918536,29.409037,BRFSS,194130,,Raw
3.9026737,6.5842113,BRFSS,444402,,Raw
2.9537098,28.172258,BRFSS,156238,,Raw
8.491432,6.1173096,BRFSS,342368,,Raw
-0.07185069,2.289781,BRFSS,65201,,Raw
2.600701,0.9782309,BRFSS,155055,,Raw
-0.0029317562,-4.3215437,BRFSS,104830,,Raw
16.493908,-2.2769475,BRFSS,33944,,Raw
4.6721263,5.2328157,BRFSS,145152,,Raw
13.977765,2.5368164,BRFSS,282061,,Raw
11.769433,6.2677565,BRFSS,339046,,Raw
0.7753509,3.0794451,BRFSS,261078,,Raw
1.9144477,0.510113,BRFSS,176081,,Raw
14.405989,0.2299095,BRFSS,268576,,Raw
18.040493,2.0243692,BRFSS,31785,,Raw
16.951874,-4.31997,BRFSS,44694,,Raw
9.239339,3.5728352,BRFSS,131695,,Raw
4.2712812,-0.6540678,BRFSS,121264,,Raw
12.280126,4.8669906,BRFSS,143426,,Raw
16.928516,2.7492597,BRFSS,50963,,Raw
1.9679524,-2.1086264,BRFSS,298249,,Raw
-7.8484354,21.422644,BRFSS,157727,,Raw
14.907401,2.970542,BRFSS,149981,,Raw
14.401136,6.251131,BRFSS,325443,,Raw
12.252909,0.7099772,BRFSS,142794,,Raw
14.845852,2.9379387,BRFSS,18318,,Raw
6.5478034,3.261574,BRFSS,12302,,Raw
3.0278687,28.279663,BRFSS,79422,,Raw
7.1984057,1.8938254,BRFSS,289997,,Raw
10.309097,5.1967463,BRFSS,244209,,Raw
1.3105965,5.8977156,BRFSS,224313,,Raw
12.025742,6.215409,BRFSS,259683,,Raw
1.7847623,0.30558127,BRFSS,10489,,Raw
0.8351722,-0.35861993,BRFSS,395621,,Raw
3.0430784,0.047664087,BRFSS,245626,,Raw
16.002626,5.8454885,BRFSS,410797,,Raw
-0.13081229,1.7657398,BRFSS,65150,,Raw
15.369019,6.0233903,BRFSS,293767,,Raw
12.722096,0.7051209,BRFSS,443184,,Raw
15.346425,5.220818,BRFSS,42367,,Raw
17.9617,2.7197952,BRFSS,69174,,Raw
1.4221812,6.9488554,BRFSS,272282,,Raw
14.500393,2.1707866,BRFSS,281254,,Raw
2.9679427,6.260067,BRFSS,184829,,Raw
0.8086529,3.051302,BRFSS,36238,,Raw
15.727976,-3.2034714,BRFSS,192678,,Raw
5.7823915,3.766974,BRFSS,414798,,Raw
0.4001804,-7.563848,BRFSS,270356,,Raw
14.14252,2.013722,NHANES,2198,Non-Hispanic Black,Raw
9.572806,8.680079,BRFSS,426712,,Raw
7.91029,1.3645854,BRFSS,150502,,Raw
10.015994,2.884108,BRFSS,223214,,Raw
15.62539,-4.689144,NHANES,4794,Mexican American,Raw
15.686065,5.4744825,BRFSS,232964,,Raw
16.86452,3.0810783,BRFSS,63834,,Raw
4.6828737,5.210891,BRFSS,427748,,Raw
4.933286,3.5970497,BRFSS,374643,,Raw
12.318411,0.3888178,BRFSS,14186,,Raw
17.942232,1.652399,BRFSS,170394,,Raw
7.1853943,0.88051265,BRFSS,77534,,Raw
15.44111,5.998428,BRFSS,296563,,Raw
6.0113206,29.398468,BRFSS,183350,,Raw
6.161377,7.1031437,BRFSS,210595,,Raw
6.7170362,5.4894304,BRFSS,18343,,Raw
14.407129,6.274,BRFSS,337219,,Raw
13.613401,3.143908,BRFSS,171778,,Raw
16.968348,-3.938893,BRFSS,435274,,Raw
17.585873,2.6845517,BRFSS,386809,,Raw
7.8323855,1.734598,BRFSS,83751,,Raw
0.5752332,1.0346051,BRFSS,323354,,Raw
-0.75517774,1.8116316,BRFSS,113290,,Raw
16.836773,3.4797118,BRFSS,442180,,Raw
4.823206,6.0568542,BRFSS,251749,,Raw
16.961637,-4.260327,BRFSS,28790,,Raw
16.798414,2.5740042,BRFSS,394488,,Raw
4.1729646,2.2849667,BRFSS,444918,,Raw
17.79382,0.4272539,BRFSS,337701,,Raw
15.114135,-0.31297433,BRFSS,239521,,Raw
16.988197,-4.3220096,BRFSS,123037,,Raw
10.076651,7.8534455,BRFSS,342367,,Raw
9.754377,6.865922,BRFSS,441762,,Raw
2.7277148,0.5442112,BRFSS,67115,,Raw
16.97507,-2.9605918,BRFSS,98695,,Raw
13.521738,1.9871726,BRFSS,301004,,Raw
-0.38566038,1.6970879,BRFSS,116059,,Raw
1.5255356,0.7135059,BRFSS,412949,,Raw
8.945486,2.5193946,BRFSS,312677,,Raw
17.208519,-0.529017,BRFSS,416062,,Raw
14.335967,-2.179445,BRFSS,209035,,Raw
1.9561644,7.1779804,BRFSS,228211,,Raw
13.155351,7.1753473,BRFSS,271060,,Raw
6.093397,29.413393,BRFSS,66216,,Raw
4.3863883,-0.5830746,BRFSS,12689,,Raw
3.5472815,-9.045718,BRFSS,144651,,Raw
14.281843,1.1270105,BRFSS,186107,,Raw
11.142916,4.5796494,BRFSS,356483,,Raw
13.533183,1.8517537,BRFSS,422448,,Raw
15.562581,-3.0864758,BRFSS,421707,,Raw
-0.15432608,2.3101337,BRFSS,314945,,Raw
12.390023,1.0571958,BRFSS,238689,,Raw
8.813128,2.4356804,BRFSS,363004,,Raw
8.126975,3.9077997,BRFSS,100100,,Raw
11.801993,5.731515,BRFSS,222447,,Raw
0.92911154,-8.3458,BRFSS,36265,,Raw
17.375708,3.6183705,BRFSS,410655,,Raw
4.2324123,-8.775446,BRFSS,245051,,Raw
10.292717,9.405964,BRFSS,63458,,Raw
13.968345,2.5323296,BRFSS,11845,,Raw
15.324076,-4.54684,BRFSS,110600,,Raw
4.585501,7.3313727,BRFSS,127067,,Raw
3.0298812,2.1997597,BRFSS,63341,,Raw
13.744619,0.0889394,BRFSS,408038,,Raw
9.960198,3.573449,BRFSS,356762,,Raw
14.540317,0.20144919,BRFSS,406622,,Raw
2.9107893,-9.158607,BRFSS,432337,,Raw
16.131357,-4.9659677,BRFSS,384073,,Raw
4.4522743,-0.54577655,BRFSS,78062,,Raw
16.749514,0.023092274,BRFSS,72916,,Raw
15.755444,4.5535583,BRFSS,381536,,Raw
3.6397407,4.0503287,BRFSS,30220,,Raw
0.81567717,-2.4654222,BRFSS,238056,,Raw
0.8526169,-8.261607,BRFSS,11260,,Raw
18.028728,-2.026183,BRFSS,382825,,Raw
4.9462323,1.2006832,BRFSS,370298,,Raw
1.7533717,5.0042453,BRFSS,108643,,Raw
13.650502,0.52494544,BRFSS,382214,,Raw
16.700733,0.38198936,BRFSS,298707,,Raw
14.592537,3.4971266,BRFSS,39824,,Raw
11.160286,7.8136272,BRFSS,257064,,Raw
4.3773227,-0.5161055,BRFSS,447209,,Raw
12.484478,7.8574524,BRFSS,171820,,Raw
11.064387,4.828182,BRFSS,379879,,Raw
7.1464696,1.7900716,BRFSS,323629,,Raw
6.7584147,29.295525,BRFSS,311379,,Raw
3.9422631,6.561564,BRFSS,263261,,Raw
1.5067016,5.278755,BRFSS,441063,,Raw
11.719778,1.3731638,BRFSS,354001,,Raw
10.682096,8.710865,BRFSS,338426,,Raw
3.9638674,7.3666973,BRFSS,46799,,Raw
9.897951,2.9047952,BRFSS,10335,,Raw
-4.5984344,14.446085,BRFSS,198965,,Raw
5.2746687,-0.10690168,BRFSS,171776,,Raw
7.0516434,29.145353,BRFSS,348937,,Raw
18.120651,0.61512375,BRFSS,187668,,Raw
14.282163,-0.9831799,BRFSS,352271,,Raw
11.865103,1.037927,BRFSS,325983,,Raw
17.143547,-3.5311959,BRFSS,100676,,Raw
16.15525,-1.6931952,BRFSS,326126,,Raw
0.59651345,-7.9215918,BRFSS,78992,,Raw
15.258934,1.3049382,BRFSS,430585,,Raw
15.35282,6.0202107,BRFSS,338027,,Raw
2.1350818,0.092411414,NHANES,6839,Non-Hispanic White,Raw
5.1852646,7.4592047,BRFSS,169569,,Raw
0.50315624,1.4570875,BRFSS,176477,,Raw
16.846832,-2.291472,BRFSS,103125,,Raw
15.882572,4.218234,BRFSS,169135,,Raw
16.173756,-4.875756,BRFSS,52330,,Raw
16.427261,-4.1398,BRFSS,344509,,Raw
16.545115,-2.123872,BRFSS,275073,,Raw
4.834387,5.0974183,BRFSS,52941,,Raw
12.308637,9.960732,BRFSS,271139,,Raw
9.915125,6.1827474,BRFSS,107458,,Raw
10.421898,9.433944,BRFSS,227434,,Raw
17.75011,2.6868417,BRFSS,66944,,Raw
1.8500807,2.5032384,BRFSS,130405,,Raw
17.632065,-2.4997516,BRFSS,117099,,Raw
15.426072,-2.934116,BRFSS,389897,,Raw
14.759667,2.8732684,BRFSS,65324,,Raw
4.6189566,6.200236,BRFSS,413015,,Raw
17.619884,2.969847,BRFSS,106871,,Raw
11.752163,7.5240903,BRFSS,322631,,Raw
6.9057264,3.4450312,BRFSS,315287,,Raw
14.4719925,-2.2944415,BRFSS,138678,,Raw
12.632083,9.890189,BRFSS,56418,,Raw
16.733562,0.72984934,BRFSS,70321,,Raw
15.465611,5.5680194,BRFSS,248831,,Raw
1.1845359,2.3417504,BRFSS,118366,,Raw
6.8804746,5.227885,BRFSS,194449,,Raw
12.127109,4.806345,BRFSS,391839,,Raw
6.998826,29.188858,BRFSS,440588,,Raw
14.6630945,5.3871174,BRFSS,378727,,Raw
12.190962,0.664099,BRFSS,249174,,Raw
15.980052,-1.9310617,BRFSS,368559,,Raw
3.314236,4.361571,BRFSS,172054,,Raw
14.530283,-1.1477846,BRFSS,321030,,Raw
14.993037,4.0805645,BRFSS,76704,,Raw
0.37833524,-3.287289,BRFSS,232330,,Raw
11.2604475,5.2334476,BRFSS,303379,,Raw
2.5526125,0.013648449,BRFSS,195632,,Raw
12.988321,6.971768,BRFSS,252126,,Raw
-11.413155,-1.5514371,NHANES,2722,Non-Hispanic White,Raw
4.815708,-8.276879,BRFSS,72716,,Raw
0.78609616,-2.425314,BRFSS,66308,,Raw
17.99507,1.7475953,BRFSS,178202,,Raw
15.166761,-4.4473124,BRFSS,16629,,Raw
3.6872633,4.043992,BRFSS,437716,,Raw
10.357976,7.4888024,BRFSS,59413,,Raw
10.127036,8.395893,BRFSS,258357,,Raw
14.772792,0.045308903,BRFSS,101282,,Raw
11.884582,2.6013653,BRFSS,412059,,Raw
-0.7613046,1.7988031,BRFSS,415104,,Raw
3.4799554,4.9975905,BRFSS,97127,,Raw
7.0278683,29.194452,BRFSS,178084,,Raw
1.239889,1.148759,BRFSS,26354,,Raw
0.33107418,-3.3368754,BRFSS,366557,,Raw
2.0529702,-9.048289,BRFSS,37567,,Raw
4.649248,1.2306699,BRFSS,291748,,Raw
14.404563,6.2798204,BRFSS,363001,,Raw
-0.45391834,1.7345177,BRFSS,238090,,Raw
6.80898,2.4355516,BRFSS,375695,,Raw
7.21319,2.010081,BRFSS,286517,,Raw
8.551162,6.086674,BRFSS,345673,,Raw
17.983248,-1.9641846,BRFSS,97758,,Raw
12.916822,9.5419445,BRFSS,23224,,Raw
4.5641313,1.3985488,BRFSS,265564,,Raw
0.18263261,-7.012717,BRFSS,122475,,Raw
10.830919,1.345782,BRFSS,118781,,Raw
17.461212,4.4777107,BRFSS,270810,,Raw
16.685019,5.2099237,BRFSS,126467,,Raw
-7.8463,21.425068,BRFSS,279569,,Raw
2.653806,0.59761524,BRFSS,260395,,Raw
11.707498,7.4011974,BRFSS,305290,,Raw
17.625761,-3.6317768,BRFSS,273762,,Raw
5.315294,2.858323,BRFSS,11968,,Raw
4.863252,6.030167,BRFSS,336803,,Raw
12.906861,2.926174,BRFSS,380370,,Raw
5.0038795,1.4632072,BRFSS,328429,,Raw
14.982698,-1.1309538,BRFSS,33451,,Raw
7.9536114,3.5687191,BRFSS,90663,,Raw
8.834579,5.957086,BRFSS,147981,,Raw
14.754408,-1.2752738,NHANES,3593,Mexican American,Raw
10.08768,6.9877396,BRFSS,355609,,Raw
2.9287531,28.24189,BRFSS,194840,,Raw
12.735351,1.4781004,BRFSS,354735,,Raw
4.8281474,3.6340392,BRFSS,32102,,Raw
5.449496,2.8181603,BRFSS,129095,,Raw
16.536318,-2.2891362,BRFSS,390216,,Raw
2.889797,5.6476607,BRFSS,338580,,Raw
0.80383205,-2.4460852,BRFSS,65311,,Raw
8.218193,1.9270512,BRFSS,339470,,Raw
16.517014,-3.7023244,BRFSS,136699,,Raw
16.077587,4.1935425,BRFSS,271845,,Raw
15.120378,4.495418,BRFSS,16537,,Raw
15.130246,1.2919873,BRFSS,435374,,Raw
-0.08132169,1.6934406,BRFSS,17021,,Raw
-0.37931535,2.2174613,BRFSS,164870,,Raw
8.240922,1.6021905,BRFSS,373615,,Raw
11.930653,9.618829,BRFSS,413100,,Raw
2.1042223,2.7650454,BRFSS,70408,,Raw
1.1002632,4.3365755,BRFSS,219109,,Raw
2.9513419,-9.148825,BRFSS,112063,,Raw
16.81837,0.44384658,BRFSS,168575,,Raw
0.42470026,-0.3700911,BRFSS,224171,,Raw
10.602392,5.0686975,BRFSS,165216,,Raw
-0.61146253,1.7313914,BRFSS,326512,,Raw
0.011712839,-4.25911,BRFSS,400739,,Raw
4.5222154,7.359366,BRFSS,144493,,Raw
17.112072,-3.0604587,BRFSS,190111,,Raw
3.645579,25.37792,BRFSS,274637,,Raw
0.011317586,2.6747227,BRFSS,322289,,Raw
0.99746823,1.3689446,BRFSS,267767,,Raw
17.202961,-0.7124288,BRFSS,263559,,Raw
17.51211,-0.44650668,BRFSS,380953,,Raw
16.817253,-2.4914105,BRFSS,348549,,Raw
3.6469579,7.664946,BRFSS,154941,,Raw
8.940519,2.409311,BRFSS,369590,,Raw
4.968215,3.5231085,BRFSS,332150,,Raw
15.699888,1.3863328,BRFSS,325550,,Raw
14.660582,-3.6910179,BRFSS,399079,,Raw
16.889933,-4.355219,BRFSS,110893,,Raw
14.367967,-2.7108834,BRFSS,294461,,Raw
0.18087308,-7.013996,BRFSS,162887,,Raw
14.102093,1.661186,NHANES,8707,Other Hispanic,Raw
15.560092,-2.092184,BRFSS,212636,,Raw
1.1990963,5.9599223,BRFSS,220317,,Raw
8.427362,3.1667948,BRFSS,320512,,Raw
1.3192624,3.1452606,BRFSS,251294,,Raw
8.961543,2.3884556,BRFSS,428763,,Raw
7.252357,3.5155673,BRFSS,90964,,Raw
3.8049655,2.4580293,BRFSS,22861,,Raw
17.60303,2.9136832,BRFSS,192632,,Raw
2.8474078,7.293253,BRFSS,256511,,Raw
4.7565165,0.97794455,BRFSS,359029,,Raw
5.284676,7.8069186,BRFSS,254664,,Raw
5.3632193,2.8376126,BRFSS,69490,,Raw
3.6378126,7.374667,BRFSS,267410,,Raw
4.7031255,5.188597,BRFSS,338881,,Raw
8.462972,4.293606,BRFSS,197403,,Raw
14.853054,1.8163882,BRFSS,14658,,Raw
0.12868346,0.13718237,BRFSS,102221,,Raw
-0.10822761,2.306217,BRFSS,376420,,Raw
13.276169,1.4411294,BRFSS,340168,,Raw
1.6459308,6.9194527,BRFSS,54699,,Raw
16.754913,-2.167194,BRFSS,331783,,Raw
11.214961,3.0185003,BRFSS,439361,,Raw
14.474345,3.5568209,BRFSS,18538,,Raw
3.0204484,3.2372823,BRFSS,11332,,Raw
17.015398,1.0939127,BRFSS,434947,,Raw
1.0747235,1.7125763,BRFSS,269260,,Raw
16.410086,-1.6432765,BRFSS,409871,,Raw
14.169937,1.1198516,BRFSS,350225,,Raw
18.026503,-2.2303643,BRFSS,237013,,Raw
14.363798,-1.2720741,BRFSS,38757,,Raw
10.896952,8.430754,BRFSS,316905,,Raw
15.324904,5.212999,BRFSS,439017,,Raw
0.10967092,-6.852979,BRFSS,358363,,Raw
0.9618089,1.3721482,BRFSS,335949,,Raw
12.446439,9.949819,BRFSS,356553,,Raw
11.58045,10.016839,BRFSS,211898,,Raw
16.053406,4.2114263,BRFSS,394938,,Raw
15.589078,1.096896,BRFSS,424265,,Raw
12.162873,9.956816,BRFSS,285434,,Raw
16.297916,-4.4165254,BRFSS,191272,,Raw
15.293177,-3.791516,BRFSS,361161,,Raw
16.890553,-2.8626914,BRFSS,330829,,Raw
10.673064,3.3234444,BRFSS,297026,,Raw
0.975717,5.7499905,BRFSS,78360,,Raw
5.716052,7.4334326,BRFSS,156527,,Raw
12.474747,7.8494954,BRFSS,121348,,Raw
3.3898547,-1.405824,BRFSS,284389,,Raw
14.32408,-2.4496717,BRFSS,213011,,Raw
15.4491825,-0.79631495,NHANES,8228,Non-Hispanic Black,Raw
11.714511,7.3536773,BRFSS,303965,,Raw
18.014753,-2.2342324,BRFSS,179834,,Raw
3.0611796,27.682058,BRFSS,264093,,Raw
6.572292,5.6222696,BRFSS,93867,,Raw
9.251074,3.6601183,BRFSS,205770,,Raw
2.9830537,27.98109,BRFSS,418120,,Raw
5.781081,29.32083,BRFSS,246621,,Raw
11.3177185,5.310072,BRFSS,332276,,Raw
16.679766,2.515833,BRFSS,117505,,Raw
17.358936,-0.5077426,BRFSS,400151,,Raw
6.1757913,7.084624,BRFSS,142716,,Raw
0.037342828,1.0667222,BRFSS,251263,,Raw
0.8705975,5.7625732,BRFSS,344448,,Raw
6.6196113,2.7457364,BRFSS,221386,,Raw
16.961222,4.7806926,BRFSS,182777,,Raw
13.184296,3.4201133,BRFSS,392436,,Raw
16.961193,-4.311735,BRFSS,89442,,Raw
2.9636352,6.25337,BRFSS,312172,,Raw
7.9346695,4.645457,BRFSS,22036,,Raw
17.583378,2.7109144,BRFSS,275160,,Raw
3.4736907,5.011467,BRFSS,374447,,Raw
12.664954,7.5100427,BRFSS,139149,,Raw
5.25471,29.030678,BRFSS,195921,,Raw
1.8476405,3.5869608,BRFSS,331862,,Raw
11.411934,9.893517,BRFSS,288183,,Raw
10.4672365,6.045733,BRFSS,353453,,Raw
3.3729045,26.507662,BRFSS,182443,,Raw
15.316673,5.2133746,BRFSS,267169,,Raw
16.639023,1.2488296,BRFSS,340544,,Raw
7.9128375,3.7091036,BRFSS,291240,,Raw
11.020676,2.8731942,BRFSS,198837,,Raw
14.712195,0.040520467,BRFSS,50006,,Raw
6.086764,29.402515,BRFSS,48688,,Raw
6.733401,5.4498296,BRFSS,394520,,Raw
0.991801,5.9654374,BRFSS,212649,,Raw
1.2475652,1.1397138,BRFSS,400519,,Raw
2.8362925,4.0103097,BRFSS,11693,,Raw
16.623432,5.3532286,BRFSS,322664,,Raw
12.63454,7.513312,BRFSS,223409,,Raw
4.7851977,-8.307237,BRFSS,246441,,Raw
9.944584,3.5099792,BRFSS,300724,,Raw
10.255063,3.5697901,BRFSS,197819,,Raw
4.807865,-8.283124,BRFSS,186758,,Raw
6.589769,5.5939474,BRFSS,39210,,Raw
17.606647,-1.059187,BRFSS,137847,,Raw
14.432103,1.2924224,BRFSS,139866,,Raw
12.469859,7.845074,BRFSS,262412,,Raw
4.221734,-8.781278,BRFSS,121120,,Raw
17.572798,4.179306,BRFSS,209391,,Raw
17.040962,1.70232,BRFSS,185954,,Raw
1.5540892,2.9940357,BRFSS,370252,,Raw
10.673247,4.7942033,BRFSS,212662,,Raw
4.7475758,1.2815251,BRFSS,426247,,Raw
0.36274058,2.8206086,BRFSS,75185,,Raw
8.470672,5.556805,BRFSS,439839,,Raw
3.013059,1.6400677,BRFSS,402578,,Raw
0.5721256,-0.5403582,BRFSS,46964,,Raw
4.989365,3.5219154,BRFSS,123066,,Raw
6.993711,5.040047,BRFSS,109494,,Raw
9.248857,3.435841,BRFSS,352341,,Raw
16.908066,-2.8595521,BRFSS,82199,,Raw
4.581094,6.229822,BRFSS,240332,,Raw
8.4705925,1.4967414,BRFSS,148901,,Raw
15.001412,4.4424863,BRFSS,154786,,Raw
18.02626,-2.2955332,BRFSS,77255,,Raw
0.28204724,-3.4559915,BRFSS,174653,,Raw
16.992348,2.1691597,BRFSS,114856,,Raw
12.328357,7.783494,BRFSS,180757,,Raw
4.704088,-8.390026,BRFSS,366492,,Raw
6.4732795,2.7203443,BRFSS,375045,,Raw
1.3804321,4.0983973,BRFSS,425938,,Raw
1.5873469,0.24116507,BRFSS,81044,,Raw
6.896903,29.245258,BRFSS,291047,,Raw
1.8808599,4.9907384,BRFSS,166906,,Raw
6.4500775,3.3270955,BRFSS,162755,,Raw
14.406378,6.2747397,BRFSS,255330,,Raw
9.204068,6.769648,BRFSS,388305,,Raw
10.974336,9.107191,BRFSS,12766,,Raw
15.618364,5.7385406,BRFSS,129313,,Raw
1.3798541,2.3354335,BRFSS,208691,,Raw
10.2823715,2.9137497,BRFSS,435276,,Raw
2.5929618,-1.8238444,BRFSS,79619,,Raw
18.109608,0.59388316,BRFSS,176704,,Raw
6.0032663,29.40054,BRFSS,126709,,Raw
-3.7176433,15.309527,BRFSS,412461,,Raw
0.2728626,-3.462901,BRFSS,324311,,Raw
1.119098,2.4248633,BRFSS,85727,,Raw
11.148413,3.2356741,BRFSS,359511,,Raw
14.840595,-4.00988,BRFSS,295697,,Raw
5.465647,3.1188853,BRFSS,26311,,Raw
-0.010542762,0.23584913,BRFSS,245231,,Raw
2.5567448,-1.8498936,BRFSS,249710,,Raw
14.391252,6.3119473,BRFSS,125639,,Raw
3.679048,-9.014999,BRFSS,221290,,Raw
18.04405,2.2081645,BRFSS,266446,,Raw
4.667071,-0.3621631,BRFSS,321600,,Raw
7.4108167,5.9817047,BRFSS,272202,,Raw
10.580943,5.1253138,BRFSS,280698,,Raw
4.200559,4.5425916,BRFSS,178747,,Raw
0.7970422,3.0672486,BRFSS,119846,,Raw
10.700959,1.3871624,BRFSS,159481,,Raw
4.717118,5.181573,BRFSS,341987,,Raw
3.4098864,26.349829,BRFSS,378635,,Raw
13.12112,8.568648,BRFSS,24591,,Raw
16.637001,0.72484004,BRFSS,431171,,Raw
0.7755504,1.899401,BRFSS,240821,,Raw
0.20526457,3.143921,BRFSS,29451,,Raw
13.580982,7.814046,BRFSS,135426,,Raw
3.1129687,4.4816656,BRFSS,110855,,Raw
17.989012,2.2729597,BRFSS,223706,,Raw
14.637359,5.3807507,BRFSS,376657,,Raw
13.863907,7.7133403,BRFSS,349372,,Raw
4.8480606,6.046382,BRFSS,114233,,Raw
10.843759,3.1761668,BRFSS,202652,,Raw
14.825993,0.2572934,BRFSS,448954,,Raw
5.6075287,29.236822,BRFSS,441802,,Raw
9.058689,6.5792685,BRFSS,17869,,Raw
1.5957636,-1.7085196,BRFSS,30566,,Raw
0.85685647,5.686047,BRFSS,62485,,Raw
16.60471,5.357061,BRFSS,237413,,Raw
0.020086212,1.0991834,BRFSS,108373,,Raw
4.057139,3.147618,BRFSS,202771,,Raw
3.6600416,7.419245,BRFSS,121171,,Raw
17.578262,4.1701612,BRFSS,222478,,Raw
10.525865,6.12134,BRFSS,36771,,Raw
7.093184,1.0888666,BRFSS,265117,,Raw
6.414413,29.359184,BRFSS,372300,,Raw
16.766394,3.8227181,BRFSS,44997,,Raw
8.963194,2.4610088,BRFSS,67421,,Raw
10.504998,5.944303,BRFSS,210951,,Raw
13.166043,9.224995,BRFSS,316348,,Raw
3.1341898,2.149075,BRFSS,237727,,Raw
16.881954,-4.7559423,BRFSS,94408,,Raw
14.699794,-3.8291748,BRFSS,161845,,Raw
5.2682734,29.04924,BRFSS,39340,,Raw
10.865088,5.0367646,BRFSS,408056,,Raw
5.1112957,5.7771564,BRFSS,446657,,Raw
4.743281,1.0220368,BRFSS,85207,,Raw
13.846686,7.756544,BRFSS,51350,,Raw
13.168503,9.207495,BRFSS,190021,,Raw
16.764978,-1.3815829,BRFSS,310454,,Raw
2.7587712,0.3652186,BRFSS,323525,,Raw
0.85022897,3.7708645,BRFSS,278329,,Raw
17.996792,2.0817456,BRFSS,398053,,Raw
17.01072,-1.3987507,BRFSS,191798,,Raw
2.0824172,-9.05408,BRFSS,277808,,Raw
3.5602787,25.652279,BRFSS,329896,,Raw
10.622433,8.551227,BRFSS,37466,,Raw
13.614346,2.0718522,BRFSS,333334,,Raw
15.512292,-0.5724372,BRFSS,425547,,Raw
14.333549,2.4369848,NHANES,1002,Non-Hispanic White,Raw
11.5177965,10.0669155,BRFSS,423925,,Raw
3.2674382,3.6465986,BRFSS,255930,,Raw
2.9630656,6.93508,BRFSS,80128,,Raw
8.851479,5.9388995,BRFSS,361058,,Raw
15.887645,-1.9362446,BRFSS,38091,,Raw
7.000935,2.0518446,BRFSS,32939,,Raw
2.107549,4.341223,BRFSS,262855,,Raw
15.393061,-0.5516919,BRFSS,409492,,Raw
16.767962,5.1722713,BRFSS,11728,,Raw
17.6475,1.7441171,BRFSS,354438,,Raw
16.951622,4.2262597,BRFSS,428830,,Raw
4.5881753,6.199605,BRFSS,146747,,Raw
12.227043,7.2646565,BRFSS,214748,,Raw
0.98035896,1.3776731,BRFSS,215313,,Raw
10.827198,3.233831,BRFSS,40467,,Raw
0.13687645,-6.9209046,BRFSS,355709,,Raw
1.7224444,5.0351276,BRFSS,48191,,Raw
9.018504,3.8079333,BRFSS,380549,,Raw
12.235298,7.2626863,BRFSS,27674,,Raw
0.45388958,1.4775208,BRFSS,131794,,Raw
15.02643,-0.06709793,BRFSS,214069,,Raw
0.35738924,-3.3151698,BRFSS,167397,,Raw
16.79833,3.4779415,BRFSS,238969,,Raw
16.691042,-2.3854785,BRFSS,276330,,Raw
1.8531654,7.541302,BRFSS,28735,,Raw
16.36703,1.0514777,BRFSS,188726,,Raw
2.8741317,6.3257127,BRFSS,210483,,Raw
15.33776,1.4001733,BRFSS,215422,,Raw
17.694555,-3.5103393,BRFSS,36637,,Raw
15.166077,4.1669626,BRFSS,42447,,Raw
0.35110447,1.2833992,BRFSS,385168,,Raw
3.4591548,-1.3392594,BRFSS,358670,,Raw
14.819032,-2.4547508,BRFSS,77948,,Raw
17.083565,-1.0799925,BRFSS,47161,,Raw
3.0767267,4.5421333,BRFSS,316652,,Raw
5.319385,1.7729411,BRFSS,101916,,Raw
14.394583,6.309969,BRFSS,202678,,Raw
6.861919,3.0577064,BRFSS,193633,,Raw
12.18479,5.22528,BRFSS,187100,,Raw
11.171197,7.814169,BRFSS,22896,,Raw
0.32237875,-3.364782,BRFSS,81098,,Raw
7.7989583,1.6203358,BRFSS,179179,,Raw
7.0180206,3.2580056,BRFSS,356729,,Raw
4.6996336,2.1895976,BRFSS,386494,,Raw
15.280056,-3.9352603,BRFSS,18039,,Raw
13.589173,7.9676285,BRFSS,23673,,Raw
-3.713701,15.313449,BRFSS,160934,,Raw
9.908608,8.181394,BRFSS,231213,,Raw
12.022495,0.92542475,BRFSS,429893,,Raw
3.9361207,6.576394,BRFSS,446439,,Raw
0.91614926,5.745192,BRFSS,339565,,Raw
14.849816,-1.232754,BRFSS,80220,,Raw
4.683449,3.09529,BRFSS,306199,,Raw
6.594016,5.5916424,BRFSS,107986,,Raw
1.887317,4.9855156,BRFSS,171537,,Raw
7.3206787,5.677881,BRFSS,82585,,Raw
13.584564,3.000675,BRFSS,419481,,Raw
17.158895,5.1780734,BRFSS,286858,,Raw
12.134385,5.175512,BRFSS,371495,,Raw
17.981363,-2.2195656,BRFSS,447180,,Raw
14.639129,5.341615,BRFSS,214213,,Raw
17.315683,2.883668,BRFSS,397063,,Raw
4.848684,6.0479736,BRFSS,309103,,Raw
0.80012506,-2.4493804,BRFSS,270629,,Raw
0.839352,3.781436,BRFSS,397237,,Raw
6.386451,29.36243,BRFSS,194960,,Raw
14.942909,-0.25139308,BRFSS,402760,,Raw
3.1750562,7.8633404,BRFSS,28746,,Raw
15.3628,-4.01887,BRFSS,217351,,Raw
5.260022,29.04234,BRFSS,418881,,Raw
0.60243493,-0.25892544,BRFSS,396117,,Raw
17.94811,-1.9297318,BRFSS,80292,,Raw
7.6552672,1.4911675,BRFSS,240168,,Raw
17.289623,3.6339114,BRFSS,45881,,Raw
-7.8452177,21.426153,BRFSS,366023,,Raw
2.8820286,7.764386,BRFSS,425623,,Raw
11.95978,8.7196245,BRFSS,30771,,Raw
15.354573,6.0327463,BRFSS,281219,,Raw
10.2666645,8.136823,NHANES,8586,Mexican American,Raw
7.06923,0.7710901,BRFSS,259299,,Raw
3.6492121,4.0637293,BRFSS,135730,,Raw
16.179644,3.750645,BRFSS,293575,,Raw
17.661385,-1.1309098,BRFSS,295700,,Raw
16.218914,-5.04024,BRFSS,51542,,Raw
2.5092528,0.9946972,BRFSS,107923,,Raw
4.591552,1.3754812,BRFSS,221254,,Raw
5.742113,3.812004,BRFSS,133255,,Raw
11.251751,4.875635,BRFSS,375875,,Raw
16.978333,-2.3935041,BRFSS,368887,,Raw
6.983462,5.0644016,BRFSS,221585,,Raw
17.65367,-0.03796175,BRFSS,443825,,Raw
15.978847,5.718603,BRFSS,206578,,Raw
17.108822,4.7848496,BRFSS,188899,,Raw
14.715427,0.7646204,BRFSS,429353,,Raw
10.049935,3.1354685,BRFSS,110924,,Raw
17.639706,-0.81610775,BRFSS,306835,,Raw
15.313863,-4.2612453,BRFSS,229331,,Raw
14.836902,-1.2201871,BRFSS,247613,,Raw
16.866976,-4.191026,BRFSS,415485,,Raw
11.595963,9.639088,BRFSS,128250,,Raw
13.5440235,1.3743081,BRFSS,61359,,Raw
2.8648005,2.7801576,BRFSS,223260,,Raw
8.87042,3.016502,BRFSS,418723,,Raw
3.0169973,7.815492,BRFSS,206904,,Raw
16.625824,1.075809,BRFSS,319561,,Raw
16.069921,-4.9162865,BRFSS,93537,,Raw
14.58988,5.9444046,BRFSS,37406,,Raw
8.091276,2.1276314,BRFSS,393126,,Raw
5.151535,28.956303,BRFSS,96825,,Raw
2.9251478,-9.149224,BRFSS,307934,,Raw
16.138304,-1.7074363,BRFSS,69215,,Raw
0.010367013,-4.26526,BRFSS,86359,,Raw
2.7190726,-9.133696,BRFSS,31706,,Raw
17.00174,5.292317,BRFSS,148326,,Raw
11.378714,9.88642,BRFSS,418988,,Raw
10.597289,8.56437,BRFSS,60235,,Raw
16.943396,5.0564704,BRFSS,175250,,Raw
0.7546701,-8.138083,BRFSS,410406,,Raw
17.311243,2.0960402,BRFSS,69536,,Raw
12.682726,7.5013847,BRFSS,181254,,Raw
4.03518,7.385444,BRFSS,396327,,Raw
-4.492353,14.550211,BRFSS,330384,,Raw
5.728411,29.298092,BRFSS,52826,,Raw
3.637633,25.395834,BRFSS,39515,,Raw
17.700712,-3.5322175,BRFSS,188425,,Raw
5.606862,29.240726,BRFSS,21340,,Raw
14.725648,2.646552,BRFSS,54313,,Raw
1.8374298,4.4484363,BRFSS,434217,,Raw
15.686438,-4.7231903,BRFSS,274794,,Raw
8.916084,2.499029,BRFSS,150641,,Raw
17.964914,1.0245038,BRFSS,83553,,Raw
0.17897938,-3.7997308,BRFSS,394323,,Raw
14.353308,-2.3541636,BRFSS,190510,,Raw
17.266508,1.7630662,BRFSS,86632,,Raw
4.4563637,-0.54804146,BRFSS,412925,,Raw
0.93186396,-0.42283386,BRFSS,346902,,Raw
0.8202624,-2.4571655,BRFSS,305424,,Raw
0.9641722,-8.373871,BRFSS,85474,,Raw
6.465067,2.9130557,BRFSS,268011,,Raw
15.06926,-2.7293305,BRFSS,162441,,Raw
6.1726885,7.089244,BRFSS,189342,,Raw
1.7732855,3.608054,BRFSS,324604,,Raw
0.09289581,-6.829692,BRFSS,160902,,Raw
8.030415,4.492322,BRFSS,23048,,Raw
-11.378371,-1.586303,NHANES,1557,Non-Hispanic White,Raw
1.755442,3.6386926,BRFSS,416229,,Raw
15.551721,1.2255418,BRFSS,105688,,Raw
7.552791,1.4394612,BRFSS,193801,,Raw
15.043794,-4.2256174,BRFSS,160344,,Raw
17.669844,-0.83036005,BRFSS,334822,,Raw
16.573942,-1.1442916,BRFSS,392572,,Raw
1.7183462,4.492906,BRFSS,264691,,Raw
4.8355927,-8.250732,BRFSS,153785,,Raw
9.146755,6.711154,BRFSS,436386,,Raw
1.4299877,0.7860624,BRFSS,127451,,Raw
16.141916,-0.32998356,BRFSS,133420,,Raw
1.2287369,6.075713,BRFSS,246199,,Raw
3.3641808,2.55937,BRFSS,232468,,Raw
1.1573923,4.250326,BRFSS,205866,,Raw
16.777916,-2.4493024,BRFSS,43769,,Raw
1.5297959,0.081448585,BRFSS,109505,,Raw
8.489708,5.78226,BRFSS,52796,,Raw
-3.750676,15.27621,BRFSS,388308,,Raw
15.807229,-0.30119592,BRFSS,306497,,Raw
4.6912303,-8.401507,BRFSS,109281,,Raw
16.22598,-4.972489,BRFSS,111847,,Raw
7.175629,1.9389381,BRFSS,398719,,Raw
16.406372,3.8645349,BRFSS,331059,,Raw
7.241549,3.4903927,BRFSS,346468,,Raw
10.201982,6.15158,BRFSS,404603,,Raw
15.255791,4.037273,BRFSS,131906,,Raw
17.131893,4.4450693,BRFSS,272583,,Raw
0.3487932,-3.330477,BRFSS,123364,,Raw
16.823977,-4.1570807,BRFSS,13590,,Raw
4.6908503,-8.401313,BRFSS,377155,,Raw
3.0716064,-9.142161,BRFSS,81485,,Raw
0.6174758,1.4673328,BRFSS,76378,,Raw
4.772448,-8.321079,BRFSS,371865,,Raw
16.511076,-2.3335829,BRFSS,80276,,Raw
9.968194,2.8919222,BRFSS,181517,,Raw
2.1271324,-1.9920563,BRFSS,68240,,Raw
11.979155,7.061491,BRFSS,25425,,Raw
4.8307843,-8.256618,BRFSS,27852,,Raw
2.2702456,4.278429,BRFSS,123831,,Raw
14.260997,-0.8626744,BRFSS,351254,,Raw
2.9847968,-0.048015647,BRFSS,415629,,Raw
16.122335,-3.9658787,BRFSS,415142,,Raw
5.3070345,29.081263,BRFSS,412604,,Raw
1.2063847,-8.590968,BRFSS,51654,,Raw
-0.7758233,1.8688171,BRFSS,445720,,Raw
11.514492,3.0149703,BRFSS,413821,,Raw
3.4279866,-0.36621517,BRFSS,164779,,Raw
5.3173575,5.591054,BRFSS,57705,,Raw
16.079971,-4.8794026,BRFSS,17404,,Raw
10.460245,3.4225183,BRFSS,415002,,Raw
7.069677,0.7554385,BRFSS,265811,,Raw
1.7058054,2.3225377,BRFSS,174820,,Raw
1.1731058,6.0226774,BRFSS,39284,,Raw
8.095353,4.3787985,BRFSS,25100,,Raw
11.177648,7.9269905,BRFSS,443220,,Raw
13.422067,2.9599292,BRFSS,275756,,Raw
5.13166,7.5021777,BRFSS,426024,,Raw
12.5133505,9.94181,BRFSS,175712,,Raw
11.526417,10.042665,BRFSS,164402,,Raw
1.747017,6.212576,BRFSS,66278,,Raw
14.674894,2.8279822,BRFSS,306094,,Raw
16.151527,-0.987901,BRFSS,426033,,Raw
17.719357,0.0153980395,BRFSS,342881,,Raw
17.3014,-3.0871933,BRFSS,423622,,Raw
-0.007051424,0.2527162,BRFSS,305392,,Raw
15.583868,-2.9669602,BRFSS,306587,,Raw
16.98145,-2.6666143,BRFSS,225560,,Raw
18.016914,0.106844015,BRFSS,80145,,Raw
17.449463,-3.6457715,BRFSS,303337,,Raw
13.622566,1.2602328,BRFSS,299345,,Raw
15.255497,-4.4375362,BRFSS,299068,,Raw
11.894875,8.64868,BRFSS,367959,,Raw
4.1320033,-8.854347,BRFSS,310889,,Raw
17.156424,-0.7300835,BRFSS,27510,,Raw
13.141817,7.1725326,BRFSS,122863,,Raw
15.508501,0.030160824,BRFSS,26205,,Raw
1.1910866,5.977933,BRFSS,186960,,Raw
8.07431,4.4084716,BRFSS,266179,,Raw
15.673036,5.7322907,BRFSS,142714,,Raw
0.14846909,0.51662296,BRFSS,310008,,Raw
14.908843,-1.2489398,BRFSS,362086,,Raw
3.6115599,7.666732,BRFSS,127920,,Raw
0.51398176,-2.9452941,BRFSS,186467,,Raw
14.30469,-1.9396492,BRFSS,160557,,Raw
0.7805647,3.0808363,BRFSS,195029,,Raw
15.117482,5.0583596,BRFSS,25206,,Raw
3.0515277,27.6875,BRFSS,432272,,Raw
15.509496,-3.0646632,BRFSS,88937,,Raw
9.002796,2.8988442,BRFSS,218029,,Raw
3.1562922,27.339092,BRFSS,115989,,Raw
3.1535056,5.3494225,BRFSS,449639,,Raw
3.4530654,-1.3506866,BRFSS,225068,,Raw
9.976353,6.6705675,BRFSS,141191,,Raw
12.129014,5.198131,NHANES,3201,Non-Hispanic White,Raw
2.763938,0.36704794,BRFSS,42015,,Raw
11.089268,3.2055807,BRFSS,282505,,Raw
7.962648,3.475274,BRFSS,339893,,Raw
15.051557,0.429833,BRFSS,15338,,Raw
3.081426,3.7904747,BRFSS,237733,,Raw
14.687384,3.4910595,BRFSS,324734,,Raw
7.0796957,2.342319,BRFSS,15734,,Raw
15.253678,-0.53805864,BRFSS,152519,,Raw
-7.8459873,21.425503,BRFSS,269965,,Raw
16.439924,-3.8900537,BRFSS,448754,,Raw
13.864996,7.31027,BRFSS,334928,,Raw
7.062253,3.0342267,BRFSS,156183,,Raw
7.562991,4.8751774,BRFSS,128117,,Raw
11.7625265,3.120616,BRFSS,38071,,Raw
12.926565,9.512339,BRFSS,407789,,Raw
0.75782436,2.6762779,BRFSS,414706,,Raw
16.905275,2.1373994,BRFSS,366704,,Raw
12.113808,4.791237,BRFSS,38264,,Raw
1.9144604,-9.015984,BRFSS,63548,,Raw
2.1278782,-1.9998401,BRFSS,66102,,Raw
14.955357,3.2100723,BRFSS,441996,,Raw
-0.3348412,1.6251551,BRFSS,244820,,Raw
15.583427,1.1021597,BRFSS,246530,,Raw
11.002193,5.3381047,BRFSS,15676,,Raw
14.372716,-2.332339,BRFSS,227556,,Raw
13.832983,7.8806357,BRFSS,361446,,Raw
0.9960115,4.535884,BRFSS,82475,,Raw
17.133532,4.7907357,BRFSS,290017,,Raw
0.54220784,-7.845757,BRFSS,128846,,Raw
15.356464,0.22547896,BRFSS,239045,,Raw
3.6477017,2.9689167,BRFSS,54679,,Raw
17.6988,-3.500008,BRFSS,330548,,Raw
16.203444,1.0811653,BRFSS,342899,,Raw
14.392395,6.256754,BRFSS,271024,,Raw
2.929488,-9.156107,BRFSS,69826,,Raw
15.425712,-2.239591,BRFSS,292791,,Raw
3.7696745,2.1103945,BRFSS,46900,,Raw
10.241949,7.329364,BRFSS,40472,,Raw
-3.7590177,15.267938,BRFSS,236173,,Raw
3.2318532,2.600932,BRFSS,401211,,Raw
11.675986,7.224546,BRFSS,274626,,Raw
3.1293402,7.850614,BRFSS,256068,,Raw
1.9674127,-2.1172924,BRFSS,29811,,Raw
5.2546034,-0.12509017,BRFSS,179059,,Raw
5.35932,7.747841,BRFSS,170511,,Raw
16.059366,5.839265,BRFSS,78016,,Raw
11.858831,6.4642754,BRFSS,56785,,Raw
10.037583,8.2634325,BRFSS,277026,,Raw
16.736834,3.5307178,BRFSS,425689,,Raw
11.30301,5.276509,BRFSS,73542,,Raw
9.709176,6.80538,BRFSS,356891,,Raw
17.625202,3.2754252,BRFSS,408813,,Raw
14.122484,1.9929104,BRFSS,223865,,Raw
17.038181,5.2975016,BRFSS,113641,,Raw
4.3310423,7.3624864,BRFSS,181343,,Raw
13.298028,8.911939,BRFSS,35539,,Raw
9.667063,8.839305,BRFSS,398145,,Raw
16.23436,-4.9560957,BRFSS,324525,,Raw
1.8667717,6.5009317,BRFSS,135726,,Raw
4.8841844,-0.32373843,BRFSS,33823,,Raw
11.937109,9.615357,BRFSS,331129,,Raw
10.731751,9.400784,BRFSS,371702,,Raw
3.651508,-9.022093,BRFSS,130206,,Raw
17.258831,3.6141577,BRFSS,317769,,Raw
16.70651,5.3247004,BRFSS,44037,,Raw
7.604338,1.1864483,BRFSS,10625,,Raw
1.3626827,4.101921,BRFSS,15206,,Raw
16.698141,-1.6317809,BRFSS,367409,,Raw
14.726182,2.6647265,BRFSS,131634,,Raw
0.8165113,-2.431196,BRFSS,173581,,Raw
11.048117,5.501756,BRFSS,120790,,Raw
0.8501679,-0.38423273,BRFSS,277168,,Raw
10.846384,4.9990926,BRFSS,232347,,Raw
3.2392871,6.8094616,BRFSS,195327,,Raw
4.2347794,-8.768195,BRFSS,66934,,Raw
17.551027,2.6812508,BRFSS,222062,,Raw
14.781885,-4.0107203,BRFSS,52620,,Raw
4.816736,-8.273325,BRFSS,82959,,Raw
16.615269,-3.7150981,BRFSS,251819,,Raw
17.6971,2.952103,BRFSS,229380,,Raw
2.594226,-1.826386,BRFSS,439600,,Raw
11.238376,9.397674,BRFSS,227322,,Raw
11.501291,5.2162313,BRFSS,286134,,Raw
3.0927596,-9.151141,BRFSS,337307,,Raw
17.362612,-3.1515594,BRFSS,15524,,Raw
3.621622,5.6790543,BRFSS,72263,,Raw
8.712619,4.0020323,BRFSS,220428,,Raw
12.483023,7.846936,BRFSS,408842,,Raw
1.7842182,2.458905,BRFSS,338755,,Raw
0.12739247,-3.9166687,BRFSS,52145,,Raw
14.072256,3.1726158,BRFSS,330909,,Raw
1.6158346,-8.856485,BRFSS,267022,,Raw
14.681776,3.746946,BRFSS,448767,,Raw
14.555049,3.6398826,BRFSS,316620,,Raw
4.3290534,3.1251073,BRFSS,275309,,Raw
7.100122,1.9632716,BRFSS,157977,,Raw
12.214174,7.24891,BRFSS,381222,,Raw
11.741683,7.4730844,BRFSS,317520,,Raw
0.5692783,-2.8451927,BRFSS,90299,,Raw
16.844976,0.44195327,BRFSS,58128,,Raw
4.9627886,3.0303156,BRFSS,432320,,Raw
0.1526516,0.16124672,BRFSS,33366,,Raw
15.037884,-0.26792994,NHANES,9257,Other Race,Raw
1.2004397,6.050557,BRFSS,316160,,Raw
18.04394,0.15513349,BRFSS,107595,,Raw
0.1894853,1.3724707,BRFSS,59026,,Raw
4.9941597,0.055180006,BRFSS,246451,,Raw
5.18326,7.863653,BRFSS,213061,,Raw
17.563536,-2.3547664,BRFSS,40265,,Raw
1.1358441,2.4054239,BRFSS,36498,,Raw
3.0153258,2.7484822,BRFSS,352902,,Raw
2.9673414,27.959848,BRFSS,429584,,Raw
5.0200257,28.845285,BRFSS,280488,,Raw
17.534124,0.46986037,BRFSS,250467,,Raw
4.683213,-8.410161,BRFSS,351334,,Raw
16.044304,4.227077,BRFSS,59315,,Raw
6.4781384,2.694322,BRFSS,10955,,Raw
3.5469258,25.70505,BRFSS,438057,,Raw
12.2186575,7.266776,BRFSS,437095,,Raw
12.013271,2.8638275,BRFSS,405142,,Raw
2.9133778,1.6680318,BRFSS,332911,,Raw
16.424225,5.335936,BRFSS,373946,,Raw
12.388938,6.516035,BRFSS,96062,,Raw
0.095093116,-6.8340235,BRFSS,282731,,Raw
13.628949,1.2498405,BRFSS,153944,,Raw
17.322313,-2.8343515,BRFSS,214979,,Raw
15.156899,4.169802,BRFSS,125168,,Raw
12.074064,7.1239824,BRFSS,156731,,Raw
5.712231,3.8687425,BRFSS,198742,,Raw
0.7722086,-2.4483643,BRFSS,284053,,Raw
3.7262993,4.010909,BRFSS,437138,,Raw
9.46102,4.3392467,BRFSS,76732,,Raw
4.99646,3.5134938,BRFSS,296032,,Raw
17.697886,-3.5326939,BRFSS,69330,,Raw
12.303785,0.4164402,BRFSS,415229,,Raw
1.1798452,-8.565634,BRFSS,262552,,Raw
11.746417,2.807108,BRFSS,399512,,Raw
-7.845822,21.425724,BRFSS,315824,,Raw
3.5601125,-0.3945005,BRFSS,270259,,Raw
1.9107453,2.4569538,BRFSS,138268,,Raw
15.749681,1.4139606,BRFSS,379761,,Raw
14.925046,-0.351343,BRFSS,383886,,Raw
0.067957096,0.20308578,BRFSS,203174,,Raw
18.007639,-2.2784576,BRFSS,450140,,Raw
17.595448,3.5561993,BRFSS,44340,,Raw
11.363683,5.352185,BRFSS,63568,,Raw
17.409136,1.5677528,BRFSS,392076,,Raw
15.457939,1.0418382,BRFSS,129135,,Raw
5.4811344,29.176065,BRFSS,327075,,Raw
13.879249,7.673995,BRFSS,392790,,Raw
-0.11983693,2.3048284,BRFSS,262952,,Raw
2.9629612,28.181065,BRFSS,255456,,Raw
12.682584,1.2378827,BRFSS,15513,,Raw
0.67421186,0.6215199,BRFSS,235826,,Raw
16.839172,-1.6730279,BRFSS,159522,,Raw
3.8466864,4.764564,BRFSS,172959,,Raw
2.9863255,5.4901037,BRFSS,29416,,Raw
2.0772088,4.9536285,BRFSS,11153,,Raw
3.1178184,3.147151,BRFSS,275669,,Raw
18.004866,2.2685153,BRFSS,383320,,Raw
7.267288,1.3441206,BRFSS,328887,,Raw
0.030936474,3.2051864,BRFSS,317723,,Raw
9.200492,6.7575045,BRFSS,142094,,Raw
15.810887,-3.9356508,NHANES,6084,Mexican American,Raw
5.197444,7.852408,BRFSS,18085,,Raw
6.1270328,29.412188,BRFSS,151808,,Raw
7.702395,5.721304,BRFSS,135364,,Raw
17.204527,0.8220862,BRFSS,41274,,Raw
15.611182,-2.0151896,BRFSS,74454,,Raw
4.9336586,28.77572,BRFSS,243000,,Raw
11.183688,9.120988,BRFSS,239354,,Raw
15.844777,5.7088714,BRFSS,402100,,Raw
0.7257099,-2.5710735,BRFSS,354338,,Raw
14.024048,2.5474455,BRFSS,216230,,Raw
14.10642,2.8018546,BRFSS,248035,,Raw
6.593874,29.330576,BRFSS,93214,,Raw
15.395238,1.2522148,BRFSS,25963,,Raw
15.848551,5.538691,BRFSS,211337,,Raw
7.164103,0.9373322,BRFSS,187697,,Raw
4.893608,28.744316,BRFSS,204973,,Raw
11.116236,1.2051284,BRFSS,141511,,Raw
0.7626286,-2.4112492,BRFSS,37251,,Raw
6.567501,5.61571,BRFSS,400836,,Raw
16.300983,1.0750644,BRFSS,317999,,Raw
12.300593,4.9783773,BRFSS,299467,,Raw
0.3339367,-3.3220384,BRFSS,416950,,Raw
7.1420856,0.8293655,BRFSS,371542,,Raw
10.602688,8.518007,BRFSS,302691,,Raw
16.197819,-3.850677,BRFSS,142151,,Raw
8.358485,1.7209494,BRFSS,65966,,Raw
5.443929,29.146322,BRFSS,427555,,Raw
15.235388,-4.480847,BRFSS,21869,,Raw
9.367331,4.459212,BRFSS,177493,,Raw
3.0516317,27.70169,BRFSS,191220,,Raw
18.017506,-2.2325523,BRFSS,326385,,Raw
4.917989,28.767176,BRFSS,58142,,Raw
12.681642,9.659487,BRFSS,35619,,Raw
5.2496142,2.9081416,BRFSS,326703,,Raw
14.6277895,-3.6244776,BRFSS,425217,,Raw
7.9162946,3.5317724,BRFSS,210639,,Raw
0.34561896,-3.3230171,BRFSS,373989,,Raw
4.0882998,-8.879045,BRFSS,267523,,Raw
1.8693347,4.9936237,BRFSS,87286,,Raw
14.953139,-0.34929565,BRFSS,114508,,Raw
11.978177,7.029885,BRFSS,304883,,Raw
4.822266,0.9398081,BRFSS,261742,,Raw
2.882097,6.326129,BRFSS,441411,,Raw
0.96134424,5.927564,BRFSS,340200,,Raw
12.714254,9.655864,BRFSS,166292,,Raw
7.431816,5.958039,BRFSS,37847,,Raw
15.284532,-4.250528,BRFSS,14546,,Raw
4.1799474,-8.8175125,BRFSS,185619,,Raw
17.588596,3.5296147,BRFSS,424611,,Raw
16.897236,-4.7040544,BRFSS,154356,,Raw
9.88133,3.4695783,BRFSS,105913,,Raw
0.16666552,3.1282082,BRFSS,66069,,Raw
17.014854,5.288849,BRFSS,182716,,Raw
0.04348978,3.063245,BRFSS,402778,,Raw
0.43486163,-0.37634414,BRFSS,181946,,Raw
17.871681,-1.7908875,BRFSS,291975,,Raw
9.026437,6.546701,BRFSS,396959,,Raw
16.63407,-1.3411674,BRFSS,156677,,Raw
16.904575,-3.3186483,BRFSS,353903,,Raw
10.105667,7.055532,BRFSS,226450,,Raw
17.404436,-2.8705113,BRFSS,283732,,Raw
13.393011,2.9529915,BRFSS,44147,,Raw
13.152923,9.220118,BRFSS,51930,,Raw
2.9501233,28.254765,BRFSS,288097,,Raw
15.839925,-2.8072705,BRFSS,433063,,Raw
5.272698,-0.11457207,BRFSS,311669,,Raw
17.566746,-3.6649425,BRFSS,412612,,Raw
7.439798,5.0540624,BRFSS,68517,,Raw
15.989513,-2.09134,BRFSS,275815,,Raw
12.455053,2.8611763,BRFSS,23499,,Raw
16.907894,-1.794941,BRFSS,409681,,Raw
15.464351,-2.1818767,BRFSS,388547,,Raw
16.800192,-4.7808065,BRFSS,18945,,Raw
4.7344027,1.042677,BRFSS,64021,,Raw
10.274384,8.58754,BRFSS,267511,,Raw
1.0395412,1.7343162,BRFSS,426168,,Raw
8.078463,2.107119,BRFSS,253199,,Raw
6.030833,29.400274,BRFSS,227164,,Raw
3.0731003,27.67713,BRFSS,353611,,Raw
12.208387,0.6646299,NHANES,2922,Non-Hispanic Black,Raw
5.975112,29.406855,BRFSS,404001,,Raw
11.1810055,7.935117,BRFSS,365622,,Raw
13.892694,7.6987357,BRFSS,324907,,Raw
6.893613,5.164256,BRFSS,355744,,Raw
16.75112,0.72342044,BRFSS,145721,,Raw
1.5829254,3.8117058,BRFSS,151767,,Raw
15.763396,1.2660632,BRFSS,152241,,Raw
2.979103,6.935916,BRFSS,404143,,Raw
5.274089,2.9143138,BRFSS,92037,,Raw
11.48416,9.32593,BRFSS,147072,,Raw
16.157843,5.523922,BRFSS,200375,,Raw
13.370211,8.323089,BRFSS,446438,,Raw
16.453001,-0.61186934,BRFSS,81948,,Raw
11.236724,9.173182,BRFSS,224148,,Raw
3.6591618,7.415846,BRFSS,102471,,Raw
7.2091007,1.2715476,BRFSS,411634,,Raw
4.241451,3.1235843,BRFSS,11507,,Raw
1.8514333,6.489927,BRFSS,242998,,Raw
1.9050955,-9.009426,BRFSS,76923,,Raw
4.8300843,28.711447,BRFSS,307619,,Raw
14.043062,2.1926956,BRFSS,330532,,Raw
1.0529578,1.6865455,BRFSS,115115,,Raw
2.2991943,4.2661424,BRFSS,408023,,Raw
3.4653823,7.92373,BRFSS,84177,,Raw
14.733726,-3.8083863,BRFSS,354766,,Raw
14.846811,0.44509992,BRFSS,432540,,Raw
3.6414824,25.373192,BRFSS,409287,,Raw
17.834053,2.9613717,BRFSS,22880,,Raw
1.963784,4.9631305,BRFSS,257107,,Raw
1.3450614,2.7598202,BRFSS,243121,,Raw
14.850694,2.9547296,BRFSS,286926,,Raw
7.958922,4.582918,BRFSS,108597,,Raw
17.927406,2.8564494,BRFSS,152896,,Raw
1.5669974,5.165829,BRFSS,268769,,Raw
6.1639843,7.0910993,BRFSS,340528,,Raw
5.600346,29.238441,BRFSS,371922,,Raw
4.8208027,1.922167,BRFSS,279675,,Raw
12.2889595,0.6808188,BRFSS,449325,,Raw
11.499417,1.0791184,BRFSS,311106,,Raw
2.7697215,6.9357123,BRFSS,97006,,Raw
17.032827,-2.4561872,BRFSS,57839,,Raw
4.8312817,-0.1419979,BRFSS,135386,,Raw
0.39346778,-0.3370368,BRFSS,189551,,Raw
11.247338,3.0594997,BRFSS,202201,,Raw
11.886068,5.995805,BRFSS,222819,,Raw
13.666246,2.1534443,BRFSS,182272,,Raw
7.0447965,0.74897134,BRFSS,30032,,Raw
3.956692,6.556978,BRFSS,350369,,Raw
2.150396,7.411676,BRFSS,65661,,Raw
4.9170585,3.6034205,BRFSS,205537,,Raw
1.0140738,4.5223074,BRFSS,180490,,Raw
11.935173,9.601534,BRFSS,84340,,Raw
15.737209,-0.3241812,BRFSS,171475,,Raw
14.589521,5.935112,BRFSS,448225,,Raw
3.5483809,-0.49748638,BRFSS,20072,,Raw
15.443071,-3.1766136,BRFSS,379078,,Raw
16.646273,-1.3565254,BRFSS,210525,,Raw
9.70392,8.898737,BRFSS,209523,,Raw
3.784681,3.3367605,BRFSS,94034,,Raw
11.731896,7.4887652,BRFSS,119628,,Raw
0.041325975,1.481282,BRFSS,78510,,Raw
17.35391,-0.4631112,BRFSS,325657,,Raw
16.615877,-3.679689,BRFSS,281629,,Raw
14.801393,-1.2992432,BRFSS,210314,,Raw
14.727752,-3.8920608,BRFSS,41755,,Raw
-0.7303335,2.079822,BRFSS,409654,,Raw
8.531415,6.017105,BRFSS,381206,,Raw
13.329041,1.377153,BRFSS,307499,,Raw
16.500162,-4.1662216,BRFSS,38854,,Raw
0.9611841,-1.1445768,BRFSS,384407,,Raw
3.4935658,5.7960896,BRFSS,174218,,Raw
2.8939419,5.6321945,BRFSS,210146,,Raw
9.139762,4.5336103,BRFSS,97945,,Raw
-3.8758066,15.148919,BRFSS,420796,,Raw
7.078128,29.124619,BRFSS,448431,,Raw
15.648069,1.2591681,BRFSS,191265,,Raw
18.00666,2.2542484,BRFSS,222266,,Raw
1.4625084,2.7246852,BRFSS,341524,,Raw
7.147695,1.9405967,BRFSS,166268,,Raw
15.390183,-0.79996324,BRFSS,105673,,Raw
8.811879,2.4341433,BRFSS,143903,,Raw
13.3388,8.105019,BRFSS,186270,,Raw
7.026915,29.171644,BRFSS,321590,,Raw
3.7757566,6.7152467,BRFSS,388914,,Raw
11.2805805,5.2267175,BRFSS,274816,,Raw
16.366535,-0.5512397,BRFSS,266108,,Raw
12.196227,5.238745,BRFSS,82302,,Raw
5.0622005,28.896284,BRFSS,162013,,Raw
9.826733,9.033334,BRFSS,125351,,Raw
10.848759,3.1832292,NHANES,4156,Non-Hispanic Black,Raw
1.1980264,4.2247443,BRFSS,254674,,Raw
