umap_x,umap_y,domain,sample_idx,protected,method
3.5942166,-6.5954933,BRFSS,403071,,MMD_NHANES
7.162954,20.09454,BRFSS,100635,,MMD_NHANES
0.6522191,0.2694915,BRFSS,448823,,MMD_NHANES
14.050186,6.338707,BRFSS,355729,,MMD_NHANES
3.0969822,-3.9926913,BRFSS,212625,,MMD_NHANES
3.5605536,3.4849951,BRFSS,369510,,MMD_NHANES
-4.9659457,-5.02243,BRFSS,320860,,MMD_NHANES
-3.729498,3.0512047,BRFSS,218127,,MMD_NHANES
3.8700745,-3.2551177,BRFSS,403216,,MMD_NHANES
-7.432046,-3.7014384,BRFSS,270021,,MMD_NHANES
-1.3745284,-0.87418944,BRFSS,13397,,MMD_NHANES
-1.308681,-0.4140619,BRFSS,111608,,MMD_NHANES
3.1120405,2.2361417,BRFSS,401164,,MMD_NHANES
-1.5740128,-11.073212,BRFSS,125595,,MMD_NHANES
-0.85905623,-9.860323,BRFSS,445059,,MMD_NHANES
7.2313595,4.4083266,BRFSS,252768,,MMD_NHANES
10.871402,0.6915539,BRFSS,337461,,MMD_NHANES
-3.0422962,-8.216125,BRFSS,427982,,MMD_NHANES
4.6439047,-4.5812693,BRFSS,266385,,MMD_NHANES
4.6714673,6.9145145,BRFSS,179373,,MMD_NHANES
0.8066416,-3.2846925,BRFSS,124277,,MMD_NHANES
-3.8332996,4.925454,BRFSS,381876,,MMD_NHANES
4.0244713,3.554256,BRFSS,179612,,MMD_NHANES
-1.6017365,21.60349,BRFSS,276549,,MMD_NHANES
-4.0975103,4.9189634,BRFSS,385556,,MMD_NHANES
8.679751,3.1039503,BRFSS,38345,,MMD_NHANES
3.5081594,1.6616775,BRFSS,59290,,MMD_NHANES
-1.0620172,22.058409,BRFSS,21132,,MMD_NHANES
9.838541,3.9620469,BRFSS,178695,,MMD_NHANES
2.3047514,1.5324368,BRFSS,146360,,MMD_NHANES
-0.018077012,1.1345599,BRFSS,87784,,MMD_NHANES
-2.064039,2.9193013,BRFSS,289086,,MMD_NHANES
3.4556031,6.036397,BRFSS,398075,,MMD_NHANES
-15.321506,6.22,BRFSS,242846,,MMD_NHANES
-2.8888378,5.7344694,BRFSS,114916,,MMD_NHANES
-2.5949736,5.2698503,BRFSS,84144,,MMD_NHANES
7.975706,5.367895,BRFSS,298938,,MMD_NHANES
5.5220776,3.42721,BRFSS,69919,,MMD_NHANES
-1.4560659,-1.3894953,BRFSS,335432,,MMD_NHANES
11.165035,3.505382,BRFSS,167392,,MMD_NHANES
-0.27420968,-0.41438523,BRFSS,304255,,MMD_NHANES
1.1773059,0.6683876,BRFSS,295807,,MMD_NHANES
10.07745,1.837825,BRFSS,27476,,MMD_NHANES
6.730807,14.04735,NHANES,7089,Mexican American,MMD_NHANES
-3.8023,2.9593773,BRFSS,66201,,MMD_NHANES
5.8462515,3.2341533,BRFSS,80069,,MMD_NHANES
4.861344,5.7942867,BRFSS,448927,,MMD_NHANES
-2.401849,-9.021958,BRFSS,326140,,MMD_NHANES
-7.880494,-2.268031,BRFSS,130362,,MMD_NHANES
4.6238227,6.9713016,BRFSS,109569,,MMD_NHANES
6.6845403,14.093904,PIMA,251,Pima Indian,MMD_NHANES
-15.339614,6.239911,BRFSS,376402,,MMD_NHANES
8.803486,3.6092062,BRFSS,351263,,MMD_NHANES
8.559025,2.6210103,BRFSS,104225,,MMD_NHANES
-7.545558,-6.493155,BRFSS,234840,,MMD_NHANES
8.144141,-1.834445,BRFSS,435830,,MMD_NHANES
13.590784,-11.191866,BRFSS,355655,,MMD_NHANES
9.345595,-2.3670444,BRFSS,72879,,MMD_NHANES
9.327836,3.3971524,BRFSS,347321,,MMD_NHANES
-6.8444653,-0.70427173,BRFSS,175649,,MMD_NHANES
-3.7310803,-7.4336424,BRFSS,128048,,MMD_NHANES
5.1375465,-3.6130216,BRFSS,33808,,MMD_NHANES
-8.515821,-2.3642766,BRFSS,52319,,MMD_NHANES
5.739695,3.3358765,BRFSS,154652,,MMD_NHANES
-14.941529,5.4009476,BRFSS,292363,,MMD_NHANES
8.504364,1.7422367,BRFSS,380223,,MMD_NHANES
-9.711798,-1.6729573,BRFSS,323446,,MMD_NHANES
14.259593,6.820301,BRFSS,425783,,MMD_NHANES
4.544621,-3.705629,BRFSS,243395,,MMD_NHANES
-7.101527,-6.2356224,BRFSS,218868,,MMD_NHANES
11.146321,-0.03875728,BRFSS,246106,,MMD_NHANES
10.637938,3.4543927,BRFSS,368750,,MMD_NHANES
13.702669,-11.303885,BRFSS,64079,,MMD_NHANES
9.076217,-0.7041984,BRFSS,72505,,MMD_NHANES
-6.852506,-0.7154895,BRFSS,127139,,MMD_NHANES
4.85609,2.5140471,BRFSS,407609,,MMD_NHANES
10.753572,3.3836865,BRFSS,204687,,MMD_NHANES
-1.607287,-9.772623,BRFSS,147154,,MMD_NHANES
1.1296808,0.48438358,BRFSS,383103,,MMD_NHANES
1.2212871,0.87475234,BRFSS,98870,,MMD_NHANES
3.072738,4.3575387,BRFSS,326177,,MMD_NHANES
3.4379282,-5.674684,BRFSS,41236,,MMD_NHANES
11.408593,0.32963786,BRFSS,257725,,MMD_NHANES
-4.9155965,-5.0387774,BRFSS,49374,,MMD_NHANES
8.505405,-2.931014,BRFSS,70195,,MMD_NHANES
-0.7923312,0.055753376,BRFSS,329120,,MMD_NHANES
2.2521837,2.7364168,BRFSS,257831,,MMD_NHANES
10.083469,0.88897747,BRFSS,446567,,MMD_NHANES
14.341267,7.3240085,BRFSS,62267,,MMD_NHANES
6.738842,3.391934,BRFSS,294376,,MMD_NHANES
6.59821,14.1804,NHANES,3999,Non-Hispanic Black,MMD_NHANES
1.8030089,4.703164,BRFSS,336301,,MMD_NHANES
4.5439215,6.794769,BRFSS,302999,,MMD_NHANES
8.22627,-3.091808,BRFSS,29353,,MMD_NHANES
4.4299774,7.155347,BRFSS,420811,,MMD_NHANES
-7.5739756,-2.3600426,BRFSS,17459,,MMD_NHANES
9.3694935,3.9713871,BRFSS,158482,,MMD_NHANES
2.7970502,6.3381066,BRFSS,416149,,MMD_NHANES
11.525984,0.4997214,BRFSS,205322,,MMD_NHANES
3.5995154,-3.9614108,BRFSS,366035,,MMD_NHANES
-0.8570347,-0.44076285,BRFSS,252643,,MMD_NHANES
5.6515236,-3.8069398,BRFSS,270784,,MMD_NHANES
8.450163,2.1736202,BRFSS,176866,,MMD_NHANES
9.377862,2.3448572,BRFSS,47678,,MMD_NHANES
-3.8143547,-7.3583913,BRFSS,156855,,MMD_NHANES
3.0676453,3.421815,BRFSS,306832,,MMD_NHANES
-5.497608,-5.3931704,BRFSS,287345,,MMD_NHANES
11.257803,1.1302587,BRFSS,290916,,MMD_NHANES
11.607489,0.045466978,BRFSS,261939,,MMD_NHANES
-1.159758,-0.3303456,BRFSS,448419,,MMD_NHANES
3.4085884,-3.3264823,BRFSS,180645,,MMD_NHANES
-4.77877,5.337793,BRFSS,21931,,MMD_NHANES
-15.028056,5.5726743,BRFSS,111539,,MMD_NHANES
-7.8481803,-2.256555,BRFSS,287741,,MMD_NHANES
-0.7021035,0.37478825,BRFSS,307572,,MMD_NHANES
-7.5104713,-6.4668503,BRFSS,84201,,MMD_NHANES
2.9529214,3.7476385,BRFSS,379352,,MMD_NHANES
-0.7659135,-10.221375,BRFSS,432023,,MMD_NHANES
2.0438457,-3.9018745,BRFSS,327837,,MMD_NHANES
13.684289,-11.285622,BRFSS,48475,,MMD_NHANES
5.7044024,-3.2953982,BRFSS,14419,,MMD_NHANES
-2.3027878,3.046893,BRFSS,348032,,MMD_NHANES
4.632848,7.218762,BRFSS,126749,,MMD_NHANES
9.527176,-0.37744516,BRFSS,13591,,MMD_NHANES
4.4694166,-3.9857152,BRFSS,229598,,MMD_NHANES
11.585747,0.06799024,BRFSS,180897,,MMD_NHANES
5.8022647,3.2647913,BRFSS,40790,,MMD_NHANES
10.080087,1.8579203,BRFSS,80422,,MMD_NHANES
2.7981324,-4.7999525,BRFSS,11204,,MMD_NHANES
2.6191275,1.401509,BRFSS,240785,,MMD_NHANES
14.34428,7.327657,BRFSS,277975,,MMD_NHANES
1.0170286,3.6668003,BRFSS,44848,,MMD_NHANES
5.2106194,-4.435497,BRFSS,127116,,MMD_NHANES
11.236186,3.0378208,BRFSS,284597,,MMD_NHANES
9.25615,3.3762684,BRFSS,415537,,MMD_NHANES
11.172161,3.485521,BRFSS,412896,,MMD_NHANES
5.6605268,-3.402639,BRFSS,307094,,MMD_NHANES
8.742529,0.6269512,BRFSS,265210,,MMD_NHANES
10.310875,-0.49431843,BRFSS,382770,,MMD_NHANES
-1.5351264,-11.105468,BRFSS,125767,,MMD_NHANES
-6.775746,-5.1762404,BRFSS,134084,,MMD_NHANES
-1.5039037,-11.117498,BRFSS,289116,,MMD_NHANES
-2.671356,3.250478,BRFSS,67989,,MMD_NHANES
3.114055,-4.043752,BRFSS,210910,,MMD_NHANES
11.667014,-0.14193568,BRFSS,57595,,MMD_NHANES
-1.5649676,21.696785,BRFSS,276285,,MMD_NHANES
3.6848388,3.9033494,BRFSS,283182,,MMD_NHANES
-3.0241463,3.478478,BRFSS,394863,,MMD_NHANES
0.5017521,2.664809,BRFSS,293670,,MMD_NHANES
1.2291849,1.8028947,BRFSS,286016,,MMD_NHANES
11.526629,-14.395048,BRFSS,305279,,MMD_NHANES
-5.6037364,-6.3666835,BRFSS,179977,,MMD_NHANES
3.6378684,-2.7513711,BRFSS,382277,,MMD_NHANES
-2.46582,-8.993491,BRFSS,333867,,MMD_NHANES
-0.2781,-0.50958157,BRFSS,302131,,MMD_NHANES
3.7525473,3.3075335,BRFSS,180280,,MMD_NHANES
-8.111931,-6.710148,BRFSS,307509,,MMD_NHANES
-7.4831333,-6.4515705,BRFSS,192993,,MMD_NHANES
5.135016,-6.3859563,BRFSS,141524,,MMD_NHANES
-7.457049,-3.677794,BRFSS,120925,,MMD_NHANES
5.8381295,-3.4476273,BRFSS,104633,,MMD_NHANES
9.581274,1.8481908,BRFSS,166228,,MMD_NHANES
5.0311275,2.3283334,BRFSS,16909,,MMD_NHANES
-2.4335055,-8.983013,BRFSS,348460,,MMD_NHANES
11.018171,3.5734677,BRFSS,199719,,MMD_NHANES
-7.00313,-5.0006137,BRFSS,445426,,MMD_NHANES
-4.836287,2.0374043,BRFSS,131895,,MMD_NHANES
14.349258,7.3109546,BRFSS,367520,,MMD_NHANES
1.4399362,3.861005,BRFSS,82985,,MMD_NHANES
3.6115375,2.0705643,BRFSS,270540,,MMD_NHANES
7.0087485,20.168343,BRFSS,59720,,MMD_NHANES
-3.4887793,3.2787046,BRFSS,289527,,MMD_NHANES
7.013167,20.166122,BRFSS,157570,,MMD_NHANES
-1.621754,20.07401,BRFSS,394830,,MMD_NHANES
-1.8423,-10.5892515,BRFSS,218691,,MMD_NHANES
-1.0455033,-1.0746857,BRFSS,317467,,MMD_NHANES
3.3414974,-7.5434785,BRFSS,102912,,MMD_NHANES
0.7828597,-3.2598064,BRFSS,156572,,MMD_NHANES
5.465219,-4.512504,BRFSS,75205,,MMD_NHANES
11.543166,0.16957866,BRFSS,301840,,MMD_NHANES
9.354108,-2.3418474,BRFSS,366731,,MMD_NHANES
10.978611,3.6229737,BRFSS,318302,,MMD_NHANES
-9.340625,-2.3193102,BRFSS,112719,,MMD_NHANES
11.429254,-2.915007,BRFSS,334910,,MMD_NHANES
4.676719,-4.85819,BRFSS,137865,,MMD_NHANES
-7.569737,-2.3675818,BRFSS,11351,,MMD_NHANES
11.228143,3.021488,BRFSS,182055,,MMD_NHANES
-0.69413316,-10.544205,BRFSS,397024,,MMD_NHANES
3.3907678,5.1294203,BRFSS,407359,,MMD_NHANES
-6.730669,-5.804754,BRFSS,48162,,MMD_NHANES
4.4325476,8.275999,BRFSS,196540,,MMD_NHANES
2.4509113,3.2117157,BRFSS,190103,,MMD_NHANES
-7.564006,-6.4978023,BRFSS,14162,,MMD_NHANES
-3.077184,3.546628,BRFSS,139035,,MMD_NHANES
-9.302266,-2.114758,BRFSS,349405,,MMD_NHANES
-1.460887,-1.3899606,NHANES,6908,Non-Hispanic White,MMD_NHANES
3.1018603,-6.871581,BRFSS,130704,,MMD_NHANES
13.5994215,-11.200634,BRFSS,185966,,MMD_NHANES
4.0521684,8.310145,BRFSS,427369,,MMD_NHANES
-2.0477614,-9.783909,BRFSS,301712,,MMD_NHANES
-0.70465577,0.26753184,BRFSS,192839,,MMD_NHANES
8.519095,3.9729176,BRFSS,47248,,MMD_NHANES
-2.8346684,3.3436627,BRFSS,282608,,MMD_NHANES
-4.971669,-4.300644,BRFSS,436012,,MMD_NHANES
-1.6230837,20.05899,BRFSS,188901,,MMD_NHANES
-4.3551803,5.12481,BRFSS,24553,,MMD_NHANES
-3.0949008,4.0313225,BRFSS,35353,,MMD_NHANES
4.696182,-6.112901,BRFSS,14154,,MMD_NHANES
1.758724,4.668951,BRFSS,42990,,MMD_NHANES
0.74090236,1.1279913,BRFSS,392057,,MMD_NHANES
-6.232102,-3.4912946,BRFSS,73389,,MMD_NHANES
-2.6959083,5.4661603,BRFSS,441463,,MMD_NHANES
3.0316477,-8.114475,BRFSS,154847,,MMD_NHANES
-2.4083667,6.1019692,BRFSS,409504,,MMD_NHANES
10.026783,3.5508294,BRFSS,175870,,MMD_NHANES
-6.635274,-5.874439,BRFSS,164683,,MMD_NHANES
4.228225,3.8203592,BRFSS,389317,,MMD_NHANES
3.2998993,-3.1309395,BRFSS,229744,,MMD_NHANES
7.545145,4.5073323,BRFSS,48916,,MMD_NHANES
2.9273837,-8.12444,BRFSS,433329,,MMD_NHANES
7.850177,19.772715,BRFSS,289556,,MMD_NHANES
7.9354835,4.6752577,BRFSS,116931,,MMD_NHANES
5.060887,5.6311755,BRFSS,49171,,MMD_NHANES
3.000548,6.3608503,BRFSS,300665,,MMD_NHANES
-7.6326036,-3.4002457,BRFSS,319941,,MMD_NHANES
3.940417,-3.38107,BRFSS,20159,,MMD_NHANES
8.287103,4.15698,BRFSS,287473,,MMD_NHANES
-1.867897,-10.595677,BRFSS,186765,,MMD_NHANES
-1.6187893,20.876223,BRFSS,74964,,MMD_NHANES
7.0780497,20.139936,BRFSS,88587,,MMD_NHANES
11.5062275,-2.94049,BRFSS,85167,,MMD_NHANES
-4.881442,2.336792,BRFSS,196650,,MMD_NHANES
4.76081,5.577273,BRFSS,365924,,MMD_NHANES
-2.3804457,6.1270657,BRFSS,352630,,MMD_NHANES
-15.258413,6.063211,BRFSS,55587,,MMD_NHANES
7.7784047,-2.0885372,BRFSS,90623,,MMD_NHANES
11.085071,3.7510939,BRFSS,399311,,MMD_NHANES
5.5784616,-3.564151,BRFSS,427001,,MMD_NHANES
4.8763103,2.4425652,BRFSS,255167,,MMD_NHANES
3.7260408,3.8543289,BRFSS,149036,,MMD_NHANES
-2.9452746,5.6797233,BRFSS,282541,,MMD_NHANES
-7.9059896,-3.1835306,BRFSS,117298,,MMD_NHANES
10.337774,0.86959654,BRFSS,378604,,MMD_NHANES
1.8712296,4.8546686,BRFSS,246908,,MMD_NHANES
11.475922,0.23897223,BRFSS,143361,,MMD_NHANES
-1.4204884,-0.58080786,BRFSS,225998,,MMD_NHANES
-2.2666724,-9.376136,BRFSS,196684,,MMD_NHANES
8.461984,-1.5692497,BRFSS,332360,,MMD_NHANES
2.8688478,-8.076522,BRFSS,227617,,MMD_NHANES
8.195397,3.5724297,BRFSS,211644,,MMD_NHANES
-1.8749624,-10.57649,BRFSS,412618,,MMD_NHANES
-2.7787137,3.3029144,BRFSS,153996,,MMD_NHANES
-1.6615419,21.42006,BRFSS,231252,,MMD_NHANES
8.568546,19.192898,BRFSS,20022,,MMD_NHANES
10.44894,1.7587221,BRFSS,359822,,MMD_NHANES
3.6876493,5.1928344,BRFSS,64077,,MMD_NHANES
-7.374638,-3.2747016,BRFSS,149008,,MMD_NHANES
-1.5104855,21.762863,BRFSS,123918,,MMD_NHANES
-8.174969,-1.9017373,BRFSS,81546,,MMD_NHANES
0.8227306,3.2920463,BRFSS,437700,,MMD_NHANES
3.5837958,6.0185027,BRFSS,368005,,MMD_NHANES
2.6161835,1.1635733,BRFSS,30241,,MMD_NHANES
3.0463934,3.8878558,BRFSS,289892,,MMD_NHANES
-5.3529396,-6.5172734,BRFSS,181053,,MMD_NHANES
-1.6259267,20.063564,BRFSS,209513,,MMD_NHANES
-2.1213396,-9.467427,BRFSS,120916,,MMD_NHANES
2.897359,6.4610643,BRFSS,253782,,MMD_NHANES
9.88054,0.8483659,BRFSS,147079,,MMD_NHANES
1.863022,-3.8117113,BRFSS,172027,,MMD_NHANES
8.565731,19.195484,BRFSS,409434,,MMD_NHANES
4.5221906,-6.116428,BRFSS,68664,,MMD_NHANES
5.1407337,-3.5946753,BRFSS,157438,,MMD_NHANES
-15.355843,6.2560515,BRFSS,327606,,MMD_NHANES
9.380582,-0.29975754,BRFSS,326829,,MMD_NHANES
4.207407,-4.3949637,BRFSS,101294,,MMD_NHANES
-5.674199,-4.836023,BRFSS,84241,,MMD_NHANES
5.579659,4.4519725,BRFSS,34308,,MMD_NHANES
9.385173,-8.648325,BRFSS,333695,,MMD_NHANES
-4.975988,-5.005522,BRFSS,402468,,MMD_NHANES
5.383652,-6.1853547,BRFSS,208207,,MMD_NHANES
11.668563,-14.531746,BRFSS,357599,,MMD_NHANES
0.653493,0.44860223,BRFSS,293583,,MMD_NHANES
1.2517271,0.9618147,BRFSS,23980,,MMD_NHANES
4.1151595,8.294112,BRFSS,178613,,MMD_NHANES
1.4686402,3.4688783,BRFSS,321046,,MMD_NHANES
-2.6465716,5.2223353,BRFSS,310555,,MMD_NHANES
9.330581,-0.27857432,BRFSS,112357,,MMD_NHANES
-9.336126,-2.307722,BRFSS,415049,,MMD_NHANES
-8.406286,-2.4744122,NHANES,2305,Non-Hispanic Black,MMD_NHANES
-0.6031679,-0.6057384,BRFSS,368878,,MMD_NHANES
-4.031785,2.7132354,BRFSS,239148,,MMD_NHANES
0.8441878,-3.3164003,BRFSS,233565,,MMD_NHANES
9.400206,3.4645538,BRFSS,418488,,MMD_NHANES
3.229398,1.410664,BRFSS,279046,,MMD_NHANES
1.6125367,3.9368854,BRFSS,38838,,MMD_NHANES
-8.157899,-2.6476638,BRFSS,314356,,MMD_NHANES
2.680749,3.1691196,BRFSS,367963,,MMD_NHANES
13.684682,-11.285837,BRFSS,186563,,MMD_NHANES
5.620577,4.404393,BRFSS,267804,,MMD_NHANES
3.6916065,-4.9301386,BRFSS,217258,,MMD_NHANES
10.741213,1.6142666,BRFSS,439673,,MMD_NHANES
8.975756,-0.6270541,BRFSS,197594,,MMD_NHANES
6.650007,3.9661996,BRFSS,200848,,MMD_NHANES
7.37719,-5.0845146,BRFSS,390727,,MMD_NHANES
0.8211054,2.5208716,BRFSS,76317,,MMD_NHANES
4.5972443,5.8915505,BRFSS,406521,,MMD_NHANES
-2.9849901,3.9874156,BRFSS,66094,,MMD_NHANES
-2.5093632,-8.875112,BRFSS,120166,,MMD_NHANES
-3.4374468,-7.6508136,BRFSS,389433,,MMD_NHANES
7.4077854,-5.0893793,BRFSS,339914,,MMD_NHANES
3.578762,-5.9937224,BRFSS,162908,,MMD_NHANES
4.4621863,-6.0479326,BRFSS,248943,,MMD_NHANES
-7.0584736,-2.6316836,BRFSS,377603,,MMD_NHANES
-1.3766683,-0.90204525,NHANES,2342,Non-Hispanic Asian,MMD_NHANES
-3.2703688,-7.8057823,BRFSS,184102,,MMD_NHANES
4.8114104,2.3321757,BRFSS,373082,,MMD_NHANES
11.238285,3.0123615,BRFSS,432408,,MMD_NHANES
-5.3882775,-3.7118165,BRFSS,320796,,MMD_NHANES
7.2669964,4.4451795,BRFSS,76467,,MMD_NHANES
-2.628814,5.2489104,BRFSS,69134,,MMD_NHANES
1.2624714,0.5487619,NHANES,2829,Non-Hispanic Black,MMD_NHANES
4.464672,-3.407662,BRFSS,427660,,MMD_NHANES
3.603775,-2.7081745,BRFSS,231035,,MMD_NHANES
-2.7745614,5.3128557,BRFSS,221095,,MMD_NHANES
9.400726,-8.663963,BRFSS,146627,,MMD_NHANES
11.715898,-0.18483901,BRFSS,46796,,MMD_NHANES
-0.93176275,-0.94042635,BRFSS,359589,,MMD_NHANES
8.595941,-2.8157284,BRFSS,112336,,MMD_NHANES
6.368397,4.483824,BRFSS,130953,,MMD_NHANES
5.935587,3.4272127,BRFSS,49146,,MMD_NHANES
1.8403772,1.0399296,BRFSS,436189,,MMD_NHANES
9.714686,2.6957865,BRFSS,156384,,MMD_NHANES
-5.3488297,-5.4432125,BRFSS,25108,,MMD_NHANES
3.1638975,1.2914608,BRFSS,186317,,MMD_NHANES
-15.355275,6.2570786,BRFSS,225113,,MMD_NHANES
-4.414197,-7.0189304,BRFSS,246022,,MMD_NHANES
9.905487,3.5617042,BRFSS,228004,,MMD_NHANES
-6.7279153,-5.5025177,BRFSS,300808,,MMD_NHANES
3.4234838,2.3807373,BRFSS,391298,,MMD_NHANES
-6.9100466,-3.196855,BRFSS,256842,,MMD_NHANES
2.7585418,1.2777079,BRFSS,173415,,MMD_NHANES
4.537021,-5.7708545,BRFSS,33379,,MMD_NHANES
-4.3316565,4.6081095,BRFSS,320830,,MMD_NHANES
-7.0882325,-4.667555,BRFSS,367893,,MMD_NHANES
3.6356425,-2.77598,BRFSS,320366,,MMD_NHANES
4.770635,-5.2238336,BRFSS,175966,,MMD_NHANES
-7.242842,-4.01005,BRFSS,317759,,MMD_NHANES
-1.3808483,-0.83070153,BRFSS,306389,,MMD_NHANES
-4.7606125,1.9350108,BRFSS,236236,,MMD_NHANES
3.7086813,5.162959,BRFSS,381870,,MMD_NHANES
-3.6187263,4.392273,BRFSS,74247,,MMD_NHANES
4.528676,-5.350482,BRFSS,130554,,MMD_NHANES
-1.9327998,-9.663167,BRFSS,218252,,MMD_NHANES
5.7449,3.293841,BRFSS,245484,,MMD_NHANES
2.9961884,-5.425078,BRFSS,289257,,MMD_NHANES
2.9988322,-8.198446,BRFSS,297071,,MMD_NHANES
-6.6893845,-3.0919302,BRFSS,269620,,MMD_NHANES
-6.000154,-3.3608818,BRFSS,125599,,MMD_NHANES
11.278292,-2.7509477,BRFSS,189425,,MMD_NHANES
8.037583,19.638859,BRFSS,216763,,MMD_NHANES
-0.5929284,0.808533,BRFSS,111131,,MMD_NHANES
1.8693967,2.0035014,BRFSS,275157,,MMD_NHANES
1.4151374,-3.6271355,BRFSS,107963,,MMD_NHANES
13.635838,-11.236901,BRFSS,115805,,MMD_NHANES
10.924821,1.9196708,BRFSS,250450,,MMD_NHANES
-2.4411094,-9.040727,BRFSS,416133,,MMD_NHANES
9.854897,-0.8017469,BRFSS,287020,,MMD_NHANES
-7.5216103,-2.7909777,BRFSS,91736,,MMD_NHANES
-6.876082,-5.3688827,BRFSS,132673,,MMD_NHANES
8.422793,-1.6034853,BRFSS,449347,,MMD_NHANES
9.000277,1.9042293,BRFSS,262443,,MMD_NHANES
8.5955715,1.0413774,BRFSS,267847,,MMD_NHANES
7.475546,3.5598533,NHANES,7357,Non-Hispanic White,MMD_NHANES
-2.3280284,3.0587223,BRFSS,282263,,MMD_NHANES
4.9059706,5.4294624,BRFSS,160129,,MMD_NHANES
7.9833856,4.8872724,BRFSS,176907,,MMD_NHANES
3.2586703,5.0630407,BRFSS,429015,,MMD_NHANES
7.719936,19.866745,BRFSS,52156,,MMD_NHANES
9.390755,-0.75010264,BRFSS,186551,,MMD_NHANES
3.3167953,3.9059954,BRFSS,58925,,MMD_NHANES
-5.0192027,14.836157,BRFSS,415468,,MMD_NHANES
3.0367813,6.369006,BRFSS,71073,,MMD_NHANES
4.148905,3.3920832,BRFSS,98962,,MMD_NHANES
5.1178684,-3.7446122,BRFSS,96622,,MMD_NHANES
11.106982,2.3013337,BRFSS,336676,,MMD_NHANES
-15.052943,5.599064,BRFSS,345788,,MMD_NHANES
6.1193724,-3.1892526,BRFSS,327526,,MMD_NHANES
8.15819,19.547668,BRFSS,360658,,MMD_NHANES
8.971524,-1.1482058,BRFSS,338720,,MMD_NHANES
-4.016789,2.727355,BRFSS,148546,,MMD_NHANES
3.3500643,-7.477704,BRFSS,322842,,MMD_NHANES
1.2402027,0.8361475,BRFSS,20404,,MMD_NHANES
0.77000386,3.1814783,BRFSS,106649,,MMD_NHANES
3.5991862,3.4513235,BRFSS,276283,,MMD_NHANES
3.399389,-5.99372,BRFSS,262049,,MMD_NHANES
3.18202,6.077343,BRFSS,241255,,MMD_NHANES
8.333798,4.5993423,BRFSS,68696,,MMD_NHANES
4.930246,8.069258,BRFSS,13812,,MMD_NHANES
-5.864508,-4.3650665,BRFSS,314837,,MMD_NHANES
4.1246886,5.1856236,BRFSS,132641,,MMD_NHANES
-0.71037865,-10.668825,BRFSS,275044,,MMD_NHANES
3.3201883,1.4989773,BRFSS,405114,,MMD_NHANES
8.50318,-1.5319576,BRFSS,360703,,MMD_NHANES
11.483614,0.25819924,BRFSS,195546,,MMD_NHANES
-7.5651402,-2.9032311,BRFSS,184105,,MMD_NHANES
-0.8334855,-11.066897,BRFSS,417859,,MMD_NHANES
-1.4541608,21.823101,BRFSS,220722,,MMD_NHANES
11.452301,-2.934319,BRFSS,106960,,MMD_NHANES
1.1925634,2.953358,BRFSS,395189,,MMD_NHANES
4.4576216,-5.4956613,BRFSS,348911,,MMD_NHANES
-2.3466566,3.0667083,BRFSS,341717,,MMD_NHANES
-3.7509162,3.0283813,BRFSS,54172,,MMD_NHANES
-1.5005833,-0.76738125,BRFSS,189797,,MMD_NHANES
-4.9435,5.4102516,BRFSS,46151,,MMD_NHANES
13.645045,-11.246067,BRFSS,289395,,MMD_NHANES
7.9747524,5.005511,BRFSS,224098,,MMD_NHANES
-7.4436765,-3.7281404,BRFSS,195734,,MMD_NHANES
11.3089075,-2.8967116,BRFSS,229558,,MMD_NHANES
7.36772,-5.0730114,BRFSS,279513,,MMD_NHANES
10.026843,2.5660145,BRFSS,319014,,MMD_NHANES
-5.528888,-5.845248,BRFSS,337970,,MMD_NHANES
8.513897,3.3694723,BRFSS,69055,,MMD_NHANES
3.3093853,4.958117,BRFSS,140178,,MMD_NHANES
2.3878782,3.58345,BRFSS,334280,,MMD_NHANES
10.366939,-0.4875613,BRFSS,356555,,MMD_NHANES
7.850702,3.9607008,BRFSS,107738,,MMD_NHANES
-3.229292,3.9894085,BRFSS,412625,,MMD_NHANES
-6.3457074,-4.4116263,BRFSS,21806,,MMD_NHANES
-3.86516,-7.31492,BRFSS,48898,,MMD_NHANES
-6.881987,-4.5606017,BRFSS,209220,,MMD_NHANES
-1.5812273,20.006344,BRFSS,190015,,MMD_NHANES
0.06244915,1.1530645,BRFSS,442615,,MMD_NHANES
-2.8690045,-8.212453,BRFSS,278375,,MMD_NHANES
6.5885625,4.36252,BRFSS,138000,,MMD_NHANES
4.3982487,6.618595,BRFSS,13914,,MMD_NHANES
-4.6064696,1.994269,BRFSS,397932,,MMD_NHANES
9.231727,3.3780093,BRFSS,275735,,MMD_NHANES
0.8470842,1.6266612,BRFSS,34699,,MMD_NHANES
-0.7119236,-10.640681,BRFSS,85411,,MMD_NHANES
-6.7125015,-5.831803,BRFSS,257018,,MMD_NHANES
-4.9471197,14.907252,BRFSS,181280,,MMD_NHANES
-6.539508,-2.9641335,BRFSS,61461,,MMD_NHANES
1.2917616,-3.57174,BRFSS,375072,,MMD_NHANES
-0.14869377,-0.45831856,BRFSS,331660,,MMD_NHANES
-3.7944999,4.678657,BRFSS,284542,,MMD_NHANES
11.3148365,-14.187355,BRFSS,285595,,MMD_NHANES
-2.302549,3.0420768,BRFSS,51379,,MMD_NHANES
-2.350282,3.0699246,BRFSS,215531,,MMD_NHANES
-8.316938,-2.1483307,BRFSS,179606,,MMD_NHANES
11.493974,-2.9315233,BRFSS,437744,,MMD_NHANES
-15.319784,6.2088127,BRFSS,120262,,MMD_NHANES
0.82465386,-3.3011732,BRFSS,62666,,MMD_NHANES
-6.8209386,-2.7332432,BRFSS,445319,,MMD_NHANES
1.1475557,0.53452307,BRFSS,112899,,MMD_NHANES
-7.3784585,-2.7045913,BRFSS,136215,,MMD_NHANES
8.5771475,1.691224,BRFSS,439115,,MMD_NHANES
-1.0627666,22.058056,BRFSS,341839,,MMD_NHANES
9.436775,-0.7607039,BRFSS,216786,,MMD_NHANES
4.529435,-3.6735637,BRFSS,162476,,MMD_NHANES
-5.239109,-4.297227,BRFSS,311928,,MMD_NHANES
8.418081,-2.1708663,BRFSS,344872,,MMD_NHANES
8.060021,5.588665,BRFSS,110505,,MMD_NHANES
9.893209,3.5539489,BRFSS,343146,,MMD_NHANES
8.439148,3.3043244,BRFSS,388221,,MMD_NHANES
3.0043745,5.357515,BRFSS,347462,,MMD_NHANES
3.5197394,2.24307,BRFSS,41209,,MMD_NHANES
-2.8097312,-8.51327,BRFSS,411778,,MMD_NHANES
-0.86130553,-9.847736,BRFSS,226012,,MMD_NHANES
-3.0166206,4.0304403,BRFSS,164545,,MMD_NHANES
9.3713665,2.332639,BRFSS,194221,,MMD_NHANES
8.909976,0.13950737,BRFSS,366227,,MMD_NHANES
-3.0625298,4.9965363,BRFSS,414972,,MMD_NHANES
3.93167,3.631312,NHANES,6125,Other Hispanic,MMD_NHANES
1.5357057,3.2939143,BRFSS,444751,,MMD_NHANES
-1.9627813,-9.691136,BRFSS,385394,,MMD_NHANES
-4.580317,2.0036213,BRFSS,90601,,MMD_NHANES
5.4445066,4.6109567,BRFSS,188951,,MMD_NHANES
2.696725,2.8701584,BRFSS,430857,,MMD_NHANES
6.459771,14.31774,NHANES,3165,Non-Hispanic Asian,MMD_NHANES
-7.640888,-2.4518552,BRFSS,186528,,MMD_NHANES
-5.8574166,-5.3143516,BRFSS,402140,,MMD_NHANES
2.6391346,1.3658773,BRFSS,294697,,MMD_NHANES
4.507573,7.5065117,BRFSS,107965,,MMD_NHANES
5.0420976,2.3244328,BRFSS,399233,,MMD_NHANES
3.11492,2.473884,BRFSS,137321,,MMD_NHANES
6.144422,3.8407178,BRFSS,105653,,MMD_NHANES
8.206917,19.507393,BRFSS,40558,,MMD_NHANES
3.0804987,2.5792544,BRFSS,361557,,MMD_NHANES
11.728229,-14.589862,BRFSS,68247,,MMD_NHANES
10.615167,-0.35215163,BRFSS,190983,,MMD_NHANES
3.6284256,-2.726647,BRFSS,108096,,MMD_NHANES
4.1478577,3.3988633,BRFSS,68679,,MMD_NHANES
-8.298074,-1.3058825,BRFSS,260661,,MMD_NHANES
0.9730756,0.75306094,BRFSS,330480,,MMD_NHANES
4.5973616,5.280356,NHANES,7764,Non-Hispanic White,MMD_NHANES
8.657487,2.0484092,BRFSS,229707,,MMD_NHANES
7.9077134,-1.999788,BRFSS,77631,,MMD_NHANES
2.080113,4.784218,BRFSS,103645,,MMD_NHANES
8.259422,3.5972273,BRFSS,92467,,MMD_NHANES
-5.0419836,-4.2566037,BRFSS,350841,,MMD_NHANES
13.68031,-11.281412,BRFSS,266583,,MMD_NHANES
3.1392443,-4.0077753,BRFSS,209190,,MMD_NHANES
-3.2507627,5.4896693,BRFSS,338685,,MMD_NHANES
-2.8866122,4.8496494,BRFSS,349415,,MMD_NHANES
1.6523131,2.0532343,BRFSS,160727,,MMD_NHANES
10.360411,2.0691009,BRFSS,313346,,MMD_NHANES
3.2418728,3.9728248,BRFSS,335565,,MMD_NHANES
-4.841439,-5.4358406,BRFSS,144833,,MMD_NHANES
3.5961568,1.9735084,BRFSS,411132,,MMD_NHANES
4.5518913,-3.7250721,BRFSS,434744,,MMD_NHANES
4.5341325,-5.979555,BRFSS,282958,,MMD_NHANES
-3.0458148,3.4010482,BRFSS,347891,,MMD_NHANES
9.081337,3.8257017,BRFSS,385920,,MMD_NHANES
3.7241533,-2.9231205,BRFSS,227753,,MMD_NHANES
9.371,0.9885023,BRFSS,238576,,MMD_NHANES
9.390829,1.8758626,BRFSS,337893,,MMD_NHANES
-1.4395652,-1.3922949,BRFSS,316672,,MMD_NHANES
-2.9859607,4.654385,BRFSS,363970,,MMD_NHANES
6.454456,20.198988,BRFSS,55581,,MMD_NHANES
8.167276,-2.234762,NHANES,8355,Other Hispanic,MMD_NHANES
4.5509768,7.8681564,BRFSS,354597,,MMD_NHANES
4.467393,4.4800725,BRFSS,204561,,MMD_NHANES
-4.9392457,5.4114966,BRFSS,362945,,MMD_NHANES
13.596327,-11.197319,BRFSS,49288,,MMD_NHANES
7.5314703,-5.1116004,BRFSS,236433,,MMD_NHANES
-7.0059776,-6.1723633,BRFSS,269300,,MMD_NHANES
-4.325838,-7.0185103,BRFSS,18111,,MMD_NHANES
8.9203205,-1.2760627,BRFSS,221347,,MMD_NHANES
3.3413033,-3.1628523,BRFSS,173740,,MMD_NHANES
3.0603838,2.6588054,BRFSS,138895,,MMD_NHANES
10.223361,-0.5027883,BRFSS,23282,,MMD_NHANES
-3.0065405,3.3976862,BRFSS,432702,,MMD_NHANES
11.3113165,-2.9005535,BRFSS,363257,,MMD_NHANES
1.147488,0.47233132,BRFSS,79914,,MMD_NHANES
0.76613337,1.4181144,BRFSS,249507,,MMD_NHANES
-6.660107,-3.7005987,BRFSS,304058,,MMD_NHANES
-4.9708314,-4.3007464,BRFSS,338495,,MMD_NHANES
-15.330294,6.222958,BRFSS,245922,,MMD_NHANES
-9.619119,-1.7722095,BRFSS,186050,,MMD_NHANES
0.95368063,-3.3819053,BRFSS,413433,,MMD_NHANES
8.483387,3.327572,BRFSS,182620,,MMD_NHANES
1.2263165,0.8076522,BRFSS,145091,,MMD_NHANES
6.40435,-3.065311,BRFSS,437300,,MMD_NHANES
-2.8154793,5.2880654,BRFSS,438138,,MMD_NHANES
-4.371281,4.5852733,BRFSS,138423,,MMD_NHANES
13.641812,-11.242786,BRFSS,57246,,MMD_NHANES
-7.001532,-4.5521984,BRFSS,181970,,MMD_NHANES
3.062673,-6.5512886,BRFSS,427956,,MMD_NHANES
2.9417431,-8.201031,BRFSS,369500,,MMD_NHANES
-14.891928,5.2733793,BRFSS,376816,,MMD_NHANES
2.6761918,3.1040137,BRFSS,211868,,MMD_NHANES
-4.673979,-5.156044,BRFSS,72706,,MMD_NHANES
-5.0182185,14.837175,BRFSS,77836,,MMD_NHANES
9.011689,4.2095275,BRFSS,266226,,MMD_NHANES
14.347426,7.3012214,BRFSS,244873,,MMD_NHANES
2.5740407,1.5744481,BRFSS,146487,,MMD_NHANES
-1.1606246,-0.9213253,BRFSS,155096,,MMD_NHANES
8.572931,19.189068,BRFSS,289426,,MMD_NHANES
2.25027,1.649956,BRFSS,118981,,MMD_NHANES
4.1638865,2.5332067,BRFSS,294218,,MMD_NHANES
1.5180095,3.3877826,BRFSS,174852,,MMD_NHANES
3.6440332,-2.7483416,BRFSS,124928,,MMD_NHANES
1.8394365,0.9457034,BRFSS,379418,,MMD_NHANES
-0.7640698,-10.238831,BRFSS,371188,,MMD_NHANES
4.8838754,7.8881207,BRFSS,447835,,MMD_NHANES
9.618756,2.722217,BRFSS,333883,,MMD_NHANES
3.4700153,-3.8586996,BRFSS,197266,,MMD_NHANES
-7.947681,-3.0919695,BRFSS,167152,,MMD_NHANES
0.86692435,2.5184577,BRFSS,21079,,MMD_NHANES
0.85889256,2.9479704,BRFSS,185661,,MMD_NHANES
-1.5971022,20.314335,BRFSS,366679,,MMD_NHANES
5.552825,-4.4009323,BRFSS,414688,,MMD_NHANES
4.4528556,-4.7790513,BRFSS,302676,,MMD_NHANES
6.8304744,-2.7354965,BRFSS,181635,,MMD_NHANES
-5.34742,-5.4547973,BRFSS,82071,,MMD_NHANES
-7.0507903,-2.864691,BRFSS,105087,,MMD_NHANES
-7.6192517,-2.4149106,BRFSS,32403,,MMD_NHANES
-3.6187382,-7.545145,BRFSS,195626,,MMD_NHANES
8.556544,2.61036,BRFSS,201744,,MMD_NHANES
8.966702,-1.1310185,BRFSS,192181,,MMD_NHANES
6.685261,14.093351,NHANES,5496,Non-Hispanic White,MMD_NHANES
-0.68128365,0.29264343,BRFSS,46734,,MMD_NHANES
-3.5385423,-7.507883,BRFSS,262532,,MMD_NHANES
2.79488,5.603585,BRFSS,232889,,MMD_NHANES
3.68705,-4.159263,NHANES,7487,Non-Hispanic Black,MMD_NHANES
9.3941965,2.3444488,BRFSS,330021,,MMD_NHANES
8.415673,1.7221712,BRFSS,195941,,MMD_NHANES
2.960507,-3.8299303,BRFSS,11192,,MMD_NHANES
4.5609345,-5.9774837,BRFSS,241990,,MMD_NHANES
7.900732,19.730095,BRFSS,299548,,MMD_NHANES
0.74524814,1.3718921,BRFSS,156154,,MMD_NHANES
6.740831,14.037953,NHANES,4765,Other Hispanic,MMD_NHANES
8.399895,3.8652482,BRFSS,436030,,MMD_NHANES
-2.2774756,3.0316136,BRFSS,161264,,MMD_NHANES
2.466374,5.642356,BRFSS,233672,,MMD_NHANES
7.142232,3.5597162,BRFSS,382173,,MMD_NHANES
7.5861106,3.6737552,BRFSS,310242,,MMD_NHANES
-2.246444,-9.232438,BRFSS,24022,,MMD_NHANES
8.149218,5.5798283,BRFSS,185361,,MMD_NHANES
8.560174,2.8896403,BRFSS,66424,,MMD_NHANES
5.8362236,-4.218826,BRFSS,136807,,MMD_NHANES
0.83890903,-3.3140175,BRFSS,78891,,MMD_NHANES
-3.1350946,5.5647154,BRFSS,369094,,MMD_NHANES
1.9164507,-3.8389618,BRFSS,361697,,MMD_NHANES
6.5866694,20.181475,BRFSS,335108,,MMD_NHANES
8.496205,1.7339007,BRFSS,207001,,MMD_NHANES
3.0315585,-6.535917,BRFSS,320787,,MMD_NHANES
3.7120674,3.874463,BRFSS,400997,,MMD_NHANES
-6.9923663,-3.3621585,BRFSS,321552,,MMD_NHANES
3.8472388,-6.385936,BRFSS,131093,,MMD_NHANES
-1.4884619,21.794075,BRFSS,170699,,MMD_NHANES
3.7409234,8.110015,BRFSS,303651,,MMD_NHANES
-1.3507571,-0.4563851,BRFSS,302181,,MMD_NHANES
-0.8593938,-9.853927,BRFSS,153912,,MMD_NHANES
13.641825,-11.242941,BRFSS,406116,,MMD_NHANES
2.9139483,-11.02701,BRFSS,315797,,MMD_NHANES
-2.572235,-8.804104,BRFSS,315710,,MMD_NHANES
10.19514,3.9417582,BRFSS,410999,,MMD_NHANES
10.593381,0.73044467,BRFSS,233176,,MMD_NHANES
-3.5456226,3.2183642,BRFSS,76892,,MMD_NHANES
4.7383018,-5.3607635,BRFSS,379019,,MMD_NHANES
5.1311784,-6.3143907,BRFSS,200001,,MMD_NHANES
-4.4147124,2.3651936,BRFSS,109071,,MMD_NHANES
-2.0736625,2.9273272,BRFSS,294863,,MMD_NHANES
-3.650708,-7.516337,NHANES,1464,Non-Hispanic Black,MMD_NHANES
8.56708,2.5981364,BRFSS,140367,,MMD_NHANES
2.6676517,5.5454936,BRFSS,447566,,MMD_NHANES
2.236676,5.533287,BRFSS,42488,,MMD_NHANES
3.8813684,-4.859106,BRFSS,255558,,MMD_NHANES
5.80818,-4.2453375,BRFSS,231884,,MMD_NHANES
0.11613638,0.90774024,BRFSS,285311,,MMD_NHANES
0.77460974,1.0924842,BRFSS,326281,,MMD_NHANES
3.152231,-4.0647564,BRFSS,79762,,MMD_NHANES
-4.704647,-5.1693873,BRFSS,398481,,MMD_NHANES
-4.8448997,2.2815325,BRFSS,333323,,MMD_NHANES
5.531883,-4.4433017,BRFSS,104819,,MMD_NHANES
2.8057404,1.2667291,BRFSS,219226,,MMD_NHANES
-5.7051134,-4.3237023,BRFSS,233799,,MMD_NHANES
-1.665172,21.42973,BRFSS,392630,,MMD_NHANES
-5.128539,-4.2310133,BRFSS,220085,,MMD_NHANES
-5.8833227,-4.3550673,BRFSS,428537,,MMD_NHANES
-9.347964,-2.3261764,BRFSS,374559,,MMD_NHANES
3.5522223,-3.9874053,BRFSS,425629,,MMD_NHANES
-5.58486,-5.9086437,BRFSS,314258,,MMD_NHANES
10.809038,3.7062101,BRFSS,285307,,MMD_NHANES
-1.548628,-11.097495,BRFSS,428356,,MMD_NHANES
-4.4953895,-6.988405,BRFSS,268877,,MMD_NHANES
2.9997418,6.35315,BRFSS,142031,,MMD_NHANES
-1.6041336,-11.039224,BRFSS,239130,,MMD_NHANES
8.141179,-2.2392645,BRFSS,74620,,MMD_NHANES
-1.5452569,-11.096123,BRFSS,392033,,MMD_NHANES
11.49735,-14.3665695,BRFSS,116368,,MMD_NHANES
0.48410338,2.8014655,BRFSS,112201,,MMD_NHANES
3.7888703,7.9847336,BRFSS,166383,,MMD_NHANES
-2.4388952,-8.975019,BRFSS,367250,,MMD_NHANES
1.7984641,-3.7865934,BRFSS,305822,,MMD_NHANES
1.3856839,3.7009797,BRFSS,148140,,MMD_NHANES
1.7666235,4.7253623,BRFSS,55397,,MMD_NHANES
-9.693299,-1.6919377,BRFSS,176258,,MMD_NHANES
9.0386095,1.2108663,BRFSS,298005,,MMD_NHANES
9.884519,-0.457426,BRFSS,266764,,MMD_NHANES
7.249192,4.4378324,BRFSS,191063,,MMD_NHANES
2.91127,6.559054,NHANES,3432,Non-Hispanic White,MMD_NHANES
3.0713594,3.2597432,BRFSS,191984,,MMD_NHANES
11.293886,-2.909419,BRFSS,424507,,MMD_NHANES
6.5850334,4.3405824,BRFSS,141303,,MMD_NHANES
10.170986,2.5060863,BRFSS,76029,,MMD_NHANES
-3.2101107,3.6343932,BRFSS,151083,,MMD_NHANES
-1.522919,21.756475,BRFSS,405180,,MMD_NHANES
-2.678073,5.5209703,BRFSS,319643,,MMD_NHANES
11.451482,-2.8884764,BRFSS,138919,,MMD_NHANES
2.7421796,4.3749714,BRFSS,417211,,MMD_NHANES
2.9440503,-6.723374,BRFSS,66738,,MMD_NHANES
-1.4249966,21.84932,BRFSS,43247,,MMD_NHANES
-0.7070446,0.53868204,BRFSS,112600,,MMD_NHANES
5.621897,3.5780618,BRFSS,268192,,MMD_NHANES
-1.9110538,-9.659642,BRFSS,259197,,MMD_NHANES
-4.8713255,2.3009975,BRFSS,95468,,MMD_NHANES
9.18688,-2.4508772,BRFSS,49727,,MMD_NHANES
-1.6663313,21.333027,BRFSS,367902,,MMD_NHANES
11.662702,-14.525654,BRFSS,31769,,MMD_NHANES
4.3431034,7.8545156,BRFSS,118874,,MMD_NHANES
3.106924,4.6105638,BRFSS,362476,,MMD_NHANES
9.895367,4.1221905,BRFSS,225232,,MMD_NHANES
9.274922,4.217656,BRFSS,133086,,MMD_NHANES
5.6027274,-3.5266461,BRFSS,30595,,MMD_NHANES
4.318012,4.837711,BRFSS,173339,,MMD_NHANES
10.352053,0.8603736,BRFSS,344350,,MMD_NHANES
3.5097747,1.7205906,BRFSS,175984,,MMD_NHANES
9.162703,-2.8946896,BRFSS,433667,,MMD_NHANES
1.1868546,-3.536254,BRFSS,246888,,MMD_NHANES
10.017408,3.5604403,BRFSS,138395,,MMD_NHANES
10.679711,3.4580808,BRFSS,273063,,MMD_NHANES
-0.76537997,-0.7672776,BRFSS,251213,,MMD_NHANES
-6.907672,-0.79566884,BRFSS,150399,,MMD_NHANES
10.957737,0.6355302,BRFSS,143679,,MMD_NHANES
1.1365184,0.48481816,BRFSS,188618,,MMD_NHANES
11.3618965,2.296891,BRFSS,37305,,MMD_NHANES
-14.831808,5.185937,BRFSS,430796,,MMD_NHANES
7.8347874,3.6504364,BRFSS,420055,,MMD_NHANES
5.527766,4.065478,BRFSS,177129,,MMD_NHANES
4.920905,8.093434,BRFSS,428784,,MMD_NHANES
-6.4212437,-4.4411573,BRFSS,402421,,MMD_NHANES
1.7749757,4.744678,NHANES,1232,Non-Hispanic Black,MMD_NHANES
-8.144751,-2.5554595,BRFSS,410371,,MMD_NHANES
-4.3535466,4.8113832,BRFSS,442156,,MMD_NHANES
9.575612,2.7394142,BRFSS,399202,,MMD_NHANES
8.175706,-2.2288961,BRFSS,231320,,MMD_NHANES
11.3721,1.8353608,BRFSS,355348,,MMD_NHANES
3.1339688,-5.687169,BRFSS,418897,,MMD_NHANES
-1.5128311,-0.7543112,BRFSS,382964,,MMD_NHANES
0.93750423,2.962779,BRFSS,427878,,MMD_NHANES
0.9947084,1.5771855,BRFSS,380879,,MMD_NHANES
1.5177745,0.9855423,BRFSS,256616,,MMD_NHANES
5.5103173,-4.4543314,BRFSS,306767,,MMD_NHANES
-1.0007646,-11.171215,BRFSS,105058,,MMD_NHANES
9.139237,1.8972158,BRFSS,333189,,MMD_NHANES
5.415649,4.1735086,BRFSS,277203,,MMD_NHANES
8.47869,2.7724972,BRFSS,415106,,MMD_NHANES
2.8916986,6.412829,BRFSS,276163,,MMD_NHANES
8.396081,1.6699598,BRFSS,405690,,MMD_NHANES
-7.263049,-4.0189624,BRFSS,73374,,MMD_NHANES
-4.888922,-6.809075,BRFSS,361076,,MMD_NHANES
1.1185865,2.8198266,BRFSS,425992,,MMD_NHANES
1.1160353,3.6320446,BRFSS,38908,,MMD_NHANES
14.267677,6.8373213,BRFSS,279526,,MMD_NHANES
3.7981462,-6.34065,BRFSS,325855,,MMD_NHANES
4.8116207,7.882987,BRFSS,240523,,MMD_NHANES
10.362156,-0.4860955,BRFSS,321465,,MMD_NHANES
7.5315237,4.8537703,BRFSS,385406,,MMD_NHANES
5.409564,2.9643068,BRFSS,391260,,MMD_NHANES
6.617631,14.161133,NHANES,6726,Non-Hispanic Black,MMD_NHANES
2.367917,5.6280975,BRFSS,39087,,MMD_NHANES
-2.8087292,-8.513412,BRFSS,58617,,MMD_NHANES
8.542067,-2.135604,BRFSS,262274,,MMD_NHANES
3.366668,-5.6028433,BRFSS,354258,,MMD_NHANES
10.043743,-0.82715654,BRFSS,161941,,MMD_NHANES
4.106891,2.5429811,BRFSS,325203,,MMD_NHANES
2.8418758,3.85905,BRFSS,149401,,MMD_NHANES
3.342893,-3.148125,BRFSS,427748,,MMD_NHANES
5.776067,4.13574,BRFSS,152269,,MMD_NHANES
4.5378375,6.3257184,BRFSS,214812,,MMD_NHANES
6.553712,14.224794,NHANES,7325,Non-Hispanic White,MMD_NHANES
11.387059,1.0031649,BRFSS,362148,,MMD_NHANES
7.547689,4.4899044,BRFSS,118039,,MMD_NHANES
6.264662,14.510578,PIMA,82,Pima Indian,MMD_NHANES
2.9341044,-5.3819823,BRFSS,393507,,MMD_NHANES
2.249468,5.0319047,BRFSS,313162,,MMD_NHANES
9.069405,-1.8340722,BRFSS,190373,,MMD_NHANES
-2.6604242,-8.595722,BRFSS,320082,,MMD_NHANES
-1.6272842,20.066048,BRFSS,113893,,MMD_NHANES
-4.9386086,-4.339438,BRFSS,30935,,MMD_NHANES
-6.828931,-5.6446586,BRFSS,73177,,MMD_NHANES
9.092406,4.220815,BRFSS,75851,,MMD_NHANES
-6.9613786,-4.851462,BRFSS,81059,,MMD_NHANES
3.4942422,-6.8271766,BRFSS,386129,,MMD_NHANES
6.72129,14.058591,NHANES,2686,Non-Hispanic White,MMD_NHANES
3.801194,5.2876554,BRFSS,368793,,MMD_NHANES
5.638561,-3.471947,BRFSS,406376,,MMD_NHANES
8.829849,0.27281153,BRFSS,191174,,MMD_NHANES
8.203014,-2.2096696,BRFSS,248143,,MMD_NHANES
-5.530524,-5.834871,BRFSS,381231,,MMD_NHANES
7.0662804,-5.033772,BRFSS,285713,,MMD_NHANES
-1.6681101,21.32237,BRFSS,36594,,MMD_NHANES
2.2948437,1.528366,BRFSS,290024,,MMD_NHANES
-1.853268,-10.615317,BRFSS,346604,,MMD_NHANES
8.228772,4.0622063,BRFSS,114990,,MMD_NHANES
0.0722468,1.2222605,BRFSS,13724,,MMD_NHANES
10.555969,0.7611307,BRFSS,173804,,MMD_NHANES
14.344705,7.31007,BRFSS,363808,,MMD_NHANES
2.3209894,1.4347337,BRFSS,251852,,MMD_NHANES
-7.1059465,-4.654752,BRFSS,440636,,MMD_NHANES
-6.3291645,-3.5284352,BRFSS,427083,,MMD_NHANES
14.275154,6.8543434,BRFSS,116225,,MMD_NHANES
3.417749,-3.512332,BRFSS,21787,,MMD_NHANES
5.466237,-6.120124,BRFSS,382204,,MMD_NHANES
3.5968647,-5.7344766,BRFSS,93798,,MMD_NHANES
8.151007,5.563347,BRFSS,173578,,MMD_NHANES
3.6833358,-2.8573413,BRFSS,226474,,MMD_NHANES
-7.5999365,-6.5174685,BRFSS,237323,,MMD_NHANES
9.190843,-2.8382664,BRFSS,189785,,MMD_NHANES
4.1361423,2.5391712,BRFSS,95403,,MMD_NHANES
-15.03981,5.5812707,BRFSS,26349,,MMD_NHANES
-6.8469276,-2.755891,BRFSS,226682,,MMD_NHANES
3.6109638,2.097373,BRFSS,337091,,MMD_NHANES
3.7057056,-4.9258537,BRFSS,176324,,MMD_NHANES
2.8556504,1.6200522,BRFSS,42875,,MMD_NHANES
3.1268365,-4.896948,BRFSS,198357,,MMD_NHANES
9.134826,-2.884595,BRFSS,394634,,MMD_NHANES
5.376417,-6.1966004,BRFSS,367121,,MMD_NHANES
-8.160271,-2.5797594,BRFSS,440294,,MMD_NHANES
4.347181,8.185441,BRFSS,90704,,MMD_NHANES
-1.6747586,21.243364,BRFSS,173310,,MMD_NHANES
-1.6709293,21.259611,BRFSS,420913,,MMD_NHANES
11.146481,-14.017749,BRFSS,314516,,MMD_NHANES
-3.9560587,5.262126,BRFSS,344574,,MMD_NHANES
3.819225,-5.2476826,BRFSS,186279,,MMD_NHANES
-1.4771737,-0.6097666,BRFSS,121363,,MMD_NHANES
2.5865588,1.6619129,BRFSS,131829,,MMD_NHANES
-4.8431673,2.1470401,BRFSS,223389,,MMD_NHANES
4.830304,-4.7236238,BRFSS,121301,,MMD_NHANES
-15.322844,6.2214966,BRFSS,221407,,MMD_NHANES
8.118962,3.8980455,BRFSS,231426,,MMD_NHANES
4.0506763,3.533518,BRFSS,402460,,MMD_NHANES
-1.6358721,20.085012,BRFSS,190718,,MMD_NHANES
-4.877889,2.1754808,BRFSS,194155,,MMD_NHANES
3.8745637,-4.824741,BRFSS,304279,,MMD_NHANES
-7.5328484,-2.3447287,BRFSS,89540,,MMD_NHANES
3.4553864,2.3783932,BRFSS,284693,,MMD_NHANES
-4.20407,-6.9856563,BRFSS,29391,,MMD_NHANES
5.638118,4.291467,BRFSS,357971,,MMD_NHANES
8.567914,1.1876929,BRFSS,428422,,MMD_NHANES
-1.9504641,-10.037186,BRFSS,238676,,MMD_NHANES
4.024512,-3.7602794,BRFSS,352030,,MMD_NHANES
-4.880356,-6.8139043,BRFSS,68674,,MMD_NHANES
-0.008435931,1.1461215,BRFSS,45716,,MMD_NHANES
0.7639478,2.039893,BRFSS,429202,,MMD_NHANES
-1.5538638,-11.098524,BRFSS,105062,,MMD_NHANES
-2.4611714,-8.942113,BRFSS,265752,,MMD_NHANES
9.356473,-2.3091357,BRFSS,219315,,MMD_NHANES
-2.9068806,3.4091487,BRFSS,95640,,MMD_NHANES
9.65543,-0.7825728,BRFSS,324149,,MMD_NHANES
-5.0474277,-6.7259893,NHANES,5953,Non-Hispanic White,MMD_NHANES
-4.0288157,-7.18917,BRFSS,38917,,MMD_NHANES
-4.189844,-6.9806046,BRFSS,124499,,MMD_NHANES
1.4557508,3.4152937,BRFSS,440676,,MMD_NHANES
2.9353862,4.1670856,BRFSS,352625,,MMD_NHANES
4.9435115,8.074975,BRFSS,420743,,MMD_NHANES
-8.113069,-6.702591,BRFSS,399976,,MMD_NHANES
-15.059857,5.6257668,BRFSS,348520,,MMD_NHANES
2.8167787,4.02535,BRFSS,133699,,MMD_NHANES
1.3324327,3.7393508,BRFSS,298529,,MMD_NHANES
-4.033029,2.7116165,BRFSS,287510,,MMD_NHANES
-7.5502763,-2.8546057,BRFSS,232762,,MMD_NHANES
10.811868,3.3135402,BRFSS,91677,,MMD_NHANES
-6.7879953,-2.7655702,BRFSS,300368,,MMD_NHANES
-0.7460969,-10.188053,BRFSS,183539,,MMD_NHANES
2.83738,-6.849072,BRFSS,121102,,MMD_NHANES
6.4847326,20.195044,BRFSS,22252,,MMD_NHANES
0.421037,1.1965504,NHANES,3023,Non-Hispanic White,MMD_NHANES
-0.7431271,-10.311386,BRFSS,437858,,MMD_NHANES
-5.0211062,14.834252,BRFSS,172934,,MMD_NHANES
3.8599174,8.127427,BRFSS,61818,,MMD_NHANES
9.184011,1.11141,BRFSS,157054,,MMD_NHANES
5.0362,2.3229702,BRFSS,390764,,MMD_NHANES
-3.825908,-7.345171,BRFSS,45256,,MMD_NHANES
8.414932,1.6678964,BRFSS,60604,,MMD_NHANES
6.939039,-2.6589768,BRFSS,296334,,MMD_NHANES
-1.3902789,-0.8959234,BRFSS,40361,,MMD_NHANES
11.291098,2.3207135,BRFSS,204909,,MMD_NHANES
9.001271,0.04336634,BRFSS,362355,,MMD_NHANES
4.567076,8.267915,BRFSS,194941,,MMD_NHANES
-2.9922183,4.0110035,BRFSS,53832,,MMD_NHANES
5.847243,4.062231,BRFSS,420625,,MMD_NHANES
11.166676,3.5044475,BRFSS,39863,,MMD_NHANES
-7.3666596,-3.6862922,BRFSS,81058,,MMD_NHANES
11.49725,0.78895825,BRFSS,241837,,MMD_NHANES
3.6093383,-6.377093,NHANES,6328,Non-Hispanic White,MMD_NHANES
8.943076,-1.2557622,BRFSS,376897,,MMD_NHANES
-2.3376026,6.1529016,BRFSS,383893,,MMD_NHANES
10.360187,0.84805673,BRFSS,191468,,MMD_NHANES
-3.251807,-7.8911653,BRFSS,413452,,MMD_NHANES
-1.0055519,-0.9402047,BRFSS,369070,,MMD_NHANES
10.198075,2.4882748,BRFSS,285032,,MMD_NHANES
9.293833,-0.20230328,BRFSS,37284,,MMD_NHANES
9.385592,-8.6487665,BRFSS,356614,,MMD_NHANES
-5.12596,-4.230665,BRFSS,306680,,MMD_NHANES
8.173594,19.533136,BRFSS,20017,,MMD_NHANES
10.381114,2.07563,BRFSS,207016,,MMD_NHANES
2.8814642,-6.8397913,BRFSS,425733,,MMD_NHANES
0.76675487,1.0470685,BRFSS,160671,,MMD_NHANES
-4.9353104,-5.03615,NHANES,9455,Other Hispanic,MMD_NHANES
0.9573879,0.7257011,BRFSS,46401,,MMD_NHANES
1.2155205,1.6692181,BRFSS,318050,,MMD_NHANES
10.067593,1.8634825,BRFSS,298513,,MMD_NHANES
7.9846234,5.430027,BRFSS,161880,,MMD_NHANES
-4.45529,2.2857127,BRFSS,415397,,MMD_NHANES
4.530389,2.7134085,BRFSS,298763,,MMD_NHANES
-4.9839063,-5.4266467,BRFSS,261160,,MMD_NHANES
1.8306607,0.9753537,BRFSS,274839,,MMD_NHANES
2.921644,3.7938964,BRFSS,280766,,MMD_NHANES
0.7597848,1.4010812,BRFSS,355039,,MMD_NHANES
4.546959,-5.339535,BRFSS,338466,,MMD_NHANES
5.452607,-6.128762,BRFSS,86408,,MMD_NHANES
3.0852911,-8.155999,NHANES,4899,Non-Hispanic White,MMD_NHANES
11.434103,-14.304457,BRFSS,77713,,MMD_NHANES
2.9250932,-11.041852,BRFSS,152559,,MMD_NHANES
3.3980832,-3.338644,BRFSS,175562,,MMD_NHANES
-4.351739,-7.041927,BRFSS,347712,,MMD_NHANES
2.6538439,3.8672853,BRFSS,339407,,MMD_NHANES
3.8765333,5.1273804,BRFSS,365587,,MMD_NHANES
-8.315784,-2.1246655,BRFSS,65943,,MMD_NHANES
8.736953,-1.3680279,BRFSS,212455,,MMD_NHANES
3.669319,-4.869347,BRFSS,61848,,MMD_NHANES
0.88647884,1.8924922,BRFSS,321626,,MMD_NHANES
0.45804206,2.6580682,BRFSS,194663,,MMD_NHANES
1.5303199,0.8714449,BRFSS,125227,,MMD_NHANES
11.130311,-14.001872,BRFSS,298675,,MMD_NHANES
10.664969,1.6480651,BRFSS,354144,,MMD_NHANES
-4.9594474,14.895265,BRFSS,104190,,MMD_NHANES
3.210857,-7.861795,BRFSS,357712,,MMD_NHANES
2.8391712,-6.8523774,BRFSS,418562,,MMD_NHANES
11.018305,1.8984605,BRFSS,275180,,MMD_NHANES
-2.3261764,6.1506376,BRFSS,116854,,MMD_NHANES
-3.7051413,3.0758734,BRFSS,126493,,MMD_NHANES
9.099488,1.1867998,BRFSS,236574,,MMD_NHANES
4.2976103,2.4972258,BRFSS,342921,,MMD_NHANES
-14.831869,5.185877,BRFSS,205088,,MMD_NHANES
7.309526,-5.0487623,BRFSS,424621,,MMD_NHANES
3.4112604,-3.3787851,BRFSS,68016,,MMD_NHANES
-0.8811866,-11.119001,BRFSS,347401,,MMD_NHANES
6.720935,14.057577,NHANES,3693,Non-Hispanic White,MMD_NHANES
8.142599,3.5337677,BRFSS,86869,,MMD_NHANES
0.8509537,3.0247073,BRFSS,40941,,MMD_NHANES
-7.9244184,-2.3502457,BRFSS,47153,,MMD_NHANES
9.74767,3.5193195,BRFSS,243844,,MMD_NHANES
-1.5817621,20.601944,BRFSS,128051,,MMD_NHANES
-2.6809242,5.1791463,BRFSS,278841,,MMD_NHANES
-1.2600889,-0.32565308,BRFSS,301047,,MMD_NHANES
-4.8316245,5.3632946,BRFSS,302982,,MMD_NHANES
-8.313932,-1.2856845,BRFSS,22218,,MMD_NHANES
4.9816065,8.030204,BRFSS,223746,,MMD_NHANES
3.5811281,2.1276922,BRFSS,100552,,MMD_NHANES
-5.060436,-4.257438,BRFSS,344613,,MMD_NHANES
0.78130656,1.0666503,BRFSS,155158,,MMD_NHANES
8.986546,-1.910934,BRFSS,180087,,MMD_NHANES
11.488311,-2.931565,BRFSS,214467,,MMD_NHANES
-6.330838,-5.654957,BRFSS,345151,,MMD_NHANES
-1.5671583,20.58537,BRFSS,21072,,MMD_NHANES
8.558487,19.203173,BRFSS,379441,,MMD_NHANES
2.834499,6.0394406,BRFSS,439047,,MMD_NHANES
-1.3597597,-1.04929,BRFSS,436284,,MMD_NHANES
8.90852,4.1281314,BRFSS,200648,,MMD_NHANES
4.3665047,3.1185489,BRFSS,277734,,MMD_NHANES
7.7921777,-2.0917914,BRFSS,116388,,MMD_NHANES
3.121541,2.343893,BRFSS,416891,,MMD_NHANES
5.1723027,-3.6968114,BRFSS,154434,,MMD_NHANES
10.600321,1.9925574,BRFSS,140172,,MMD_NHANES
6.290885,14.484516,NHANES,8723,Non-Hispanic White,MMD_NHANES
7.7371526,19.851582,BRFSS,190763,,MMD_NHANES
4.535447,4.341693,BRFSS,425561,,MMD_NHANES
4.6871953,6.6601787,BRFSS,164075,,MMD_NHANES
0.12949136,0.44661638,BRFSS,229503,,MMD_NHANES
-7.803443,-3.1823683,BRFSS,303624,,MMD_NHANES
-0.77480966,0.34602603,BRFSS,188348,,MMD_NHANES
-6.2620206,-6.120252,BRFSS,315922,,MMD_NHANES
8.115053,19.581911,BRFSS,45652,,MMD_NHANES
10.490886,1.7877705,BRFSS,83357,,MMD_NHANES
0.99139637,3.6321452,BRFSS,19466,,MMD_NHANES
4.9813824,4.9769974,BRFSS,447672,,MMD_NHANES
9.843747,-0.44673896,BRFSS,161032,,MMD_NHANES
8.254586,-3.079397,BRFSS,317056,,MMD_NHANES
-1.8691527,-10.591658,BRFSS,158250,,MMD_NHANES
9.367936,1.8773707,BRFSS,251805,,MMD_NHANES
11.671524,-14.53469,BRFSS,179521,,MMD_NHANES
3.2678187,3.9523537,BRFSS,212613,,MMD_NHANES
8.442669,-2.9630167,BRFSS,401797,,MMD_NHANES
8.452289,-2.9466896,BRFSS,422265,,MMD_NHANES
-5.0527678,-4.26334,BRFSS,173631,,MMD_NHANES
1.6240102,-3.7203577,BRFSS,209312,,MMD_NHANES
3.8604581,8.1454935,BRFSS,158771,,MMD_NHANES
6.9674487,-4.9995694,BRFSS,287762,,MMD_NHANES
-3.8855848,2.8681512,BRFSS,102806,,MMD_NHANES
-4.8596287,2.3156114,BRFSS,95803,,MMD_NHANES
2.5816402,1.4943306,BRFSS,264389,,MMD_NHANES
-2.449539,3.12717,BRFSS,408533,,MMD_NHANES
-1.0957695,-11.19034,BRFSS,78553,,MMD_NHANES
3.4888012,1.6251688,BRFSS,33669,,MMD_NHANES
9.353677,-8.615284,BRFSS,88799,,MMD_NHANES
-7.3463254,-3.6340418,BRFSS,333636,,MMD_NHANES
2.984336,-5.22223,BRFSS,351096,,MMD_NHANES
2.4877822,-4.5444756,BRFSS,46272,,MMD_NHANES
-2.6181521,-8.749777,BRFSS,95703,,MMD_NHANES
8.17012,-2.227371,BRFSS,356306,,MMD_NHANES
-3.0264194,4.615486,BRFSS,31570,,MMD_NHANES
-5.1437483,-5.4564033,BRFSS,327142,,MMD_NHANES
-6.5956163,-4.8316936,BRFSS,184736,,MMD_NHANES
0.94724816,3.5108142,BRFSS,388738,,MMD_NHANES
11.348548,-2.892476,BRFSS,74642,,MMD_NHANES
-9.746878,-1.6173314,BRFSS,49077,,MMD_NHANES
8.440538,2.2073355,BRFSS,78548,,MMD_NHANES
13.673796,-11.274897,BRFSS,106272,,MMD_NHANES
4.290045,6.7169013,BRFSS,193271,,MMD_NHANES
4.4336996,-3.3805726,BRFSS,345605,,MMD_NHANES
-3.3363986,-7.8088937,BRFSS,121807,,MMD_NHANES
-1.3270777,-0.42002288,BRFSS,201331,,MMD_NHANES
10.267434,-0.50194764,BRFSS,237653,,MMD_NHANES
-6.887043,-0.8164748,BRFSS,64589,,MMD_NHANES
2.895902,-5.023711,BRFSS,138848,,MMD_NHANES
-5.5711303,-5.368617,BRFSS,218862,,MMD_NHANES
6.556397,14.222304,NHANES,2403,Other Hispanic,MMD_NHANES
4.800599,8.166002,BRFSS,39488,,MMD_NHANES
4.4982734,7.664088,BRFSS,373897,,MMD_NHANES
-4.2875967,-7.053024,BRFSS,57743,,MMD_NHANES
3.2354124,-6.1011643,BRFSS,126898,,MMD_NHANES
-0.8631618,-0.53715265,BRFSS,138195,,MMD_NHANES
-3.2580993,-7.856963,BRFSS,162748,,MMD_NHANES
-0.86998874,-0.44635773,BRFSS,423195,,MMD_NHANES
3.113837,-5.8948627,NHANES,6546,Non-Hispanic White,MMD_NHANES
6.468383,-3.0005972,BRFSS,445468,,MMD_NHANES
14.089467,6.4046183,BRFSS,425440,,MMD_NHANES
4.816445,5.8318934,BRFSS,258675,,MMD_NHANES
14.295348,6.8688545,BRFSS,120171,,MMD_NHANES
9.386788,-8.649984,BRFSS,404487,,MMD_NHANES
9.43944,1.8663205,BRFSS,157993,,MMD_NHANES
1.9705669,-3.8574312,BRFSS,164727,,MMD_NHANES
4.1638646,5.193096,NHANES,2580,Mexican American,MMD_NHANES
2.8789387,-6.841185,BRFSS,104767,,MMD_NHANES
10.1096735,3.9855618,BRFSS,264829,,MMD_NHANES
3.1106913,-8.315975,BRFSS,432513,,MMD_NHANES
14.05121,6.3388233,BRFSS,415425,,MMD_NHANES
-4.820672,1.9671005,BRFSS,120116,,MMD_NHANES
10.042592,-0.860501,BRFSS,372269,,MMD_NHANES
5.86261,3.509498,BRFSS,351010,,MMD_NHANES
10.411162,-0.45559388,BRFSS,288435,,MMD_NHANES
-6.9810343,-5.1266756,BRFSS,9904,,MMD_NHANES
-5.104713,-5.4241943,BRFSS,161184,,MMD_NHANES
-7.8681226,-2.2241,BRFSS,418484,,MMD_NHANES
8.571772,1.1642427,BRFSS,270826,,MMD_NHANES
7.5894847,-2.2158456,BRFSS,446876,,MMD_NHANES
3.1536758,-5.7115774,BRFSS,25779,,MMD_NHANES
-4.3896217,5.207867,BRFSS,352324,,MMD_NHANES
11.50015,1.836178,BRFSS,193264,,MMD_NHANES
2.8011074,-6.9165106,BRFSS,180625,,MMD_NHANES
-3.807707,4.6987734,BRFSS,24841,,MMD_NHANES
8.183162,3.9896402,BRFSS,154271,,MMD_NHANES
-6.0522313,-3.3790216,BRFSS,99061,,MMD_NHANES
6.525436,14.252955,NHANES,6901,Non-Hispanic Black,MMD_NHANES
2.5716946,1.6452466,BRFSS,380255,,MMD_NHANES
6.253865,3.615191,BRFSS,397086,,MMD_NHANES
4.682215,5.2337236,BRFSS,152706,,MMD_NHANES
4.1162353,8.32924,BRFSS,414868,,MMD_NHANES
2.8653436,-6.8684382,BRFSS,134658,,MMD_NHANES
2.835059,1.690476,BRFSS,395548,,MMD_NHANES
9.043676,3.7813358,BRFSS,179633,,MMD_NHANES
-0.56179154,0.8288539,BRFSS,286733,,MMD_NHANES
9.012137,-2.640423,BRFSS,144597,,MMD_NHANES
3.4098976,3.7226923,BRFSS,397584,,MMD_NHANES
1.7677709,4.6917157,BRFSS,156659,,MMD_NHANES
14.055593,6.3436813,BRFSS,332586,,MMD_NHANES
9.841067,3.5475562,BRFSS,177267,,MMD_NHANES
2.1446295,5.4094114,BRFSS,379258,,MMD_NHANES
0.8000707,3.1907961,BRFSS,390701,,MMD_NHANES
-3.052823,5.019567,BRFSS,414897,,MMD_NHANES
3.0716069,-8.312688,BRFSS,371958,,MMD_NHANES
3.7146122,5.164276,BRFSS,85039,,MMD_NHANES
8.034333,3.8444855,BRFSS,424204,,MMD_NHANES
7.2781177,-5.0685315,BRFSS,119043,,MMD_NHANES
-1.4418361,-1.3958522,BRFSS,292214,,MMD_NHANES
2.816363,-6.900242,BRFSS,66485,,MMD_NHANES
-7.8138924,-2.158762,BRFSS,86048,,MMD_NHANES
-0.09172873,0.38901877,BRFSS,331664,,MMD_NHANES
4.245846,6.8976517,BRFSS,212059,,MMD_NHANES
-1.2033348,21.977333,BRFSS,198615,,MMD_NHANES
4.4705567,7.735282,BRFSS,342980,,MMD_NHANES
-8.099324,-2.792452,BRFSS,228571,,MMD_NHANES
6.363795,14.412621,NHANES,3730,Non-Hispanic Black,MMD_NHANES
-7.3523793,-3.6786737,BRFSS,322647,,MMD_NHANES
4.4938035,-3.7059536,BRFSS,243188,,MMD_NHANES
9.406056,-0.7751901,BRFSS,308636,,MMD_NHANES
0.7869374,2.5801802,BRFSS,76143,,MMD_NHANES
9.0162325,1.2273602,BRFSS,75791,,MMD_NHANES
5.099273,-3.6167624,BRFSS,436712,,MMD_NHANES
3.1495392,-8.391124,BRFSS,244172,,MMD_NHANES
2.419107,3.461255,BRFSS,324084,,MMD_NHANES
-6.9647245,-5.147062,BRFSS,215873,,MMD_NHANES
6.643307,4.0347843,BRFSS,380227,,MMD_NHANES
-1.6576091,21.421103,BRFSS,411151,,MMD_NHANES
-0.15640508,-0.44441012,BRFSS,70652,,MMD_NHANES
5.0378284,2.316258,BRFSS,254523,,MMD_NHANES
2.417817,3.4874325,BRFSS,379196,,MMD_NHANES
6.53973,14.238789,NHANES,3381,Non-Hispanic White,MMD_NHANES
-7.4819813,-2.794923,BRFSS,95399,,MMD_NHANES
14.310419,7.355139,BRFSS,213714,,MMD_NHANES
8.125882,19.57485,BRFSS,293926,,MMD_NHANES
-4.0847898,4.490539,BRFSS,30880,,MMD_NHANES
-1.6270119,20.092113,BRFSS,264281,,MMD_NHANES
-2.723219,5.8303437,BRFSS,159616,,MMD_NHANES
-5.2832355,-4.941006,BRFSS,334395,,MMD_NHANES
5.9100027,-4.1965036,BRFSS,240139,,MMD_NHANES
7.3514404,5.5737057,BRFSS,200486,,MMD_NHANES
-5.392473,-3.7040555,BRFSS,219953,,MMD_NHANES
-7.621603,-2.3929071,BRFSS,374234,,MMD_NHANES
-8.213595,-2.0290976,BRFSS,346270,,MMD_NHANES
7.317348,-5.069357,BRFSS,417922,,MMD_NHANES
9.224773,-2.778365,BRFSS,291870,,MMD_NHANES
-4.3306103,4.959517,BRFSS,376972,,MMD_NHANES
8.067567,5.582265,BRFSS,288444,,MMD_NHANES
8.778682,2.2662284,BRFSS,365205,,MMD_NHANES
4.629982,7.1996894,NHANES,6669,Non-Hispanic Asian,MMD_NHANES
5.4220843,-3.9265196,BRFSS,177633,,MMD_NHANES
-0.8564621,-9.816363,BRFSS,413072,,MMD_NHANES
-1.5928293,20.008965,BRFSS,303942,,MMD_NHANES
2.9490905,6.384192,BRFSS,330146,,MMD_NHANES
-2.0943592,-9.470098,BRFSS,157499,,MMD_NHANES
-1.0577918,-9.933478,BRFSS,364484,,MMD_NHANES
-7.192815,-3.4607813,BRFSS,439360,,MMD_NHANES
2.9071283,6.446105,BRFSS,43298,,MMD_NHANES
2.3967633,4.0233016,BRFSS,313261,,MMD_NHANES
2.8329177,1.7823585,BRFSS,447447,,MMD_NHANES
10.497291,1.7675723,BRFSS,381222,,MMD_NHANES
10.693608,-0.30607164,BRFSS,190459,,MMD_NHANES
3.9084628,3.6346714,BRFSS,367421,,MMD_NHANES
-1.931157,-9.8411665,BRFSS,273147,,MMD_NHANES
-2.0239334,-9.697697,BRFSS,104619,,MMD_NHANES
-1.6539878,21.42803,BRFSS,142694,,MMD_NHANES
3.4129207,5.942665,BRFSS,293943,,MMD_NHANES
6.5832415,4.3663483,BRFSS,359921,,MMD_NHANES
9.023801,4.19094,BRFSS,123930,,MMD_NHANES
-3.8144794,4.547439,BRFSS,327294,,MMD_NHANES
3.6349547,-2.7240894,BRFSS,376925,,MMD_NHANES
6.4897437,20.19372,BRFSS,43479,,MMD_NHANES
9.18978,3.9160066,BRFSS,433139,,MMD_NHANES
9.56673,0.92650145,BRFSS,110336,,MMD_NHANES
-1.8629467,-10.603626,BRFSS,230524,,MMD_NHANES
-0.11047522,0.46844152,BRFSS,96369,,MMD_NHANES
4.6802483,-5.323011,BRFSS,387233,,MMD_NHANES
1.6085603,1.9791266,BRFSS,143085,,MMD_NHANES
-3.5468094,4.1896486,BRFSS,255541,,MMD_NHANES
1.8559144,0.9450573,BRFSS,42412,,MMD_NHANES
0.96818316,3.0578523,BRFSS,443906,,MMD_NHANES
6.4539557,14.3232765,NHANES,7130,Non-Hispanic White,MMD_NHANES
-2.1515121,-9.51276,BRFSS,248720,,MMD_NHANES
13.661851,-11.262809,BRFSS,82023,,MMD_NHANES
-6.978872,-0.98622525,BRFSS,163587,,MMD_NHANES
-3.2578278,3.877758,BRFSS,61095,,MMD_NHANES
-1.5656228,21.685902,BRFSS,80453,,MMD_NHANES
2.803459,6.333139,BRFSS,254374,,MMD_NHANES
-15.044314,5.5960293,BRFSS,36853,,MMD_NHANES
-7.0056195,-5.1654015,BRFSS,221313,,MMD_NHANES
14.167119,6.552779,BRFSS,173567,,MMD_NHANES
-7.0473003,-3.4200716,BRFSS,185196,,MMD_NHANES
3.090727,1.4709171,BRFSS,111467,,MMD_NHANES
7.370184,5.559642,BRFSS,113201,,MMD_NHANES
11.201029,-14.073161,BRFSS,29955,,MMD_NHANES
7.753187,4.920492,BRFSS,442467,,MMD_NHANES
7.51449,4.3845124,BRFSS,223185,,MMD_NHANES
9.540465,1.8439363,BRFSS,338362,,MMD_NHANES
-7.122809,-2.9535015,BRFSS,19503,,MMD_NHANES
-4.9412327,5.4115543,BRFSS,257762,,MMD_NHANES
-5.3363447,-5.4562373,BRFSS,297303,,MMD_NHANES
3.1262586,6.3441906,BRFSS,279300,,MMD_NHANES
11.36758,1.0526328,BRFSS,236721,,MMD_NHANES
10.461515,1.8054341,BRFSS,37439,,MMD_NHANES
-0.68148786,0.31079906,BRFSS,170737,,MMD_NHANES
-5.1421833,-5.453943,BRFSS,53435,,MMD_NHANES
-15.391349,6.3092914,BRFSS,86213,,MMD_NHANES
10.890817,0.66930026,BRFSS,386633,,MMD_NHANES
-0.26453617,-0.47344387,BRFSS,383050,,MMD_NHANES
3.3188522,-5.8858056,BRFSS,120798,,MMD_NHANES
-0.82412004,-11.044661,BRFSS,432334,,MMD_NHANES
11.257432,-14.129235,BRFSS,370619,,MMD_NHANES
9.075833,-1.8444579,BRFSS,411404,,MMD_NHANES
-3.2712932,-7.8457956,BRFSS,193088,,MMD_NHANES
-3.3668633,-7.7692785,BRFSS,259536,,MMD_NHANES
14.065671,6.3587384,BRFSS,256742,,MMD_NHANES
-2.3398752,3.0595396,BRFSS,182001,,MMD_NHANES
2.8567586,-4.5998135,BRFSS,233440,,MMD_NHANES
7.6415353,3.7608545,BRFSS,69883,,MMD_NHANES
6.622222,4.153031,BRFSS,69740,,MMD_NHANES
11.674534,-0.08830911,BRFSS,270486,,MMD_NHANES
2.8890958,-11.001185,BRFSS,269647,,MMD_NHANES
-8.286966,-1.3114709,BRFSS,68989,,MMD_NHANES
-0.14508605,-0.45796877,BRFSS,131850,,MMD_NHANES
-4.325664,4.653999,BRFSS,36517,,MMD_NHANES
-6.7949905,-2.741783,BRFSS,337551,,MMD_NHANES
4.3192015,2.4859467,BRFSS,435300,,MMD_NHANES
6.336598,-3.0593097,BRFSS,30918,,MMD_NHANES
8.335137,4.2933693,BRFSS,189609,,MMD_NHANES
4.8579874,-4.507727,BRFSS,413686,,MMD_NHANES
-0.5004622,0.23520905,BRFSS,362156,,MMD_NHANES
8.1597805,19.54659,BRFSS,444259,,MMD_NHANES
7.3343,3.6433735,BRFSS,360083,,MMD_NHANES
11.701304,-14.56339,BRFSS,245993,,MMD_NHANES
2.9873912,-11.110333,BRFSS,103974,,MMD_NHANES
5.137207,-6.377566,BRFSS,147731,,MMD_NHANES
2.7832835,-4.497218,BRFSS,126836,,MMD_NHANES
4.6852603,-5.253646,BRFSS,48552,,MMD_NHANES
-2.6643066,-8.588242,BRFSS,235490,,MMD_NHANES
0.8863515,1.8381382,BRFSS,192700,,MMD_NHANES
3.3475106,5.9937897,BRFSS,365189,,MMD_NHANES
6.4258833,20.218885,BRFSS,292687,,MMD_NHANES
-6.4665165,-5.237368,BRFSS,368822,,MMD_NHANES
3.7846417,5.274524,BRFSS,404712,,MMD_NHANES
-6.714052,-5.8310413,BRFSS,72522,,MMD_NHANES
-5.0336275,14.821739,BRFSS,171629,,MMD_NHANES
2.9037383,-11.017245,BRFSS,247656,,MMD_NHANES
8.437,1.6120752,BRFSS,63538,,MMD_NHANES
3.908198,8.109665,BRFSS,21509,,MMD_NHANES
-8.0941,-6.7319427,BRFSS,230801,,MMD_NHANES
5.19782,2.462729,NHANES,7545,Non-Hispanic White,MMD_NHANES
4.2254906,-5.1945987,BRFSS,375369,,MMD_NHANES
5.139149,-6.394162,BRFSS,141836,,MMD_NHANES
2.8306074,-4.5223503,BRFSS,236206,,MMD_NHANES
-3.7017345,-7.466591,BRFSS,392177,,MMD_NHANES
9.310385,-2.3316407,BRFSS,197022,,MMD_NHANES
9.304174,-2.6120148,BRFSS,233529,,MMD_NHANES
0.9717703,1.5435201,BRFSS,166439,,MMD_NHANES
8.96515,4.1645794,BRFSS,115231,,MMD_NHANES
-3.2800918,-7.890264,BRFSS,356499,,MMD_NHANES
3.2035925,3.5308025,BRFSS,101961,,MMD_NHANES
4.875901,8.080629,NHANES,9349,Other Hispanic,MMD_NHANES
2.4547372,2.9719052,BRFSS,396759,,MMD_NHANES
-3.148672,3.5473845,BRFSS,141318,,MMD_NHANES
6.4907327,20.192549,BRFSS,392269,,MMD_NHANES
0.85830027,0.29449263,BRFSS,200053,,MMD_NHANES
7.904644,4.1463056,BRFSS,412697,,MMD_NHANES
8.345416,4.2567596,BRFSS,166938,,MMD_NHANES
-5.8558826,-4.355284,BRFSS,227274,,MMD_NHANES
4.738153,-5.424184,BRFSS,208563,,MMD_NHANES
-2.5690033,3.1884406,BRFSS,20218,,MMD_NHANES
9.871825,-0.44466272,BRFSS,75250,,MMD_NHANES
2.8464513,-4.5372434,BRFSS,253525,,MMD_NHANES
2.261228,5.5512376,BRFSS,280345,,MMD_NHANES
8.427511,-2.1838315,BRFSS,333346,,MMD_NHANES
4.315707,5.1241107,BRFSS,369346,,MMD_NHANES
13.604078,-11.20506,BRFSS,406024,,MMD_NHANES
8.45238,1.6077986,BRFSS,273083,,MMD_NHANES
1.4117595,3.6845524,BRFSS,408847,,MMD_NHANES
-6.476767,-5.9889636,BRFSS,290889,,MMD_NHANES
8.567805,19.193419,BRFSS,275048,,MMD_NHANES
6.996923,-5.0313606,BRFSS,159216,,MMD_NHANES
-5.991479,-3.3625944,BRFSS,284232,,MMD_NHANES
-3.8364308,4.90568,BRFSS,104087,,MMD_NHANES
10.062432,1.834333,BRFSS,272018,,MMD_NHANES
-15.390339,6.3135834,BRFSS,183914,,MMD_NHANES
-1.9148853,-10.297715,BRFSS,278680,,MMD_NHANES
-6.823455,-0.67797965,BRFSS,105634,,MMD_NHANES
-0.8588892,-9.863562,BRFSS,209390,,MMD_NHANES
0.5741809,2.7071705,BRFSS,382291,,MMD_NHANES
5.66442,-3.7896175,BRFSS,182847,,MMD_NHANES
-6.8829374,-5.2935095,BRFSS,95362,,MMD_NHANES
8.40725,-2.1818194,BRFSS,258160,,MMD_NHANES
8.2859535,19.439362,BRFSS,358415,,MMD_NHANES
8.3378525,4.2958603,BRFSS,433569,,MMD_NHANES
-6.8725815,-4.8440013,BRFSS,441087,,MMD_NHANES
-1.0578008,22.06099,BRFSS,171870,,MMD_NHANES
3.005392,-5.242679,BRFSS,384942,,MMD_NHANES
3.317085,1.6575793,BRFSS,353822,,MMD_NHANES
-0.85180795,-0.40184337,BRFSS,382464,,MMD_NHANES
0.5981172,2.501061,BRFSS,425584,,MMD_NHANES
-4.9877887,-6.7660685,BRFSS,262184,,MMD_NHANES
-3.4067748,4.29379,BRFSS,127362,,MMD_NHANES
7.5809846,-5.1429377,BRFSS,29957,,MMD_NHANES
8.336437,4.375009,BRFSS,105922,,MMD_NHANES
6.2764325,3.369622,BRFSS,337080,,MMD_NHANES
2.5924244,1.1590722,BRFSS,265314,,MMD_NHANES
2.8801026,-3.7547188,BRFSS,12927,,MMD_NHANES
-3.5671022,5.3004127,BRFSS,53817,,MMD_NHANES
-9.694085,-1.6904302,BRFSS,364262,,MMD_NHANES
9.219286,1.8831941,BRFSS,41197,,MMD_NHANES
1.6039312,1.974812,BRFSS,136876,,MMD_NHANES
-0.66765064,0.24281687,BRFSS,449885,,MMD_NHANES
0.36608014,1.2324349,BRFSS,449558,,MMD_NHANES
-1.9324802,-10.235006,BRFSS,81956,,MMD_NHANES
7.6939926,19.88398,BRFSS,398267,,MMD_NHANES
-2.282841,3.0343919,BRFSS,82501,,MMD_NHANES
11.111,3.7093632,BRFSS,252511,,MMD_NHANES
3.177296,1.3390452,BRFSS,102636,,MMD_NHANES
3.8364394,-3.1902745,BRFSS,148156,,MMD_NHANES
-4.8704824,2.3206997,BRFSS,339371,,MMD_NHANES
2.248154,1.6215786,BRFSS,29040,,MMD_NHANES
-3.5130918,-7.524465,BRFSS,207998,,MMD_NHANES
-2.9489083,4.043891,BRFSS,409689,,MMD_NHANES
8.349894,2.4778588,BRFSS,287618,,MMD_NHANES
-4.4024625,4.5556893,NHANES,6346,Non-Hispanic White,MMD_NHANES
-4.5695543,5.266576,BRFSS,181773,,MMD_NHANES
7.73067,19.85985,BRFSS,198583,,MMD_NHANES
8.054005,5.588848,BRFSS,184840,,MMD_NHANES
3.0628455,1.4451303,BRFSS,337594,,MMD_NHANES
3.3417668,2.480706,BRFSS,362011,,MMD_NHANES
-4.339475,5.074545,BRFSS,109139,,MMD_NHANES
8.201614,19.512981,BRFSS,141248,,MMD_NHANES
4.8047514,5.124867,BRFSS,435168,,MMD_NHANES
-0.5142027,0.17590928,BRFSS,366939,,MMD_NHANES
8.833187,0.26752335,BRFSS,72027,,MMD_NHANES
-5.015123,14.840481,BRFSS,278759,,MMD_NHANES
9.132662,-2.8939657,BRFSS,111306,,MMD_NHANES
11.155972,-14.027554,BRFSS,245639,,MMD_NHANES
-8.169508,-1.9890982,BRFSS,301775,,MMD_NHANES
-2.326767,6.157913,BRFSS,82829,,MMD_NHANES
8.059744,5.576192,BRFSS,111707,,MMD_NHANES
-3.7197936,-7.4406195,BRFSS,145468,,MMD_NHANES
2.1581845,5.4281845,BRFSS,389217,,MMD_NHANES
-5.0239887,14.83149,BRFSS,440087,,MMD_NHANES
-5.608975,-6.374175,BRFSS,274605,,MMD_NHANES
-5.868676,-3.4163408,BRFSS,313467,,MMD_NHANES
-2.3549423,6.1768985,BRFSS,330164,,MMD_NHANES
2.627286,5.685154,BRFSS,224147,,MMD_NHANES
7.352616,5.564122,BRFSS,107323,,MMD_NHANES
5.128383,5.1205916,BRFSS,415461,,MMD_NHANES
4.106083,4.3101015,BRFSS,323243,,MMD_NHANES
8.239852,-3.096755,BRFSS,356252,,MMD_NHANES
1.4686012,3.7006845,BRFSS,301029,,MMD_NHANES
11.323546,1.0790422,BRFSS,428071,,MMD_NHANES
2.81649,1.8341125,BRFSS,307733,,MMD_NHANES
-1.0419239,-0.3906958,BRFSS,154896,,MMD_NHANES
-8.078779,-6.745782,BRFSS,256958,,MMD_NHANES
3.2920797,1.4827075,BRFSS,319275,,MMD_NHANES
5.839824,-4.204082,BRFSS,188932,,MMD_NHANES
8.890316,2.2492733,BRFSS,31128,,MMD_NHANES
8.9784775,-1.1489136,BRFSS,168158,,MMD_NHANES
4.864329,2.5193799,BRFSS,68028,,MMD_NHANES
6.2390747,3.738672,BRFSS,216399,,MMD_NHANES
-6.396605,-3.563633,BRFSS,96103,,MMD_NHANES
3.9711452,3.6090894,BRFSS,188182,,MMD_NHANES
-8.302597,-1.3017918,BRFSS,340562,,MMD_NHANES
7.3687606,5.532267,BRFSS,319181,,MMD_NHANES
-15.048572,5.600509,BRFSS,52893,,MMD_NHANES
11.439251,1.8109214,BRFSS,116754,,MMD_NHANES
2.880605,5.6465397,BRFSS,16691,,MMD_NHANES
-3.6007369,3.1688442,BRFSS,51085,,MMD_NHANES
3.9401138,8.04272,BRFSS,214644,,MMD_NHANES
7.9792237,4.839868,BRFSS,197116,,MMD_NHANES
2.712788,-3.6544273,BRFSS,339489,,MMD_NHANES
13.680019,-11.281083,BRFSS,121475,,MMD_NHANES
-2.3783867,3.094635,BRFSS,256416,,MMD_NHANES
-1.8391222,-10.605004,BRFSS,326615,,MMD_NHANES
9.939401,3.9764733,BRFSS,252123,,MMD_NHANES
-4.3735294,4.5784407,BRFSS,82894,,MMD_NHANES
7.3218694,3.653858,BRFSS,154873,,MMD_NHANES
1.8326002,0.9580827,BRFSS,43897,,MMD_NHANES
-1.5797741,20.602684,BRFSS,277534,,MMD_NHANES
3.7761354,8.016457,BRFSS,253499,,MMD_NHANES
6.0137486,3.3543594,BRFSS,303646,,MMD_NHANES
8.691788,2.0451381,BRFSS,49301,,MMD_NHANES
11.449739,1.8137289,BRFSS,421499,,MMD_NHANES
2.9220843,3.785393,BRFSS,119845,,MMD_NHANES
5.1711845,-6.330683,BRFSS,173915,,MMD_NHANES
-7.8090777,-3.1803544,BRFSS,391033,,MMD_NHANES
3.3794298,-3.274355,BRFSS,184138,,MMD_NHANES
-14.829602,5.181408,BRFSS,77500,,MMD_NHANES
3.029273,-6.202183,BRFSS,259487,,MMD_NHANES
-4.6401296,-5.185236,BRFSS,180210,,MMD_NHANES
-1.5811846,20.603249,BRFSS,268428,,MMD_NHANES
-6.8103476,-5.6820827,BRFSS,260452,,MMD_NHANES
-14.836416,5.194647,BRFSS,437471,,MMD_NHANES
-0.87095505,-9.862558,BRFSS,272058,,MMD_NHANES
5.760003,-3.276511,BRFSS,152316,,MMD_NHANES
0.95943344,0.807019,BRFSS,39638,,MMD_NHANES
4.363736,3.0921946,BRFSS,420379,,MMD_NHANES
1.102691,3.1925457,BRFSS,378478,,MMD_NHANES
2.915218,-5.3148303,BRFSS,66939,,MMD_NHANES
-3.0273778,3.4270852,BRFSS,73359,,MMD_NHANES
9.004209,-2.653337,BRFSS,34268,,MMD_NHANES
-2.7740772,3.3013628,BRFSS,365324,,MMD_NHANES
-1.5567855,21.699062,BRFSS,127817,,MMD_NHANES
-6.8355527,-0.6896126,BRFSS,186216,,MMD_NHANES
10.338635,0.8594917,BRFSS,219841,,MMD_NHANES
3.5961208,-5.4714303,NHANES,8358,Mexican American,MMD_NHANES
3.5971699,-5.4220123,BRFSS,151505,,MMD_NHANES
10.164121,2.5088284,BRFSS,107571,,MMD_NHANES
4.6396694,-6.161017,BRFSS,150211,,MMD_NHANES
4.706309,6.8479195,BRFSS,21834,,MMD_NHANES
3.0421157,3.3759158,BRFSS,359756,,MMD_NHANES
7.5451555,4.410654,BRFSS,387300,,MMD_NHANES
6.296256,3.4081998,BRFSS,17139,,MMD_NHANES
-2.6010163,5.2571974,BRFSS,135622,,MMD_NHANES
-0.011812099,-0.37093863,BRFSS,423771,,MMD_NHANES
0.19077957,0.40565515,BRFSS,425168,,MMD_NHANES
6.976951,-5.005451,BRFSS,85091,,MMD_NHANES
-9.707686,-1.6772096,BRFSS,441006,,MMD_NHANES
13.616465,-11.217535,BRFSS,85246,,MMD_NHANES
0.6997406,0.5967738,BRFSS,198881,,MMD_NHANES
5.410441,4.217806,BRFSS,99625,,MMD_NHANES
11.131544,3.6945467,BRFSS,143386,,MMD_NHANES
9.003488,3.2819526,BRFSS,404855,,MMD_NHANES
11.533569,0.4835835,BRFSS,442085,,MMD_NHANES
5.9166584,-4.169689,BRFSS,286364,,MMD_NHANES
-9.737696,-1.632258,BRFSS,181129,,MMD_NHANES
7.51299,3.5800765,BRFSS,313217,,MMD_NHANES
-8.083225,-6.747411,BRFSS,130900,,MMD_NHANES
-5.0343137,-6.7343583,BRFSS,163275,,MMD_NHANES
2.9041245,-11.017422,BRFSS,264824,,MMD_NHANES
4.8222375,5.0735655,BRFSS,316640,,MMD_NHANES
1.4473267,-3.6415772,BRFSS,132057,,MMD_NHANES
14.249669,6.796642,BRFSS,286045,,MMD_NHANES
-7.1069403,-2.942976,BRFSS,440109,,MMD_NHANES
-7.700308,-2.5640986,BRFSS,177119,,MMD_NHANES
11.521969,0.23798051,BRFSS,106922,,MMD_NHANES
4.198542,3.94381,BRFSS,38610,,MMD_NHANES
-2.0581174,-9.425844,BRFSS,326965,,MMD_NHANES
9.371656,-8.633823,BRFSS,83945,,MMD_NHANES
3.802205,8.182106,BRFSS,419016,,MMD_NHANES
7.3327603,3.5315027,BRFSS,67023,,MMD_NHANES
-7.431844,-3.6949782,BRFSS,306506,,MMD_NHANES
-5.369096,-3.727419,BRFSS,150745,,MMD_NHANES
14.072693,6.368048,BRFSS,300181,,MMD_NHANES
11.155354,-14.027091,BRFSS,84463,,MMD_NHANES
7.547975,-5.1249433,NHANES,2555,Non-Hispanic White,MMD_NHANES
8.576919,1.1005281,BRFSS,448535,,MMD_NHANES
-5.606442,-6.378359,BRFSS,86715,,MMD_NHANES
7.407844,3.7675095,BRFSS,315374,,MMD_NHANES
10.118089,2.5292742,BRFSS,335876,,MMD_NHANES
3.8452744,5.666711,BRFSS,144304,,MMD_NHANES
-9.667264,-1.7222829,BRFSS,195069,,MMD_NHANES
3.7457888,3.8551822,BRFSS,36717,,MMD_NHANES
-9.2811,-2.149554,BRFSS,165930,,MMD_NHANES
6.2630944,14.512023,PIMA,694,Pima Indian,MMD_NHANES
11.076811,3.5114236,BRFSS,424874,,MMD_NHANES
-0.7943777,0.34431297,BRFSS,446798,,MMD_NHANES
-6.3985634,-4.442089,BRFSS,436704,,MMD_NHANES
6.926246,-2.6682503,BRFSS,240330,,MMD_NHANES
-4.4222918,4.575565,BRFSS,407904,,MMD_NHANES
0.3292167,2.4353814,BRFSS,330859,,MMD_NHANES
6.599878,14.17885,NHANES,7748,Other Hispanic,MMD_NHANES
11.731875,-14.593354,BRFSS,344229,,MMD_NHANES
3.1500914,-8.403137,BRFSS,12315,,MMD_NHANES
3.4455986,5.0507483,BRFSS,347933,,MMD_NHANES
-2.2891881,3.0385063,BRFSS,116118,,MMD_NHANES
9.163118,1.1065392,BRFSS,405580,,MMD_NHANES
-7.8384275,-2.1573646,BRFSS,64951,,MMD_NHANES
13.62551,-11.2264385,BRFSS,321743,,MMD_NHANES
1.0080262,2.7894037,BRFSS,142380,,MMD_NHANES
3.4326408,5.0130777,NHANES,2211,Mexican American,MMD_NHANES
-5.9093394,-4.771206,BRFSS,60897,,MMD_NHANES
5.6026626,4.390798,BRFSS,276389,,MMD_NHANES
-0.74195075,-10.201444,BRFSS,445622,,MMD_NHANES
-8.246918,-2.0462997,BRFSS,91208,,MMD_NHANES
3.660759,-6.2796855,BRFSS,405911,,MMD_NHANES
6.845278,-2.723924,BRFSS,340497,,MMD_NHANES
-15.325488,6.2127967,BRFSS,41235,,MMD_NHANES
7.030143,20.161716,BRFSS,20027,,MMD_NHANES
-6.698423,-3.696634,BRFSS,25161,,MMD_NHANES
-3.6187897,4.434532,BRFSS,439066,,MMD_NHANES
10.965036,1.9333186,BRFSS,20068,,MMD_NHANES
4.8242536,-6.263718,BRFSS,33593,,MMD_NHANES
5.557163,4.030091,BRFSS,57190,,MMD_NHANES
7.1181116,3.671406,BRFSS,258475,,MMD_NHANES
2.4306667,2.4109657,BRFSS,425204,,MMD_NHANES
-6.632084,-4.503089,BRFSS,199053,,MMD_NHANES
-5.034937,-6.730257,BRFSS,373669,,MMD_NHANES
-2.272087,3.0284035,BRFSS,113770,,MMD_NHANES
10.563266,-0.39252058,BRFSS,78658,,MMD_NHANES
-4.378367,4.659419,BRFSS,338347,,MMD_NHANES
5.1314898,-3.597274,BRFSS,360777,,MMD_NHANES
5.4589553,4.5957174,BRFSS,44567,,MMD_NHANES
-1.6392648,20.089441,BRFSS,35398,,MMD_NHANES
1.0399116,2.0828447,BRFSS,449051,,MMD_NHANES
4.241583,-5.2083254,BRFSS,404332,,MMD_NHANES
5.5697813,4.4675617,BRFSS,387657,,MMD_NHANES
11.19284,3.0214825,BRFSS,28367,,MMD_NHANES
1.2596068,1.7784067,BRFSS,142601,,MMD_NHANES
8.512513,2.3242495,BRFSS,290413,,MMD_NHANES
5.1294327,-6.344981,BRFSS,131126,,MMD_NHANES
3.8360608,-5.2523265,BRFSS,9736,,MMD_NHANES
2.8576987,-8.1008005,BRFSS,238301,,MMD_NHANES
-0.7127822,-10.5695715,BRFSS,304144,,MMD_NHANES
-7.717181,-2.5741868,BRFSS,158201,,MMD_NHANES
11.674466,-0.18906537,BRFSS,186882,,MMD_NHANES
8.616208,2.6386,BRFSS,309449,,MMD_NHANES
8.977581,-1.8447422,BRFSS,406989,,MMD_NHANES
4.9151382,5.0101247,BRFSS,166662,,MMD_NHANES
8.860595,4.120929,BRFSS,224679,,MMD_NHANES
-3.9479537,5.2799106,BRFSS,29490,,MMD_NHANES
9.348453,3.4113545,BRFSS,107355,,MMD_NHANES
8.895779,4.1475973,BRFSS,291673,,MMD_NHANES
14.08056,6.3805056,BRFSS,346096,,MMD_NHANES
4.541167,8.257604,BRFSS,275874,,MMD_NHANES
-1.112455,-0.26328123,BRFSS,426577,,MMD_NHANES
8.826869,3.2089174,BRFSS,139485,,MMD_NHANES
6.8841248,-2.6927485,BRFSS,203254,,MMD_NHANES
6.6681685,3.9188507,BRFSS,324796,,MMD_NHANES
9.529936,2.7778513,BRFSS,365646,,MMD_NHANES
2.3838842,2.6436274,BRFSS,13923,,MMD_NHANES
-7.92722,-3.155166,BRFSS,113202,,MMD_NHANES
2.4065068,3.519229,BRFSS,136710,,MMD_NHANES
3.0449514,6.3290257,BRFSS,426856,,MMD_NHANES
-0.82270426,-11.039449,BRFSS,371190,,MMD_NHANES
3.0797896,6.352581,BRFSS,361230,,MMD_NHANES
-7.2574763,-3.998223,BRFSS,287567,,MMD_NHANES
4.5618715,4.2196665,BRFSS,400498,,MMD_NHANES
-3.0484667,5.026822,BRFSS,18446,,MMD_NHANES
3.5794191,-5.3745446,BRFSS,79443,,MMD_NHANES
-6.5930533,-2.9988134,BRFSS,307014,,MMD_NHANES
9.210925,3.924916,BRFSS,223030,,MMD_NHANES
10.020193,3.5320103,BRFSS,448020,,MMD_NHANES
-15.32394,6.2128267,BRFSS,278289,,MMD_NHANES
6.687213,14.091174,PIMA,750,Pima Indian,MMD_NHANES
3.0663297,-6.2211246,BRFSS,135876,,MMD_NHANES
9.367489,-0.2846502,BRFSS,328737,,MMD_NHANES
3.950123,8.043005,BRFSS,33346,,MMD_NHANES
0.83739156,-3.3119285,BRFSS,449243,,MMD_NHANES
3.781209,8.173864,BRFSS,156841,,MMD_NHANES
-7.478089,-2.7903743,BRFSS,233270,,MMD_NHANES
3.6689088,-6.4134617,BRFSS,421852,,MMD_NHANES
8.029565,5.605628,BRFSS,164231,,MMD_NHANES
3.1573398,-4.228431,BRFSS,165439,,MMD_NHANES
-3.1314068,3.5674431,BRFSS,320444,,MMD_NHANES
-3.834528,4.898025,BRFSS,411560,,MMD_NHANES
8.191189,-3.1012015,BRFSS,263469,,MMD_NHANES
-0.66913456,0.35223246,BRFSS,182788,,MMD_NHANES
-2.1768386,-9.271334,BRFSS,83623,,MMD_NHANES
10.183261,-0.48661366,BRFSS,53959,,MMD_NHANES
5.3768663,-6.193142,BRFSS,329171,,MMD_NHANES
7.57106,19.947773,BRFSS,250631,,MMD_NHANES
2.9036953,-11.017252,BRFSS,12769,,MMD_NHANES
9.22808,-0.7854268,BRFSS,387990,,MMD_NHANES
0.6789317,2.9564059,BRFSS,109479,,MMD_NHANES
-6.4113135,-6.02167,BRFSS,83040,,MMD_NHANES
1.4660994,1.3598001,BRFSS,76354,,MMD_NHANES
2.4961812,3.114638,BRFSS,248623,,MMD_NHANES
2.945274,-8.159078,BRFSS,314389,,MMD_NHANES
-6.426282,-4.413592,BRFSS,325706,,MMD_NHANES
10.966587,0.5785832,BRFSS,406567,,MMD_NHANES
3.1987646,4.00961,BRFSS,85745,,MMD_NHANES
4.986936,4.9642243,BRFSS,42400,,MMD_NHANES
2.2422128,5.490958,BRFSS,154790,,MMD_NHANES
3.3004692,3.3658576,BRFSS,305243,,MMD_NHANES
-6.772568,-5.1647034,BRFSS,259327,,MMD_NHANES
5.038749,-4.96281,BRFSS,324865,,MMD_NHANES
-4.1878777,-6.967187,BRFSS,375438,,MMD_NHANES
-5.3993263,-6.48295,BRFSS,189364,,MMD_NHANES
1.2178891,0.7063897,BRFSS,74684,,MMD_NHANES
9.237925,-0.76043016,BRFSS,336603,,MMD_NHANES
6.3318996,4.5054903,BRFSS,324456,,MMD_NHANES
5.5189056,4.0324574,BRFSS,350999,,MMD_NHANES
1.0159194,1.8925067,BRFSS,210158,,MMD_NHANES
10.949604,1.9481412,BRFSS,217429,,MMD_NHANES
1.3804643,3.2156346,BRFSS,80739,,MMD_NHANES
-4.350709,4.875417,BRFSS,169537,,MMD_NHANES
2.815507,1.851719,BRFSS,273808,,MMD_NHANES
8.525857,3.3688872,BRFSS,342460,,MMD_NHANES
3.1316652,2.2545655,BRFSS,162191,,MMD_NHANES
4.4491677,7.9089913,BRFSS,414759,,MMD_NHANES
-4.8237042,2.020031,BRFSS,318478,,MMD_NHANES
1.3530859,-3.6074572,BRFSS,348772,,MMD_NHANES
3.8350196,8.099415,BRFSS,247284,,MMD_NHANES
8.44617,-2.9325185,BRFSS,321081,,MMD_NHANES
-1.5503467,21.710236,BRFSS,109468,,MMD_NHANES
0.23651268,0.3631292,BRFSS,400922,,MMD_NHANES
3.1121237,-8.332749,BRFSS,296420,,MMD_NHANES
1.6244221,1.9860709,BRFSS,74946,,MMD_NHANES
2.9351737,-8.141354,BRFSS,416301,,MMD_NHANES
-3.0309362,4.6084533,BRFSS,77514,,MMD_NHANES
11.409618,-14.280506,BRFSS,317274,,MMD_NHANES
3.4354095,-6.800699,BRFSS,168021,,MMD_NHANES
-0.012493521,1.1388822,BRFSS,20424,,MMD_NHANES
-4.827431,5.363661,BRFSS,256183,,MMD_NHANES
1.9670267,-3.8578985,BRFSS,379624,,MMD_NHANES
-14.835757,5.191141,BRFSS,151701,,MMD_NHANES
5.6994157,-3.34509,BRFSS,357593,,MMD_NHANES
-3.2974443,-7.8530984,BRFSS,431503,,MMD_NHANES
4.620258,4.1631274,BRFSS,61316,,MMD_NHANES
-15.034293,5.575374,BRFSS,204370,,MMD_NHANES
1.3093046,3.025536,BRFSS,63802,,MMD_NHANES
5.1099243,-3.4677432,BRFSS,242636,,MMD_NHANES
8.8042145,-0.3242635,BRFSS,264530,,MMD_NHANES
-8.139368,-6.665568,BRFSS,282278,,MMD_NHANES
3.9483807,-6.3907614,BRFSS,334610,,MMD_NHANES
-1.6531024,21.42902,BRFSS,402541,,MMD_NHANES
0.8572448,2.0384226,BRFSS,307087,,MMD_NHANES
-7.933792,-3.0063832,BRFSS,247585,,MMD_NHANES
5.7717495,3.2813504,BRFSS,172666,,MMD_NHANES
1.9735521,5.151337,BRFSS,74466,,MMD_NHANES
-6.828638,-5.3992267,BRFSS,157627,,MMD_NHANES
-2.673563,5.178782,BRFSS,323426,,MMD_NHANES
10.128185,-0.47302476,BRFSS,19370,,MMD_NHANES
-0.71161276,-10.724964,BRFSS,64039,,MMD_NHANES
3.215621,4.9030175,BRFSS,305700,,MMD_NHANES
4.446087,-3.3892915,BRFSS,42632,,MMD_NHANES
-9.292495,-2.126654,BRFSS,82063,,MMD_NHANES
8.967618,-1.1959589,BRFSS,164096,,MMD_NHANES
0.73386884,3.1815233,BRFSS,231736,,MMD_NHANES
-3.287248,3.8272817,BRFSS,364557,,MMD_NHANES
-15.336223,6.2440643,BRFSS,329156,,MMD_NHANES
4.2757607,4.911243,BRFSS,33176,,MMD_NHANES
4.5804133,5.850143,BRFSS,64855,,MMD_NHANES
-4.5631204,2.089117,BRFSS,149722,,MMD_NHANES
-2.0759919,-9.428384,BRFSS,203163,,MMD_NHANES
-1.0648211,22.055529,BRFSS,169824,,MMD_NHANES
-3.1492217,-8.021363,BRFSS,239999,,MMD_NHANES
-0.5661429,0.8678266,BRFSS,248609,,MMD_NHANES
-2.6998978,-8.56997,BRFSS,280147,,MMD_NHANES
3.068264,-6.2807384,BRFSS,339523,,MMD_NHANES
-15.363416,6.2621317,BRFSS,76395,,MMD_NHANES
-6.8188906,-2.7397962,BRFSS,435634,,MMD_NHANES
1.5499489,3.59435,BRFSS,434615,,MMD_NHANES
2.7725105,-4.777051,BRFSS,326330,,MMD_NHANES
4.360097,3.0973942,BRFSS,61085,,MMD_NHANES
-7.848605,-3.18146,BRFSS,323051,,MMD_NHANES
0.14652929,1.1279794,BRFSS,280657,,MMD_NHANES
-0.15842412,-0.46489578,BRFSS,403434,,MMD_NHANES
3.6165302,-2.7594962,BRFSS,371118,,MMD_NHANES
4.0357957,-6.5834184,BRFSS,296838,,MMD_NHANES
11.293509,-2.7803543,BRFSS,369191,,MMD_NHANES
-15.061922,5.629237,BRFSS,442492,,MMD_NHANES
14.06028,6.3423095,BRFSS,127932,,MMD_NHANES
2.3086627,1.5663594,BRFSS,27510,,MMD_NHANES
1.1733701,-3.5088885,BRFSS,363469,,MMD_NHANES
8.890623,1.970318,BRFSS,245097,,MMD_NHANES
7.789629,4.9673085,BRFSS,214448,,MMD_NHANES
-1.034235,-1.0665361,BRFSS,387291,,MMD_NHANES
-2.6637747,-8.695201,BRFSS,235775,,MMD_NHANES
2.8702805,5.7012615,BRFSS,79494,,MMD_NHANES
7.23348,-5.054535,BRFSS,244617,,MMD_NHANES
6.270041,3.3170714,BRFSS,371372,,MMD_NHANES
10.474433,1.7671248,BRFSS,364109,,MMD_NHANES
-7.084847,-4.645403,BRFSS,82187,,MMD_NHANES
-7.7148423,-2.5799818,BRFSS,353899,,MMD_NHANES
6.564528,14.214177,NHANES,8983,Non-Hispanic White,MMD_NHANES
5.1598663,-6.2801433,BRFSS,86438,,MMD_NHANES
-9.3092985,-2.3606887,BRFSS,61029,,MMD_NHANES
3.5407867,3.4720178,BRFSS,33946,,MMD_NHANES
-6.8235054,-2.7197106,BRFSS,345851,,MMD_NHANES
11.282997,-2.751668,BRFSS,316631,,MMD_NHANES
11.2938385,-2.7678876,BRFSS,419945,,MMD_NHANES
2.0706644,4.8977213,BRFSS,434827,,MMD_NHANES
-7.404383,-2.7453918,BRFSS,356307,,MMD_NHANES
9.900186,0.85526556,BRFSS,143705,,MMD_NHANES
-1.5289651,-0.8174053,BRFSS,324370,,MMD_NHANES
8.459987,-2.150107,BRFSS,223517,,MMD_NHANES
2.2721837,2.7566917,BRFSS,185284,,MMD_NHANES
11.281807,2.2963247,BRFSS,334069,,MMD_NHANES
9.413418,1.8753839,BRFSS,287626,,MMD_NHANES
3.252722,-6.1424184,BRFSS,43959,,MMD_NHANES
10.642826,1.6453167,BRFSS,198460,,MMD_NHANES
-1.0781465,-0.554209,BRFSS,94543,,MMD_NHANES
0.8257911,-3.2994788,BRFSS,298560,,MMD_NHANES
-8.159185,-1.8988322,BRFSS,324567,,MMD_NHANES
-2.0578077,2.9222891,BRFSS,419198,,MMD_NHANES
8.248133,-3.1050456,BRFSS,389624,,MMD_NHANES
-1.6042507,20.027237,BRFSS,351473,,MMD_NHANES
0.40165123,1.2190288,BRFSS,87859,,MMD_NHANES
5.0650296,5.1722302,BRFSS,190792,,MMD_NHANES
-1.5298414,-0.8685184,BRFSS,247419,,MMD_NHANES
-9.764579,-1.6000316,BRFSS,34001,,MMD_NHANES
9.47903,-0.3921712,BRFSS,358048,,MMD_NHANES
11.0576315,3.7993417,BRFSS,66242,,MMD_NHANES
-2.8681996,-8.437669,BRFSS,209553,,MMD_NHANES
-15.312655,6.2018366,BRFSS,432497,,MMD_NHANES
-2.7678473,5.3295536,BRFSS,136476,,MMD_NHANES
-1.5302677,21.748238,BRFSS,122020,,MMD_NHANES
-1.5161093,-0.88719517,BRFSS,182938,,MMD_NHANES
-4.8702016,2.279123,BRFSS,375041,,MMD_NHANES
3.482285,-6.6986723,BRFSS,73877,,MMD_NHANES
2.4507334,5.2544875,BRFSS,386837,,MMD_NHANES
-4.87776,-5.4379354,BRFSS,385841,,MMD_NHANES
-2.2000363,-9.278447,BRFSS,164476,,MMD_NHANES
8.596691,2.3371284,BRFSS,389328,,MMD_NHANES
7.709413,19.874117,BRFSS,388667,,MMD_NHANES
1.9000245,1.1577121,BRFSS,442126,,MMD_NHANES
1.6951083,-3.7381299,BRFSS,287302,,MMD_NHANES
-4.9772434,-4.2928524,BRFSS,438768,,MMD_NHANES
9.3532915,-2.3350415,BRFSS,329917,,MMD_NHANES
-2.954355,5.1579204,BRFSS,250508,,MMD_NHANES
-5.016058,14.839548,BRFSS,381818,,MMD_NHANES
8.420826,1.6938105,BRFSS,421875,,MMD_NHANES
4.6682835,6.6584754,BRFSS,307565,,MMD_NHANES
-6.757363,-3.721986,BRFSS,300710,,MMD_NHANES
4.8822737,2.4168198,BRFSS,243965,,MMD_NHANES
8.9033575,1.3016104,BRFSS,398864,,MMD_NHANES
-4.775615,5.3337703,BRFSS,404966,,MMD_NHANES
3.0684245,1.3086967,BRFSS,28859,,MMD_NHANES
3.1334553,1.4004657,BRFSS,75535,,MMD_NHANES
3.4674783,-6.2717166,BRFSS,127370,,MMD_NHANES
5.3501167,-6.2113175,BRFSS,250908,,MMD_NHANES
5.753976,3.3072915,BRFSS,53558,,MMD_NHANES
8.136837,-2.2208276,BRFSS,189744,,MMD_NHANES
5.6179605,-3.4953797,BRFSS,161578,,MMD_NHANES
9.11743,-2.9216888,BRFSS,90124,,MMD_NHANES
3.9679556,8.078475,BRFSS,359270,,MMD_NHANES
4.4619246,4.4842844,BRFSS,289060,,MMD_NHANES
2.4241133,5.6040382,BRFSS,15945,,MMD_NHANES
4.6512036,-5.208268,BRFSS,415353,,MMD_NHANES
7.109601,3.6884663,BRFSS,309255,,MMD_NHANES
3.5542295,-4.002481,BRFSS,347695,,MMD_NHANES
-0.7077705,0.16350408,BRFSS,76069,,MMD_NHANES
4.59064,5.3177133,BRFSS,422602,,MMD_NHANES
1.1755139,2.9936872,BRFSS,76334,,MMD_NHANES
-2.7369673,-8.619421,BRFSS,82873,,MMD_NHANES
-0.0049546137,1.1992126,BRFSS,57988,,MMD_NHANES
7.000692,20.16888,BRFSS,54602,,MMD_NHANES
-0.26817888,-0.47395468,BRFSS,292933,,MMD_NHANES
2.8348863,-6.8575373,BRFSS,17933,,MMD_NHANES
-2.0123086,-9.727271,BRFSS,66224,,MMD_NHANES
1.264352,0.8554249,BRFSS,59062,,MMD_NHANES
-14.848291,5.2059546,BRFSS,327050,,MMD_NHANES
3.6995108,-4.9034495,BRFSS,52882,,MMD_NHANES
4.8600216,2.4851673,BRFSS,398325,,MMD_NHANES
-2.717046,5.811267,BRFSS,268865,,MMD_NHANES
1.554541,4.489752,BRFSS,25776,,MMD_NHANES
8.5024185,-1.527219,BRFSS,297074,,MMD_NHANES
1.1878644,3.0199683,BRFSS,298444,,MMD_NHANES
11.544943,0.4067618,BRFSS,270682,,MMD_NHANES
3.5840652,-5.735361,BRFSS,333454,,MMD_NHANES
-2.4759922,-8.922248,BRFSS,30945,,MMD_NHANES
5.550281,-3.586427,BRFSS,296461,,MMD_NHANES
3.4324925,5.047572,BRFSS,38886,,MMD_NHANES
0.9114774,2.824317,BRFSS,212012,,MMD_NHANES
1.9771991,-3.8648117,BRFSS,252058,,MMD_NHANES
-7.871812,-2.2047672,BRFSS,344801,,MMD_NHANES
-5.3660183,-3.7289875,BRFSS,287232,,MMD_NHANES
8.2813015,4.1578784,BRFSS,45434,,MMD_NHANES
0.41177997,0.405326,BRFSS,430702,,MMD_NHANES
1.7829508,4.6298785,BRFSS,448416,,MMD_NHANES
8.336674,-2.1895554,BRFSS,143768,,MMD_NHANES
-7.242536,-3.9720333,BRFSS,158081,,MMD_NHANES
-5.4015684,-6.48046,BRFSS,92373,,MMD_NHANES
7.643573,3.4883769,BRFSS,425884,,MMD_NHANES
3.6901572,-6.584019,BRFSS,103659,,MMD_NHANES
7.050206,20.145884,BRFSS,391685,,MMD_NHANES
1.2008188,-3.528942,BRFSS,100477,,MMD_NHANES
-2.4178112,-8.998247,BRFSS,202325,,MMD_NHANES
4.374324,8.1785345,BRFSS,138921,,MMD_NHANES
4.6955934,-5.766897,BRFSS,107904,,MMD_NHANES
-3.6399236,4.431575,BRFSS,74106,,MMD_NHANES
13.700929,-11.302874,BRFSS,445349,,MMD_NHANES
7.345012,3.664146,BRFSS,79916,,MMD_NHANES
4.2361264,-6.56337,BRFSS,65351,,MMD_NHANES
-5.6824155,-4.3150682,BRFSS,23405,,MMD_NHANES
-1.5488836,-11.088378,BRFSS,61937,,MMD_NHANES
-9.770021,-1.5964485,BRFSS,297422,,MMD_NHANES
10.156841,-0.48423558,BRFSS,320016,,MMD_NHANES
11.176519,-14.048307,BRFSS,29153,,MMD_NHANES
4.89718,5.016683,BRFSS,163159,,MMD_NHANES
11.451772,1.7371663,BRFSS,156202,,MMD_NHANES
2.918321,-5.278163,BRFSS,144335,,MMD_NHANES
3.0029674,-5.4544487,NHANES,5082,Non-Hispanic Black,MMD_NHANES
0.5041566,0.27803388,BRFSS,69979,,MMD_NHANES
-2.8042123,5.7911735,BRFSS,440525,,MMD_NHANES
6.972177,-4.994589,BRFSS,373854,,MMD_NHANES
9.891842,-0.79318964,BRFSS,205069,,MMD_NHANES
7.9792624,4.699668,BRFSS,324297,,MMD_NHANES
9.590308,1.8502042,BRFSS,21221,,MMD_NHANES
4.608169,6.9846163,BRFSS,349886,,MMD_NHANES
9.093552,1.2179719,BRFSS,193442,,MMD_NHANES
1.9013605,2.1450312,BRFSS,294126,,MMD_NHANES
10.69432,1.6617538,BRFSS,394707,,MMD_NHANES
4.8379793,8.107641,BRFSS,58754,,MMD_NHANES
-3.0356154,3.482795,BRFSS,96778,,MMD_NHANES
8.632689,1.0171206,BRFSS,199884,,MMD_NHANES
-4.3857355,4.656509,BRFSS,191726,,MMD_NHANES
-7.383629,-3.314865,BRFSS,312224,,MMD_NHANES
1.6660261,4.50612,BRFSS,435467,,MMD_NHANES
2.031382,3.5515182,BRFSS,448598,,MMD_NHANES
-1.6841719,21.240433,BRFSS,14113,,MMD_NHANES
5.8378754,-4.2098103,BRFSS,381505,,MMD_NHANES
5.7839103,4.1015415,BRFSS,66137,,MMD_NHANES
-2.6111019,5.2531295,BRFSS,193706,,MMD_NHANES
8.7804365,2.263133,BRFSS,407475,,MMD_NHANES
1.2179743,1.2070614,BRFSS,231374,,MMD_NHANES
8.820466,0.27858588,BRFSS,159521,,MMD_NHANES
1.7936002,4.7300997,BRFSS,68619,,MMD_NHANES
-7.6238375,-3.0109973,BRFSS,262061,,MMD_NHANES
6.691979,14.087023,NHANES,2295,Non-Hispanic White,MMD_NHANES
-0.8815206,-0.02387677,BRFSS,211055,,MMD_NHANES
5.914244,-4.1721654,BRFSS,68777,,MMD_NHANES
4.686465,-6.217286,BRFSS,129329,,MMD_NHANES
-1.2826318,-1.2490358,BRFSS,40174,,MMD_NHANES
2.098326,2.4957376,BRFSS,230756,,MMD_NHANES
6.4529514,20.199186,BRFSS,269294,,MMD_NHANES
-3.8153865,4.8851857,BRFSS,130272,,MMD_NHANES
4.707049,-5.5673947,BRFSS,251383,,MMD_NHANES
-3.9127734,-7.2797804,BRFSS,82852,,MMD_NHANES
8.282015,-3.073831,BRFSS,352243,,MMD_NHANES
-5.022729,-6.742994,BRFSS,346418,,MMD_NHANES
-2.417119,6.0987263,BRFSS,217093,,MMD_NHANES
4.4592414,5.4140677,BRFSS,17175,,MMD_NHANES
-2.066153,2.9226506,BRFSS,410678,,MMD_NHANES
-5.020678,14.834827,BRFSS,427316,,MMD_NHANES
4.9021735,7.8889523,BRFSS,236025,,MMD_NHANES
11.203038,-2.6986263,BRFSS,334859,,MMD_NHANES
6.7683506,3.5492475,BRFSS,106366,,MMD_NHANES
3.583901,-5.927782,BRFSS,286874,,MMD_NHANES
3.3773115,-3.3134987,BRFSS,344214,,MMD_NHANES
-0.28360194,-0.51099783,BRFSS,42373,,MMD_NHANES
-3.948627,5.2565317,BRFSS,115972,,MMD_NHANES
-1.5979121,21.595404,BRFSS,139237,,MMD_NHANES
4.3029146,2.4868217,BRFSS,218517,,MMD_NHANES
-7.7914443,-2.1215787,BRFSS,259071,,MMD_NHANES
6.451667,14.325678,NHANES,8347,Non-Hispanic Asian,MMD_NHANES
-4.846349,2.0445626,BRFSS,280233,,MMD_NHANES
-2.141543,-9.469128,BRFSS,60075,,MMD_NHANES
-0.9065843,-11.14488,BRFSS,396465,,MMD_NHANES
-4.4119506,4.7373934,BRFSS,220866,,MMD_NHANES
4.481074,-4.1671433,BRFSS,37099,,MMD_NHANES
9.6443205,-0.7942451,BRFSS,393370,,MMD_NHANES
-4.349021,4.7542562,BRFSS,379076,,MMD_NHANES
7.258909,4.4632034,BRFSS,162863,,MMD_NHANES
-15.033868,5.59057,BRFSS,227173,,MMD_NHANES
-6.6851435,-4.828431,BRFSS,385207,,MMD_NHANES
13.68874,-11.289894,BRFSS,434092,,MMD_NHANES
-2.5990455,5.939993,BRFSS,231988,,MMD_NHANES
5.0050607,5.690821,BRFSS,334816,,MMD_NHANES
2.0364072,-3.8988588,BRFSS,95649,,MMD_NHANES
5.148606,-6.375851,BRFSS,147424,,MMD_NHANES
11.294094,-2.88982,NHANES,4545,Non-Hispanic Black,MMD_NHANES
11.548295,-14.415314,BRFSS,67077,,MMD_NHANES
8.709068,2.2922115,BRFSS,310060,,MMD_NHANES
-6.969438,-2.6652184,BRFSS,450075,,MMD_NHANES
0.9686138,1.2865185,BRFSS,26539,,MMD_NHANES
6.08415,3.2894778,BRFSS,98975,,MMD_NHANES
-8.285839,-2.0949686,BRFSS,445085,,MMD_NHANES
2.247454,2.7248874,BRFSS,216274,,MMD_NHANES
-6.8194056,-0.6734212,BRFSS,396293,,MMD_NHANES
9.421119,0.96945894,BRFSS,381615,,MMD_NHANES
-4.1952014,-6.9735374,BRFSS,291613,,MMD_NHANES
-9.284924,-2.124966,BRFSS,438337,,MMD_NHANES
6.9009676,20.18561,BRFSS,423818,,MMD_NHANES
4.6829953,2.3449717,BRFSS,355316,,MMD_NHANES
0.44906324,2.6172938,BRFSS,33121,,MMD_NHANES
2.2644944,1.1185592,BRFSS,84694,,MMD_NHANES
-1.6134593,21.5589,BRFSS,54815,,MMD_NHANES
-6.7022505,-3.715337,BRFSS,400841,,MMD_NHANES
8.520271,-2.139785,BRFSS,335019,,MMD_NHANES
-0.091578424,0.39494255,BRFSS,155164,,MMD_NHANES
-2.451548,3.1442273,BRFSS,227151,,MMD_NHANES
8.054664,5.58874,BRFSS,124642,,MMD_NHANES
-2.0807726,2.9321275,BRFSS,406593,,MMD_NHANES
-15.381459,6.299806,BRFSS,394670,,MMD_NHANES
-6.0251913,-3.3492799,BRFSS,254248,,MMD_NHANES
4.6059175,7.2605987,BRFSS,19617,,MMD_NHANES
-2.1852648,-9.467995,BRFSS,90975,,MMD_NHANES
9.182351,-2.8493044,BRFSS,208627,,MMD_NHANES
3.0131178,6.1362047,BRFSS,60535,,MMD_NHANES
8.646531,3.0727727,BRFSS,151772,,MMD_NHANES
-4.923543,14.930887,BRFSS,432919,,MMD_NHANES
-6.8144026,-4.8691683,BRFSS,81797,,MMD_NHANES
-2.7571669,5.35606,BRFSS,216381,,MMD_NHANES
8.946741,4.1719975,BRFSS,447765,,MMD_NHANES
-6.960629,-0.9869368,BRFSS,61773,,MMD_NHANES
-5.7534404,-3.4900534,BRFSS,265693,,MMD_NHANES
4.0591497,-3.9579864,BRFSS,49007,,MMD_NHANES
-4.190833,-6.9611382,BRFSS,254925,,MMD_NHANES
8.931136,0.09945192,BRFSS,206260,,MMD_NHANES
11.499732,-2.9334526,BRFSS,450029,,MMD_NHANES
6.2739406,14.501429,NHANES,5502,Non-Hispanic Black,MMD_NHANES
1.2671685,1.8453473,BRFSS,317020,,MMD_NHANES
4.0962024,-4.1085234,BRFSS,165576,,MMD_NHANES
11.553896,-14.420139,BRFSS,232809,,MMD_NHANES
5.864084,3.2386086,BRFSS,61607,,MMD_NHANES
-5.572575,-6.4135695,BRFSS,53617,,MMD_NHANES
8.37683,-2.1908844,BRFSS,355587,,MMD_NHANES
4.7924867,-5.2382617,BRFSS,413718,,MMD_NHANES
5.0465426,5.657439,BRFSS,225753,,MMD_NHANES
11.120834,3.056917,BRFSS,357416,,MMD_NHANES
-6.7215776,-5.7888794,BRFSS,103221,,MMD_NHANES
11.346838,-2.8091283,BRFSS,446905,,MMD_NHANES
13.652689,-11.25353,BRFSS,368617,,MMD_NHANES
3.9967182,3.585945,BRFSS,93802,,MMD_NHANES
0.92376155,2.7963579,BRFSS,28030,,MMD_NHANES
2.887665,6.465165,BRFSS,161163,,MMD_NHANES
1.5361851,0.8335626,BRFSS,143410,,MMD_NHANES
-6.7492566,-4.558679,BRFSS,269458,,MMD_NHANES
1.5159447,0.8198521,BRFSS,208263,,MMD_NHANES
-7.012153,-4.9633718,BRFSS,365140,,MMD_NHANES
-4.943538,5.412308,BRFSS,107267,,MMD_NHANES
-3.4804099,-7.5833473,BRFSS,95948,,MMD_NHANES
3.4003336,-7.390285,BRFSS,172534,,MMD_NHANES
1.3001007,-3.5760353,BRFSS,48275,,MMD_NHANES
4.332478,-6.1602774,BRFSS,304801,,MMD_NHANES
-5.3521676,-3.7438114,BRFSS,89652,,MMD_NHANES
1.756504,4.7614,BRFSS,140924,,MMD_NHANES
4.6701813,7.5976353,BRFSS,282333,,MMD_NHANES
1.5540099,3.4656503,BRFSS,303206,,MMD_NHANES
2.6960347,1.2990339,BRFSS,273188,,MMD_NHANES
8.165615,-3.1004474,BRFSS,83903,,MMD_NHANES
-0.9511172,-10.15273,BRFSS,96734,,MMD_NHANES
-4.2839065,2.4727173,BRFSS,256550,,MMD_NHANES
3.0919182,-5.619815,BRFSS,208753,,MMD_NHANES
-3.5896852,3.1817248,BRFSS,408743,,MMD_NHANES
2.7707336,5.466175,BRFSS,75724,,MMD_NHANES
-1.6167898,21.551119,BRFSS,275770,,MMD_NHANES
2.0238702,2.3850029,BRFSS,56632,,MMD_NHANES
11.321624,2.3320918,BRFSS,98603,,MMD_NHANES
10.508591,3.4868846,BRFSS,353371,,MMD_NHANES
2.9366713,-8.12424,BRFSS,174953,,MMD_NHANES
11.108908,3.4902089,BRFSS,378627,,MMD_NHANES
4.528778,-3.5055735,BRFSS,213754,,MMD_NHANES
8.9934,-1.2185462,BRFSS,100899,,MMD_NHANES
3.7020566,-2.8975635,BRFSS,62736,,MMD_NHANES
7.103553,20.122173,BRFSS,289634,,MMD_NHANES
11.121346,3.7932098,BRFSS,272759,,MMD_NHANES
3.007781,-5.455649,BRFSS,34084,,MMD_NHANES
10.63635,3.758977,BRFSS,87931,,MMD_NHANES
0.78305507,-3.263407,BRFSS,175222,,MMD_NHANES
-4.335484,4.9997563,BRFSS,195736,,MMD_NHANES
-1.0603936,-1.0653185,BRFSS,311490,,MMD_NHANES
-8.116547,-6.7012,BRFSS,172051,,MMD_NHANES
-4.896612,2.3408027,BRFSS,53457,,MMD_NHANES
8.632858,2.6415522,BRFSS,442032,,MMD_NHANES
-4.204897,-6.978514,BRFSS,186711,,MMD_NHANES
13.68989,-11.290985,BRFSS,323746,,MMD_NHANES
0.118960366,1.1716884,BRFSS,400887,,MMD_NHANES
-1.6743889,21.248392,BRFSS,344492,,MMD_NHANES
4.5947742,6.9915123,BRFSS,94756,,MMD_NHANES
0.7107275,0.5393562,BRFSS,391796,,MMD_NHANES
2.0874507,2.5732632,BRFSS,258222,,MMD_NHANES
-8.067257,-6.7625837,BRFSS,327846,,MMD_NHANES
1.2852217,0.5946423,BRFSS,21034,,MMD_NHANES
-6.6594486,-5.544375,BRFSS,242026,,MMD_NHANES
-4.9743876,-5.418776,BRFSS,312293,,MMD_NHANES
1.5797912,4.4345593,BRFSS,294966,,MMD_NHANES
4.436538,4.5347476,BRFSS,315605,,MMD_NHANES
6.2641983,14.51111,NHANES,9211,Non-Hispanic Black,MMD_NHANES
-2.2570944,-9.238918,BRFSS,96960,,MMD_NHANES
5.3777037,-6.18764,BRFSS,358518,,MMD_NHANES
11.3077545,-14.180517,BRFSS,27116,,MMD_NHANES
8.458089,1.5394114,BRFSS,337848,,MMD_NHANES
7.548657,-5.125177,BRFSS,71433,,MMD_NHANES
3.4701202,-6.754018,BRFSS,114633,,MMD_NHANES
-5.0187764,14.836751,BRFSS,224912,,MMD_NHANES
10.062642,4.0107965,BRFSS,442701,,MMD_NHANES
-9.713851,-1.6575165,BRFSS,364798,,MMD_NHANES
5.58869,4.4549656,BRFSS,149259,,MMD_NHANES
4.9376316,2.3328164,BRFSS,189198,,MMD_NHANES
-7.7816772,-3.199901,BRFSS,23233,,MMD_NHANES
-3.4212048,4.288628,BRFSS,254772,,MMD_NHANES
6.582498,4.3642864,BRFSS,389925,,MMD_NHANES
-7.461613,-6.4404902,BRFSS,260623,,MMD_NHANES
-3.120461,3.5856402,BRFSS,149660,,MMD_NHANES
4.7946954,-6.1986566,BRFSS,152785,,MMD_NHANES
-2.0533714,-9.4158745,BRFSS,338168,,MMD_NHANES
2.6684642,3.7343745,BRFSS,214069,,MMD_NHANES
8.840042,-1.9823624,BRFSS,140354,,MMD_NHANES
3.7959516,-3.1204903,BRFSS,57705,,MMD_NHANES
11.1770525,3.0254142,BRFSS,133481,,MMD_NHANES
11.490742,-2.9324331,BRFSS,307974,,MMD_NHANES
-1.5232593,21.75305,BRFSS,317166,,MMD_NHANES
-1.8424292,-10.630775,BRFSS,395334,,MMD_NHANES
-4.352642,5.084656,BRFSS,49267,,MMD_NHANES
-8.083006,-6.747455,BRFSS,225949,,MMD_NHANES
3.6767056,-2.8256745,BRFSS,27012,,MMD_NHANES
-1.5669688,19.98516,BRFSS,382233,,MMD_NHANES
3.1951551,3.723894,BRFSS,43096,,MMD_NHANES
-1.1390842,-0.9426422,BRFSS,393416,,MMD_NHANES
10.813677,1.5855513,BRFSS,68039,,MMD_NHANES
11.420466,1.8160723,BRFSS,240931,,MMD_NHANES
0.9993856,0.9516561,BRFSS,229221,,MMD_NHANES
8.439638,1.7621294,BRFSS,254806,,MMD_NHANES
-4.381698,4.5693197,BRFSS,183465,,MMD_NHANES
4.811754,6.583019,BRFSS,354800,,MMD_NHANES
2.512452,5.631047,BRFSS,14295,,MMD_NHANES
1.0403124,1.7628404,BRFSS,422238,,MMD_NHANES
5.14167,-6.4007344,BRFSS,141741,,MMD_NHANES
-7.947431,-2.9776504,BRFSS,376916,,MMD_NHANES
4.597958,4.9204245,BRFSS,157196,,MMD_NHANES
3.6480665,-2.8430872,BRFSS,311340,,MMD_NHANES
5.7566204,4.144819,BRFSS,34047,,MMD_NHANES
1.4384396,-3.637915,BRFSS,10138,,MMD_NHANES
4.338903,3.1286085,BRFSS,300024,,MMD_NHANES
5.8390136,-4.2201276,BRFSS,328680,,MMD_NHANES
-6.916452,-5.1855597,BRFSS,79310,,MMD_NHANES
-6.5878243,-5.92448,BRFSS,77310,,MMD_NHANES
4.6845803,-5.2888584,BRFSS,150218,,MMD_NHANES
9.190951,3.9142928,BRFSS,35860,,MMD_NHANES
8.493455,19.25935,BRFSS,389749,,MMD_NHANES
-6.9998426,-4.5543094,BRFSS,347673,,MMD_NHANES
9.456844,2.3281446,BRFSS,432902,,MMD_NHANES
-2.4218588,-8.998365,BRFSS,64378,,MMD_NHANES
-6.7742596,-4.831467,BRFSS,50633,,MMD_NHANES
4.7733703,5.528471,BRFSS,163117,,MMD_NHANES
2.7571082,2.650411,BRFSS,236752,,MMD_NHANES
-1.0386965,22.06859,BRFSS,355053,,MMD_NHANES
0.107799836,1.1739541,BRFSS,444074,,MMD_NHANES
4.835553,-4.5701056,BRFSS,352614,,MMD_NHANES
-2.2997234,3.045131,BRFSS,417444,,MMD_NHANES
9.688589,2.705172,BRFSS,32270,,MMD_NHANES
7.2923226,4.4839444,BRFSS,144714,,MMD_NHANES
1.0283177,2.9204948,BRFSS,319144,,MMD_NHANES
-3.2383409,-7.887764,BRFSS,10527,,MMD_NHANES
2.0889454,2.4544516,BRFSS,18044,,MMD_NHANES
-1.0574303,-11.172223,BRFSS,439692,,MMD_NHANES
8.975519,-1.1806942,BRFSS,273906,,MMD_NHANES
-5.0009117,-4.990711,BRFSS,150864,,MMD_NHANES
6.637766,3.9958863,NHANES,1795,Non-Hispanic Black,MMD_NHANES
1.2909597,2.07244,BRFSS,439528,,MMD_NHANES
-4.6342745,5.2926097,BRFSS,192007,,MMD_NHANES
3.3016984,-7.6384296,BRFSS,205169,,MMD_NHANES
4.4714456,4.471702,BRFSS,342908,,MMD_NHANES
-3.575771,5.2518034,BRFSS,59654,,MMD_NHANES
-1.5864348,21.692362,BRFSS,392905,,MMD_NHANES
14.050043,6.3371553,BRFSS,305021,,MMD_NHANES
9.1173725,-2.9440079,BRFSS,382696,,MMD_NHANES
8.831346,0.26742074,BRFSS,169387,,MMD_NHANES
2.912647,-11.026265,BRFSS,171240,,MMD_NHANES
10.948975,1.9291278,BRFSS,294760,,MMD_NHANES
1.4965385,0.7852135,BRFSS,124171,,MMD_NHANES
-4.521142,2.1177568,BRFSS,440950,,MMD_NHANES
0.06679639,1.223744,BRFSS,371644,,MMD_NHANES
-0.71739286,-10.604892,BRFSS,85102,,MMD_NHANES
4.668766,6.6438923,BRFSS,242546,,MMD_NHANES
11.0988655,3.7158883,BRFSS,160043,,MMD_NHANES
14.269735,6.829936,BRFSS,289724,,MMD_NHANES
10.214489,-0.5008078,BRFSS,291945,,MMD_NHANES
-1.680287,21.317995,BRFSS,213991,,MMD_NHANES
-5.8204684,-3.4453623,BRFSS,328367,,MMD_NHANES
10.985136,0.56456214,BRFSS,192240,,MMD_NHANES
7.1421385,3.6390269,BRFSS,164762,,MMD_NHANES
2.898997,-6.7581015,BRFSS,19105,,MMD_NHANES
7.687132,4.6685205,BRFSS,281687,,MMD_NHANES
2.8695006,-10.976166,BRFSS,30779,,MMD_NHANES
6.7334614,14.044688,NHANES,3518,Non-Hispanic Black,MMD_NHANES
3.7801147,-6.488686,BRFSS,214837,,MMD_NHANES
-4.9870257,-5.4258738,BRFSS,321571,,MMD_NHANES
6.980201,-5.01407,BRFSS,164395,,MMD_NHANES
-6.6478686,-4.816916,BRFSS,335286,,MMD_NHANES
11.345232,-14.21769,BRFSS,283847,,MMD_NHANES
-6.7476134,-5.779847,BRFSS,63687,,MMD_NHANES
-1.6436942,-10.983532,BRFSS,91803,,MMD_NHANES
-3.0754623,5.028646,BRFSS,37462,,MMD_NHANES
5.5543933,-3.6521869,NHANES,9161,Non-Hispanic Black,MMD_NHANES
11.369061,-2.9057772,BRFSS,314143,,MMD_NHANES
-1.6039863,20.02838,BRFSS,285794,,MMD_NHANES
-3.128069,3.576416,BRFSS,338729,,MMD_NHANES
3.8401551,-6.2772694,BRFSS,80836,,MMD_NHANES
-1.6506493,-10.995712,BRFSS,356609,,MMD_NHANES
-1.5039827,21.780073,BRFSS,415422,,MMD_NHANES
1.9616053,4.829506,BRFSS,129406,,MMD_NHANES
-6.678697,-3.6803496,BRFSS,285245,,MMD_NHANES
10.08807,0.8837748,BRFSS,427288,,MMD_NHANES
-1.8690315,-10.589103,BRFSS,178932,,MMD_NHANES
4.665004,4.1368556,BRFSS,188873,,MMD_NHANES
7.6685295,3.4107273,BRFSS,287134,,MMD_NHANES
3.0085669,2.7457585,BRFSS,153367,,MMD_NHANES
8.4430485,-2.164083,BRFSS,398676,,MMD_NHANES
8.057453,5.5841274,BRFSS,18177,,MMD_NHANES
-2.8592114,5.75181,BRFSS,350511,,MMD_NHANES
11.690022,-0.17058894,BRFSS,116578,,MMD_NHANES
4.5567694,8.296413,BRFSS,123843,,MMD_NHANES
4.71761,5.716042,BRFSS,263540,,MMD_NHANES
6.083666,3.2698617,BRFSS,359707,,MMD_NHANES
-2.5758946,3.1907322,BRFSS,336609,,MMD_NHANES
-7.9366317,-3.194259,BRFSS,339577,,MMD_NHANES
-9.718556,-1.6625223,BRFSS,30013,,MMD_NHANES
4.5350885,6.483733,BRFSS,141214,,MMD_NHANES
0.86155206,3.0096006,BRFSS,257998,,MMD_NHANES
-3.471073,4.291396,BRFSS,241289,,MMD_NHANES
10.039065,-0.45231828,BRFSS,433315,,MMD_NHANES
2.9565084,-8.053268,BRFSS,121693,,MMD_NHANES
4.8824816,2.4526238,BRFSS,58327,,MMD_NHANES
8.806655,0.322045,BRFSS,449985,,MMD_NHANES
2.3788602,2.5729342,BRFSS,387356,,MMD_NHANES
-3.531809,3.2480304,BRFSS,296565,,MMD_NHANES
9.129422,-2.892181,BRFSS,145601,,MMD_NHANES
-3.086682,4.026318,BRFSS,333958,,MMD_NHANES
3.8754559,-3.2583046,BRFSS,25802,,MMD_NHANES
9.372321,-8.634477,BRFSS,95445,,MMD_NHANES
-2.3621774,6.1422577,BRFSS,141274,,MMD_NHANES
1.0471581,1.7687681,BRFSS,430039,,MMD_NHANES
-3.425454,4.293019,BRFSS,309571,,MMD_NHANES
2.871002,-4.967763,BRFSS,219465,,MMD_NHANES
-1.6449747,20.099108,BRFSS,224191,,MMD_NHANES
-0.9149958,-11.145865,BRFSS,235667,,MMD_NHANES
4.5081773,2.6710262,BRFSS,178414,,MMD_NHANES
2.5932603,-4.38263,BRFSS,37556,,MMD_NHANES
8.554666,1.1816581,BRFSS,277499,,MMD_NHANES
9.136948,1.8986193,BRFSS,137196,,MMD_NHANES
-15.039877,5.5883913,BRFSS,121833,,MMD_NHANES
-6.330706,-5.2657804,BRFSS,120607,,MMD_NHANES
11.01649,3.8109004,BRFSS,220935,,MMD_NHANES
-9.34181,-2.3205893,BRFSS,159841,,MMD_NHANES
-3.6655474,4.3627405,BRFSS,365596,,MMD_NHANES
6.3047576,-3.070342,BRFSS,325463,,MMD_NHANES
3.1557505,-4.0339665,BRFSS,374058,,MMD_NHANES
11.467679,1.7616619,BRFSS,297078,,MMD_NHANES
-6.4252048,-6.031736,BRFSS,303376,,MMD_NHANES
6.6900086,14.088774,NHANES,2494,Mexican American,MMD_NHANES
3.1649835,-7.963602,BRFSS,29545,,MMD_NHANES
7.986955,5.156936,BRFSS,439056,,MMD_NHANES
3.6659522,-6.2706723,BRFSS,78675,,MMD_NHANES
8.876266,-1.9317849,BRFSS,81502,,MMD_NHANES
-6.55807,-2.987922,BRFSS,52624,,MMD_NHANES
6.4650416,-3.0154922,BRFSS,268718,,MMD_NHANES
-4.423928,2.3162413,BRFSS,201606,,MMD_NHANES
-1.3651072,-0.7538993,BRFSS,287523,,MMD_NHANES
6.7207055,14.05792,NHANES,7576,Non-Hispanic White,MMD_NHANES
11.025119,0.48089346,BRFSS,407914,,MMD_NHANES
-4.8533363,2.0543861,BRFSS,163075,,MMD_NHANES
3.2070684,-6.0742106,BRFSS,199777,,MMD_NHANES
-0.75754136,-10.299523,BRFSS,225238,,MMD_NHANES
-1.6729866,21.316244,BRFSS,369086,,MMD_NHANES
-0.73066735,-10.201123,BRFSS,441079,,MMD_NHANES
-0.15791152,-0.4516158,BRFSS,252725,,MMD_NHANES
7.1460114,3.618572,BRFSS,379789,,MMD_NHANES
3.2135134,4.0008006,BRFSS,170379,,MMD_NHANES
4.449348,-4.8736243,BRFSS,259446,,MMD_NHANES
8.199708,-3.093504,BRFSS,429459,,MMD_NHANES
6.553768,20.189299,BRFSS,90677,,MMD_NHANES
4.6490035,-5.2316537,BRFSS,61853,,MMD_NHANES
9.322639,-2.3225696,BRFSS,65157,,MMD_NHANES
4.9218593,8.093182,BRFSS,200682,,MMD_NHANES
2.9151406,-11.0274935,BRFSS,48653,,MMD_NHANES
5.0214443,5.668574,BRFSS,329202,,MMD_NHANES
2.1455789,5.3916936,BRFSS,341911,,MMD_NHANES
-1.469719,21.810139,BRFSS,81508,,MMD_NHANES
11.462057,-2.9010406,BRFSS,290315,,MMD_NHANES
11.439157,-2.9176505,BRFSS,377884,,MMD_NHANES
-4.2950506,2.4740558,BRFSS,429300,,MMD_NHANES
1.5312002,4.4742994,BRFSS,354121,,MMD_NHANES
3.1760576,-4.318652,BRFSS,266968,,MMD_NHANES
4.5386486,4.3718233,BRFSS,341716,,MMD_NHANES
-6.850678,-0.7131999,BRFSS,125684,,MMD_NHANES
-5.018973,14.836573,BRFSS,65163,,MMD_NHANES
4.711744,6.6322393,BRFSS,20264,,MMD_NHANES
4.6891303,4.612577,BRFSS,246900,,MMD_NHANES
1.147715,-3.496917,BRFSS,281317,,MMD_NHANES
13.572012,-11.173082,BRFSS,29914,,MMD_NHANES
-15.389088,6.3109703,BRFSS,392435,,MMD_NHANES
7.3609242,3.653393,BRFSS,70960,,MMD_NHANES
7.7803254,19.821087,BRFSS,424140,,MMD_NHANES
9.067088,-1.8310308,BRFSS,246292,,MMD_NHANES
5.0301294,2.3313346,BRFSS,153496,,MMD_NHANES
-0.27535525,-0.48099494,BRFSS,13974,,MMD_NHANES
11.332062,-14.204845,BRFSS,239525,,MMD_NHANES
-7.4375205,-3.3557374,BRFSS,344622,,MMD_NHANES
-1.2815909,-0.47693652,BRFSS,23514,,MMD_NHANES
-6.1196847,-6.201095,BRFSS,209982,,MMD_NHANES
11.649942,-0.1253456,BRFSS,363969,,MMD_NHANES
14.338471,7.182076,BRFSS,241910,,MMD_NHANES
-6.6776085,-3.695801,BRFSS,369850,,MMD_NHANES
11.513751,0.76277506,BRFSS,232115,,MMD_NHANES
8.896637,3.2464256,BRFSS,262113,,MMD_NHANES
2.8540561,2.0729668,BRFSS,299069,,MMD_NHANES
3.35608,-3.1401613,BRFSS,219101,,MMD_NHANES
1.0694358,3.011891,BRFSS,234757,,MMD_NHANES
-1.4110986,-0.5286321,BRFSS,139739,,MMD_NHANES
4.3578315,3.0959237,BRFSS,299710,,MMD_NHANES
10.866087,0.6842819,BRFSS,77925,,MMD_NHANES
-5.158227,-5.464651,BRFSS,171208,,MMD_NHANES
10.188386,2.0868943,BRFSS,331379,,MMD_NHANES
-14.824974,5.179492,BRFSS,264518,,MMD_NHANES
-4.568806,2.0318809,BRFSS,395435,,MMD_NHANES
-5.1329226,-4.233169,BRFSS,241136,,MMD_NHANES
-4.8267465,2.0205643,BRFSS,78103,,MMD_NHANES
7.4113083,5.510703,BRFSS,16020,,MMD_NHANES
7.3028035,-5.0767636,BRFSS,67295,,MMD_NHANES
-3.1048043,4.07444,BRFSS,107662,,MMD_NHANES
4.6189013,5.828348,BRFSS,68035,,MMD_NHANES
8.841924,3.227763,BRFSS,357285,,MMD_NHANES
6.698537,14.080256,NHANES,1346,Other Hispanic,MMD_NHANES
-6.1197515,-6.199151,BRFSS,200614,,MMD_NHANES
-6.9800186,-5.1517363,BRFSS,229651,,MMD_NHANES
-1.0951464,-11.184563,BRFSS,445304,,MMD_NHANES
3.8508062,8.131282,BRFSS,312895,,MMD_NHANES
2.1764567,2.4638405,BRFSS,178445,,MMD_NHANES
-2.0969896,-9.47308,BRFSS,196541,,MMD_NHANES
-0.8905627,-11.139956,BRFSS,73575,,MMD_NHANES
2.3815782,3.8131957,BRFSS,145004,,MMD_NHANES
1.8364408,4.8405676,BRFSS,264625,,MMD_NHANES
-9.313232,-2.2905474,BRFSS,48486,,MMD_NHANES
-7.631129,-3.422437,BRFSS,68321,,MMD_NHANES
2.309556,-4.0940332,BRFSS,378834,,MMD_NHANES
0.0966246,1.1723012,BRFSS,217176,,MMD_NHANES
8.052408,19.62774,BRFSS,188465,,MMD_NHANES
4.580884,4.9225593,BRFSS,327804,,MMD_NHANES
-0.016684962,1.145272,BRFSS,209409,,MMD_NHANES
-0.27352935,-0.51730436,BRFSS,414533,,MMD_NHANES
2.913196,-6.747466,BRFSS,191173,,MMD_NHANES
-3.5381024,3.2342348,BRFSS,301349,,MMD_NHANES
4.1192017,8.323306,BRFSS,81078,,MMD_NHANES
-14.826425,5.1810985,BRFSS,29224,,MMD_NHANES
9.3252325,-2.3362226,BRFSS,366979,,MMD_NHANES
3.1059225,-8.076776,BRFSS,130180,,MMD_NHANES
13.980009,6.274679,BRFSS,225385,,MMD_NHANES
6.583436,-2.9198124,BRFSS,361058,,MMD_NHANES
11.399155,1.7946962,BRFSS,393253,,MMD_NHANES
3.0803306,2.5971854,BRFSS,42060,,MMD_NHANES
3.5942957,2.1509008,BRFSS,33532,,MMD_NHANES
3.7368171,-6.465589,BRFSS,74758,,MMD_NHANES
9.346408,1.8750896,BRFSS,210108,,MMD_NHANES
8.550949,19.208967,BRFSS,136706,,MMD_NHANES
2.3639393,-4.140576,BRFSS,403723,,MMD_NHANES
-6.3559446,-5.202184,BRFSS,369560,,MMD_NHANES
2.9087555,-8.199985,BRFSS,365365,,MMD_NHANES
-6.405724,-5.262224,BRFSS,322538,,MMD_NHANES
6.101917,4.681126,BRFSS,214852,,MMD_NHANES
3.0710502,3.9657788,BRFSS,97804,,MMD_NHANES
3.1462011,-4.2788634,BRFSS,253186,,MMD_NHANES
3.7545636,-3.003653,BRFSS,131307,,MMD_NHANES
2.948562,-11.065879,BRFSS,129993,,MMD_NHANES
2.905442,-6.838324,BRFSS,271447,,MMD_NHANES
8.831766,1.3532672,BRFSS,379417,,MMD_NHANES
6.719165,14.059518,NHANES,8503,Non-Hispanic Black,MMD_NHANES
8.989814,-0.6467251,BRFSS,271249,,MMD_NHANES
10.596489,-0.37469363,BRFSS,130931,,MMD_NHANES
7.5486465,-5.1248984,BRFSS,188626,,MMD_NHANES
-0.54236996,-0.4942002,BRFSS,448353,,MMD_NHANES
3.4191773,3.8410115,BRFSS,421282,,MMD_NHANES
0.9789241,3.46208,BRFSS,140096,,MMD_NHANES
-6.7008553,-4.802819,BRFSS,333742,,MMD_NHANES
-2.6789565,5.86712,BRFSS,324659,,MMD_NHANES
6.8445835,-2.7256227,BRFSS,78161,,MMD_NHANES
-6.89869,-5.3024755,BRFSS,118748,,MMD_NHANES
5.194669,-3.4735572,BRFSS,365631,,MMD_NHANES
4.128216,4.198608,BRFSS,40878,,MMD_NHANES
10.5523815,-0.38743687,BRFSS,322181,,MMD_NHANES
0.2026635,0.3815406,BRFSS,444146,,MMD_NHANES
-3.0110848,-8.238088,BRFSS,126144,,MMD_NHANES
3.1289256,-4.081923,BRFSS,432490,,MMD_NHANES
2.3833284,4.953153,BRFSS,95717,,MMD_NHANES
-3.6994386,-7.4690666,BRFSS,272591,,MMD_NHANES
2.7991507,4.093097,BRFSS,21570,,MMD_NHANES
7.036389,20.15817,BRFSS,70734,,MMD_NHANES
-3.920464,-7.2745028,BRFSS,204564,,MMD_NHANES
8.355525,4.4629183,BRFSS,373041,,MMD_NHANES
-6.8945312,-0.80126625,BRFSS,403981,,MMD_NHANES
2.5197678,-4.3117347,BRFSS,244510,,MMD_NHANES
2.9570894,3.7568126,BRFSS,399552,,MMD_NHANES
7.363601,5.5585546,BRFSS,354410,,MMD_NHANES
-15.338725,6.227454,BRFSS,83082,,MMD_NHANES
6.454849,20.199785,BRFSS,367161,,MMD_NHANES
1.837891,0.9522047,BRFSS,138230,,MMD_NHANES
-1.0636278,22.04702,BRFSS,86471,,MMD_NHANES
1.814681,0.972085,BRFSS,68506,,MMD_NHANES
2.4109576,3.5290215,BRFSS,321992,,MMD_NHANES
-0.1289441,-0.4466263,BRFSS,295051,,MMD_NHANES
4.6742644,6.9080176,BRFSS,38062,,MMD_NHANES
-4.946607,14.907854,BRFSS,286683,,MMD_NHANES
-6.0082307,-3.3672032,BRFSS,242607,,MMD_NHANES
-3.197706,3.6298363,BRFSS,300584,,MMD_NHANES
11.471009,-0.11632416,BRFSS,439883,,MMD_NHANES
6.2906613,14.48497,NHANES,4450,Non-Hispanic White,MMD_NHANES
-6.4788814,-5.9881077,BRFSS,29953,,MMD_NHANES
1.324785,3.7061746,BRFSS,430889,,MMD_NHANES
2.5565424,1.6388689,BRFSS,68018,,MMD_NHANES
-1.4408708,-1.3909018,BRFSS,190170,,MMD_NHANES
4.1801724,8.321626,BRFSS,179089,,MMD_NHANES
11.3194475,-2.8689227,BRFSS,391213,,MMD_NHANES
-2.6364875,5.91363,BRFSS,77898,,MMD_NHANES
8.4888935,-1.522645,BRFSS,211372,,MMD_NHANES
4.2774963,8.31576,BRFSS,367163,,MMD_NHANES
3.6749516,5.1869664,NHANES,8707,Other Hispanic,MMD_NHANES
4.620147,7.6203184,BRFSS,253998,,MMD_NHANES
-5.3666644,-5.4512243,BRFSS,38173,,MMD_NHANES
-15.03015,5.568525,BRFSS,100697,,MMD_NHANES
9.290892,-2.6335263,BRFSS,338715,,MMD_NHANES
-7.13644,-3.4255269,BRFSS,127473,,MMD_NHANES
3.8621225,-4.7877336,BRFSS,290613,,MMD_NHANES
-5.1047764,-4.24525,BRFSS,310476,,MMD_NHANES
4.70057,6.4255404,BRFSS,263649,,MMD_NHANES
6.721994,-2.8477392,BRFSS,151935,,MMD_NHANES
9.363985,-8.6263485,BRFSS,68064,,MMD_NHANES
7.0855365,-5.0362673,BRFSS,376728,,MMD_NHANES
8.038717,-2.3178458,BRFSS,62226,,MMD_NHANES
8.601503,2.34985,BRFSS,145167,,MMD_NHANES
0.9902718,1.5930876,BRFSS,324326,,MMD_NHANES
4.4995456,7.4641356,BRFSS,27453,,MMD_NHANES
-4.1812687,4.6333895,BRFSS,359889,,MMD_NHANES
2.449346,-4.23687,BRFSS,427840,,MMD_NHANES
-1.4268299,21.849972,BRFSS,30807,,MMD_NHANES
-5.6582866,-5.858317,BRFSS,156936,,MMD_NHANES
4.528046,6.347238,BRFSS,199886,,MMD_NHANES
-7.8595924,-2.7482007,BRFSS,311954,,MMD_NHANES
-3.6692183,4.3501153,NHANES,4321,Non-Hispanic Black,MMD_NHANES
5.09802,5.606482,BRFSS,311760,,MMD_NHANES
-1.6419324,20.092012,BRFSS,267444,,MMD_NHANES
-15.3397255,6.2395425,BRFSS,52615,,MMD_NHANES
10.004857,2.5803432,BRFSS,209118,,MMD_NHANES
7.1153584,-5.053122,BRFSS,51839,,MMD_NHANES
6.1220374,3.2235198,BRFSS,201151,,MMD_NHANES
4.5832286,-6.193715,BRFSS,413673,,MMD_NHANES
-9.3369055,-2.328554,BRFSS,194544,,MMD_NHANES
3.2409172,-7.7553697,BRFSS,305094,,MMD_NHANES
8.891354,0.15281487,BRFSS,326246,,MMD_NHANES
-1.634491,20.049353,BRFSS,212286,,MMD_NHANES
5.435434,4.115513,BRFSS,47700,,MMD_NHANES
-6.960528,-4.538501,BRFSS,438646,,MMD_NHANES
7.7617903,19.83971,BRFSS,248762,,MMD_NHANES
-1.6880081,20.133528,BRFSS,396389,,MMD_NHANES
11.309666,1.0994436,BRFSS,404681,,MMD_NHANES
-14.83162,5.1863856,BRFSS,267905,,MMD_NHANES
2.0282636,2.3642364,BRFSS,58561,,MMD_NHANES
11.237758,3.0146554,BRFSS,306239,,MMD_NHANES
9.075027,-0.6407914,BRFSS,397281,,MMD_NHANES
2.5652301,-4.594745,BRFSS,326222,,MMD_NHANES
-7.075622,-2.8976386,BRFSS,313407,,MMD_NHANES
-7.6043615,-6.5366306,BRFSS,285995,,MMD_NHANES
-6.884051,-0.79722804,BRFSS,79673,,MMD_NHANES
-1.6151127,-9.778065,BRFSS,418191,,MMD_NHANES
-1.6791091,21.246115,BRFSS,440483,,MMD_NHANES
3.071808,-8.164238,BRFSS,148507,,MMD_NHANES
-4.422763,-7.0305905,BRFSS,279415,,MMD_NHANES
-8.276031,-2.0826323,BRFSS,329186,,MMD_NHANES
3.831528,-5.303438,BRFSS,162708,,MMD_NHANES
0.9061843,0.6059264,BRFSS,188418,,MMD_NHANES
5.723297,3.4029963,BRFSS,184786,,MMD_NHANES
-0.5605001,0.87707096,BRFSS,280864,,MMD_NHANES
3.627326,3.9252841,BRFSS,294505,,MMD_NHANES
3.749171,8.11229,BRFSS,401293,,MMD_NHANES
-6.563702,-2.989221,BRFSS,226729,,MMD_NHANES
-5.3750105,-3.7246485,BRFSS,125151,,MMD_NHANES
4.648489,8.219053,BRFSS,162853,,MMD_NHANES
3.3285182,-7.567837,BRFSS,338562,,MMD_NHANES
1.859344,2.073044,BRFSS,392850,,MMD_NHANES
-3.6375952,4.468355,BRFSS,177642,,MMD_NHANES
-1.6782782,21.244162,BRFSS,403509,,MMD_NHANES
7.011709,4.1832623,BRFSS,293339,,MMD_NHANES
6.78649,3.6168635,BRFSS,211895,,MMD_NHANES
-2.0457742,2.9036856,BRFSS,325010,,MMD_NHANES
-6.8165984,-5.643349,BRFSS,171929,,MMD_NHANES
8.874337,2.2373745,BRFSS,183355,,MMD_NHANES
7.085463,-5.039987,BRFSS,398861,,MMD_NHANES
-4.7976117,1.978542,BRFSS,314789,,MMD_NHANES
4.2089963,3.7839308,BRFSS,96039,,MMD_NHANES
14.344435,7.3101015,BRFSS,96568,,MMD_NHANES
-6.36503,-3.5318594,BRFSS,233466,,MMD_NHANES
8.582849,-2.1225905,BRFSS,131349,,MMD_NHANES
14.329574,7.3426733,BRFSS,204195,,MMD_NHANES
14.0962925,6.386797,BRFSS,11655,,MMD_NHANES
-0.2387959,1.006554,BRFSS,251547,,MMD_NHANES
-4.943668,14.910828,BRFSS,68140,,MMD_NHANES
6.233131,14.542141,PIMA,450,Pima Indian,MMD_NHANES
-4.9462295,14.908279,BRFSS,440687,,MMD_NHANES
4.1919346,6.878298,BRFSS,330580,,MMD_NHANES
-7.4839897,-6.4533944,BRFSS,364922,,MMD_NHANES
3.9486682,8.097181,BRFSS,199013,,MMD_NHANES
11.480885,0.8484061,BRFSS,167190,,MMD_NHANES
5.2402873,-6.2897234,BRFSS,273650,,MMD_NHANES
8.201383,2.8131902,BRFSS,226980,,MMD_NHANES
8.548843,19.211304,BRFSS,341701,,MMD_NHANES
2.8521283,-6.843793,BRFSS,312277,,MMD_NHANES
9.385585,-8.648928,BRFSS,171456,,MMD_NHANES
2.891507,-11.005161,BRFSS,289205,,MMD_NHANES
14.241123,6.7729735,BRFSS,327914,,MMD_NHANES
11.685709,-0.16421205,BRFSS,112263,,MMD_NHANES
7.727249,19.862318,BRFSS,38742,,MMD_NHANES
-5.254556,-4.939315,BRFSS,62050,,MMD_NHANES
9.180593,4.2223797,BRFSS,318059,,MMD_NHANES
7.979029,4.8768454,BRFSS,337657,,MMD_NHANES
8.69624,2.0367413,BRFSS,354603,,MMD_NHANES
7.553315,-5.126592,BRFSS,107748,,MMD_NHANES
6.2645125,14.510924,PIMA,553,Pima Indian,MMD_NHANES
5.0407877,-3.8587596,BRFSS,396305,,MMD_NHANES
6.5722327,14.206455,NHANES,8794,Non-Hispanic Asian,MMD_NHANES
3.0708733,-6.260249,BRFSS,308227,,MMD_NHANES
7.953677,4.7211084,BRFSS,268782,,MMD_NHANES
9.334962,-2.3593125,BRFSS,107322,,MMD_NHANES
5.921097,-4.199308,BRFSS,210294,,MMD_NHANES
6.5815754,-2.9184854,BRFSS,236457,,MMD_NHANES
-4.685599,-5.1713004,BRFSS,354530,,MMD_NHANES
-6.637176,-5.534287,BRFSS,226836,,MMD_NHANES
2.985726,-11.108879,BRFSS,83202,,MMD_NHANES
-0.75005215,-10.19718,BRFSS,95964,,MMD_NHANES
-3.8396826,4.6775117,BRFSS,33631,,MMD_NHANES
1.1191734,2.8760307,BRFSS,131940,,MMD_NHANES
0.6218264,0.18688664,BRFSS,190815,,MMD_NHANES
5.7953243,4.1214013,BRFSS,220332,,MMD_NHANES
-8.301092,-1.2967812,BRFSS,318331,,MMD_NHANES
-6.9710703,-2.675908,BRFSS,340214,,MMD_NHANES
-1.6185277,21.54767,BRFSS,286856,,MMD_NHANES
6.687096,-2.847277,BRFSS,129967,,MMD_NHANES
8.912146,-1.2748123,BRFSS,27437,,MMD_NHANES
10.634724,3.7518926,BRFSS,344059,,MMD_NHANES
0.46248606,0.35943806,BRFSS,235965,,MMD_NHANES
-4.0459566,2.6980035,BRFSS,260523,,MMD_NHANES
2.418014,-4.1901565,BRFSS,308551,,MMD_NHANES
10.040673,3.559709,BRFSS,90460,,MMD_NHANES
-1.4559636,-1.4040701,BRFSS,189456,,MMD_NHANES
-4.354194,4.9298487,BRFSS,117633,,MMD_NHANES
-0.7635746,0.006039116,BRFSS,318266,,MMD_NHANES
-0.75006235,0.021406412,BRFSS,412716,,MMD_NHANES
6.5904303,4.3423753,BRFSS,417379,,MMD_NHANES
11.486765,0.8587614,BRFSS,165772,,MMD_NHANES
1.7325199,-3.763532,BRFSS,120201,,MMD_NHANES
6.629906,4.1398125,BRFSS,281727,,MMD_NHANES
5.7344,3.4090834,BRFSS,334135,,MMD_NHANES
5.64126,-3.4357738,BRFSS,106612,,MMD_NHANES
-0.9672334,-0.97714776,BRFSS,71997,,MMD_NHANES
-2.451871,-8.950201,BRFSS,267089,,MMD_NHANES
-5.041138,-4.2572107,BRFSS,302622,,MMD_NHANES
0.7289152,2.0744972,BRFSS,148595,,MMD_NHANES
-1.6206135,-11.025461,BRFSS,285067,,MMD_NHANES
-3.2281566,-7.9225388,BRFSS,253348,,MMD_NHANES
4.3876877,8.282672,BRFSS,430151,,MMD_NHANES
4.5210304,-3.6908877,BRFSS,404512,,MMD_NHANES
-1.4158236,-1.3746893,BRFSS,79051,,MMD_NHANES
10.079267,1.8602301,BRFSS,405531,,MMD_NHANES
-7.653554,-3.0688965,BRFSS,390712,,MMD_NHANES
3.149757,-7.972356,BRFSS,436932,,MMD_NHANES
-1.5262809,-0.7566581,BRFSS,280762,,MMD_NHANES
4.3169293,-6.1383677,BRFSS,278926,,MMD_NHANES
2.445952,-4.2321224,BRFSS,365037,,MMD_NHANES
8.356779,4.4296556,BRFSS,186136,,MMD_NHANES
9.367627,-8.630014,BRFSS,227955,,MMD_NHANES
2.976781,-11.0994625,BRFSS,195264,,MMD_NHANES
3.5537715,-3.8925276,BRFSS,322749,,MMD_NHANES
-4.8136873,1.9825814,BRFSS,409993,,MMD_NHANES
-6.0060678,-3.3563936,BRFSS,258949,,MMD_NHANES
7.5633287,4.49027,BRFSS,230373,,MMD_NHANES
-5.6508336,-3.5608463,BRFSS,397118,,MMD_NHANES
-1.8858598,-10.579757,BRFSS,10603,,MMD_NHANES
4.4602056,4.4907904,BRFSS,162796,,MMD_NHANES
8.591605,19.169792,BRFSS,236121,,MMD_NHANES
3.9685726,-3.5627434,BRFSS,413580,,MMD_NHANES
-5.1328154,-5.4566164,BRFSS,380452,,MMD_NHANES
-5.698054,-4.3290997,BRFSS,138774,,MMD_NHANES
0.6514264,0.36645862,BRFSS,40353,,MMD_NHANES
11.153524,3.4940882,BRFSS,22568,,MMD_NHANES
14.05487,6.3432364,BRFSS,422670,,MMD_NHANES
-3.5623434,5.305236,BRFSS,65990,,MMD_NHANES
6.497331,14.280601,NHANES,1315,Non-Hispanic White,MMD_NHANES
0.4836998,2.7231731,BRFSS,246229,,MMD_NHANES
5.7617154,4.1157026,BRFSS,118154,,MMD_NHANES
2.8532977,2.0679405,BRFSS,400105,,MMD_NHANES
-6.4827976,-5.569729,BRFSS,435391,,MMD_NHANES
10.220748,2.4812272,BRFSS,257137,,MMD_NHANES
7.671402,4.650115,BRFSS,394665,,MMD_NHANES
4.0903277,-4.048255,BRFSS,125326,,MMD_NHANES
9.181501,3.9151962,BRFSS,71011,,MMD_NHANES
2.6731257,3.112543,BRFSS,313288,,MMD_NHANES
11.164525,3.5005581,BRFSS,359781,,MMD_NHANES
-2.7044356,5.858315,BRFSS,173682,,MMD_NHANES
9.2271805,3.3661804,BRFSS,52983,,MMD_NHANES
4.3019385,8.050672,BRFSS,269461,,MMD_NHANES
2.851491,-6.8485045,BRFSS,31889,,MMD_NHANES
2.3914633,2.722308,BRFSS,36217,,MMD_NHANES
2.9195063,-8.102078,BRFSS,244088,,MMD_NHANES
4.680603,-4.7276587,BRFSS,378057,,MMD_NHANES
2.8727744,-8.057661,BRFSS,225722,,MMD_NHANES
2.4569376,-4.268639,BRFSS,35830,,MMD_NHANES
-4.1051064,5.069485,BRFSS,136928,,MMD_NHANES
-15.031639,5.57592,BRFSS,178744,,MMD_NHANES
7.0120416,-2.5982864,BRFSS,131988,,MMD_NHANES
-2.956185,4.7318654,BRFSS,91478,,MMD_NHANES
4.895361,8.094998,BRFSS,427259,,MMD_NHANES
-14.831609,5.186342,BRFSS,367160,,MMD_NHANES
-2.694459,5.4409356,BRFSS,438024,,MMD_NHANES
9.860493,-0.45247072,BRFSS,129965,,MMD_NHANES
9.375472,-2.2831812,BRFSS,345763,,MMD_NHANES
9.403091,3.4535437,BRFSS,203044,,MMD_NHANES
4.582599,-5.9178824,BRFSS,340892,,MMD_NHANES
3.3367035,-7.549191,BRFSS,316741,,MMD_NHANES
3.541703,-6.9040446,BRFSS,153720,,MMD_NHANES
-7.9277234,-3.1458862,BRFSS,137568,,MMD_NHANES
-15.027627,5.5629845,BRFSS,319517,,MMD_NHANES
-3.393095,4.308113,BRFSS,338073,,MMD_NHANES
3.1251888,-8.361494,BRFSS,61579,,MMD_NHANES
4.5349197,5.379216,BRFSS,240142,,MMD_NHANES
5.8328147,3.6175601,BRFSS,397977,,MMD_NHANES
5.7097917,-3.6455655,BRFSS,171290,,MMD_NHANES
10.365785,-0.4789285,BRFSS,209610,,MMD_NHANES
4.803615,4.474629,BRFSS,119184,,MMD_NHANES
-4.583576,1.9547478,BRFSS,148637,,MMD_NHANES
-3.9840252,-7.23227,BRFSS,383455,,MMD_NHANES
9.540179,-0.39729235,BRFSS,50812,,MMD_NHANES
3.7516928,5.357832,BRFSS,432269,,MMD_NHANES
-8.092528,-6.740991,BRFSS,443078,,MMD_NHANES
3.2988362,1.4761295,BRFSS,115159,,MMD_NHANES
-6.8308916,-5.6739554,BRFSS,133340,,MMD_NHANES
-3.057417,4.0553236,BRFSS,334209,,MMD_NHANES
11.448369,-2.9082963,BRFSS,212489,,MMD_NHANES
9.8433895,2.6648593,BRFSS,133282,,MMD_NHANES
3.5005012,-5.2109504,BRFSS,185730,,MMD_NHANES
3.4779732,5.0482297,BRFSS,274152,,MMD_NHANES
-4.960117,14.894656,BRFSS,437963,,MMD_NHANES
9.391688,0.97467726,BRFSS,352176,,MMD_NHANES
4.5405383,-5.293607,BRFSS,243466,,MMD_NHANES
1.1585901,0.5543329,BRFSS,168805,,MMD_NHANES
1.4363955,3.8354273,BRFSS,265958,,MMD_NHANES
-0.7698252,-10.923827,BRFSS,135283,,MMD_NHANES
-1.5766141,-9.788054,BRFSS,185412,,MMD_NHANES
6.281431,-3.0861578,BRFSS,417749,,MMD_NHANES
6.837336,-2.7296884,BRFSS,111695,,MMD_NHANES
2.607156,1.4733877,BRFSS,402160,,MMD_NHANES
-0.61328083,-0.25350812,BRFSS,447030,,MMD_NHANES
-5.494772,-5.392565,BRFSS,63739,,MMD_NHANES
3.3518097,-5.5798616,BRFSS,90560,,MMD_NHANES
7.982493,4.8664355,BRFSS,342708,,MMD_NHANES
4.015763,2.6101782,BRFSS,399494,,MMD_NHANES
-9.705034,-1.6802927,BRFSS,440499,,MMD_NHANES
-1.5115814,21.765837,BRFSS,238440,,MMD_NHANES
-5.8525596,-4.3534775,BRFSS,383286,,MMD_NHANES
9.017424,-2.6549854,BRFSS,330571,,MMD_NHANES
-7.5421953,-6.4875097,BRFSS,294096,,MMD_NHANES
2.633152,1.3777671,BRFSS,182709,,MMD_NHANES
-0.8612788,0.050436836,BRFSS,122981,,MMD_NHANES
-1.5170137,-0.74048215,BRFSS,139960,,MMD_NHANES
3.0728025,-6.526651,BRFSS,21584,,MMD_NHANES
-8.287917,-1.3103417,BRFSS,221178,,MMD_NHANES
4.6521153,6.9475393,BRFSS,325392,,MMD_NHANES
-4.6616225,-5.179057,BRFSS,121336,,MMD_NHANES
-6.8971376,-0.79901814,BRFSS,441204,,MMD_NHANES
-4.599188,1.9572825,BRFSS,222477,,MMD_NHANES
3.2509527,-7.732838,BRFSS,395075,,MMD_NHANES
0.36556977,1.212705,BRFSS,282208,,MMD_NHANES
4.4566116,-3.4431472,BRFSS,44038,,MMD_NHANES
-0.99501866,-10.059049,BRFSS,383751,,MMD_NHANES
11.68582,-0.1635259,BRFSS,366176,,MMD_NHANES
-6.059879,-6.2309957,BRFSS,258502,,MMD_NHANES
-15.042629,5.588997,BRFSS,167540,,MMD_NHANES
-5.8081594,-4.3532286,BRFSS,140288,,MMD_NHANES
2.228314,1.1249641,BRFSS,100681,,MMD_NHANES
-5.6140966,-6.376137,BRFSS,176610,,MMD_NHANES
4.0639586,-3.998362,BRFSS,82127,,MMD_NHANES
-2.8776128,5.2176223,BRFSS,72736,,MMD_NHANES
6.408295,20.208344,BRFSS,295251,,MMD_NHANES
0.93547577,3.3647296,BRFSS,98979,,MMD_NHANES
-5.5384526,-5.8568554,BRFSS,404004,,MMD_NHANES
9.167675,3.9259777,BRFSS,291770,,MMD_NHANES
-1.2075741,-0.37766197,BRFSS,253806,,MMD_NHANES
10.034721,3.9902997,BRFSS,28039,,MMD_NHANES
8.376212,2.4885094,BRFSS,216014,,MMD_NHANES
2.9583566,-8.135947,BRFSS,85290,,MMD_NHANES
3.028257,-3.93276,BRFSS,53921,,MMD_NHANES
7.710732,3.8195422,BRFSS,50446,,MMD_NHANES
4.618138,-4.517071,BRFSS,286770,,MMD_NHANES
7.6942472,19.884344,BRFSS,400655,,MMD_NHANES
-1.4370493,-1.3755007,BRFSS,394400,,MMD_NHANES
1.7388587,4.59453,BRFSS,55204,,MMD_NHANES
4.00868,3.5512466,BRFSS,254292,,MMD_NHANES
8.960401,3.279038,BRFSS,32921,,MMD_NHANES
4.499501,-3.475658,BRFSS,90334,,MMD_NHANES
-4.178934,-6.993215,BRFSS,286841,,MMD_NHANES
4.7142076,-4.764636,BRFSS,219917,,MMD_NHANES
8.12947,19.56942,BRFSS,406423,,MMD_NHANES
-5.3551564,-5.4504046,BRFSS,279698,,MMD_NHANES
10.022329,-0.8509316,BRFSS,338431,,MMD_NHANES
3.1099916,4.5155087,BRFSS,383529,,MMD_NHANES
3.7253706,-5.039569,BRFSS,139472,,MMD_NHANES
1.555156,3.752579,BRFSS,105798,,MMD_NHANES
-0.7428097,-10.4069195,BRFSS,150638,,MMD_NHANES
10.046108,4.0404587,BRFSS,272976,,MMD_NHANES
2.8950567,-11.006544,BRFSS,313006,,MMD_NHANES
11.075574,3.802281,BRFSS,434531,,MMD_NHANES
-2.3322325,-9.151286,BRFSS,238109,,MMD_NHANES
-1.4864869,-0.86423814,BRFSS,189292,,MMD_NHANES
7.9725194,4.902226,BRFSS,208445,,MMD_NHANES
4.5832224,5.3112693,BRFSS,252862,,MMD_NHANES
10.600968,2.0063143,BRFSS,370008,,MMD_NHANES
11.250434,-2.724939,BRFSS,111375,,MMD_NHANES
4.10787,8.039265,BRFSS,71964,,MMD_NHANES
3.701484,-2.8954258,BRFSS,328848,,MMD_NHANES
-0.54618347,0.0854537,BRFSS,182352,,MMD_NHANES
11.465532,-2.9320283,BRFSS,131299,,MMD_NHANES
9.336688,-8.5983925,BRFSS,130809,,MMD_NHANES
9.39925,-8.662709,BRFSS,386139,,MMD_NHANES
2.6425767,1.3382863,BRFSS,152931,,MMD_NHANES
8.4324045,3.938306,BRFSS,366448,,MMD_NHANES
-3.2620692,3.8233128,BRFSS,135604,,MMD_NHANES
2.358519,5.32528,BRFSS,332549,,MMD_NHANES
8.58143,2.5924559,BRFSS,275528,,MMD_NHANES
-1.0415468,-0.00582466,BRFSS,392205,,MMD_NHANES
-6.1920996,-4.7772574,BRFSS,87437,,MMD_NHANES
5.710572,3.7673736,BRFSS,215746,,MMD_NHANES
-2.6555755,5.488244,BRFSS,383061,,MMD_NHANES
2.9000127,3.8387191,BRFSS,109839,,MMD_NHANES
6.618211,14.160401,PIMA,706,Pima Indian,MMD_NHANES
-0.46197432,0.22499916,BRFSS,443408,,MMD_NHANES
4.7014303,8.231129,BRFSS,174046,,MMD_NHANES
-7.826687,-3.1941533,BRFSS,334635,,MMD_NHANES
11.424586,0.35997903,BRFSS,162338,,MMD_NHANES
8.978038,-1.1224619,BRFSS,384592,,MMD_NHANES
-1.3897246,-0.5052738,BRFSS,266413,,MMD_NHANES
3.0085127,-6.543176,BRFSS,157480,,MMD_NHANES
9.896089,-0.46738744,BRFSS,218728,,MMD_NHANES
-8.078241,-2.85399,BRFSS,95341,,MMD_NHANES
3.4481134,-5.7140627,BRFSS,385150,,MMD_NHANES
10.081719,0.87383413,BRFSS,42419,,MMD_NHANES
7.700818,19.87725,BRFSS,192015,,MMD_NHANES
-3.5657241,5.3155775,BRFSS,306317,,MMD_NHANES
6.6937456,14.084874,NHANES,2562,Mexican American,MMD_NHANES
2.1403167,-3.9631064,BRFSS,170759,,MMD_NHANES
-5.350751,-5.4442515,BRFSS,49095,,MMD_NHANES
5.3770304,2.9526381,BRFSS,432033,,MMD_NHANES
-4.943785,5.4097633,BRFSS,33758,,MMD_NHANES
11.324222,-14.196488,BRFSS,264841,,MMD_NHANES
8.425102,-2.9797127,BRFSS,215754,,MMD_NHANES
-5.1293936,-4.9409604,BRFSS,303853,,MMD_NHANES
-2.8307009,-8.489928,BRFSS,403672,,MMD_NHANES
-15.360224,6.2706738,BRFSS,220610,,MMD_NHANES
4.5424986,-5.942935,BRFSS,15432,,MMD_NHANES
11.31899,-2.831386,BRFSS,314557,,MMD_NHANES
-1.0381385,-1.0417166,BRFSS,20535,,MMD_NHANES
11.516405,0.23570819,BRFSS,349476,,MMD_NHANES
-1.0258238,-0.46452755,BRFSS,429154,,MMD_NHANES
0.66687024,0.4319469,BRFSS,153937,,MMD_NHANES
-2.3700397,6.1359773,BRFSS,164304,,MMD_NHANES
3.2945173,2.583328,BRFSS,280941,,MMD_NHANES
-2.0758538,2.9276285,BRFSS,152999,,MMD_NHANES
3.3019478,-7.6291165,BRFSS,92723,,MMD_NHANES
5.0822763,5.6233554,BRFSS,397150,,MMD_NHANES
10.959696,0.6170179,BRFSS,152481,,MMD_NHANES
9.395119,2.3241742,BRFSS,55081,,MMD_NHANES
2.9680762,5.7713647,BRFSS,433598,,MMD_NHANES
8.288621,4.156983,BRFSS,415251,,MMD_NHANES
10.570156,0.7567782,BRFSS,329041,,MMD_NHANES
4.781504,5.8936176,BRFSS,388975,,MMD_NHANES
-2.856016,5.7542925,BRFSS,116919,,MMD_NHANES
-3.3335502,-7.8125515,BRFSS,222950,,MMD_NHANES
6.557507,14.221284,NHANES,8672,Non-Hispanic Black,MMD_NHANES
11.714025,-14.575896,BRFSS,184863,,MMD_NHANES
-3.5571246,5.3238826,BRFSS,22989,,MMD_NHANES
3.3201933,1.5263649,BRFSS,407790,,MMD_NHANES
-1.0540373,-0.028876612,BRFSS,398416,,MMD_NHANES
-0.52296716,0.31296015,BRFSS,27626,,MMD_NHANES
10.055109,-0.82666916,BRFSS,369420,,MMD_NHANES
-3.3117728,4.374714,BRFSS,396752,,MMD_NHANES
2.9907882,5.694164,BRFSS,408774,,MMD_NHANES
14.289027,6.8985205,BRFSS,439623,,MMD_NHANES
11.671285,-0.047065876,BRFSS,51739,,MMD_NHANES
-2.6412528,5.9102488,BRFSS,300405,,MMD_NHANES
-2.968613,4.741175,BRFSS,326493,,MMD_NHANES
7.775109,4.8590584,BRFSS,153923,,MMD_NHANES
-6.951162,-5.1422944,BRFSS,91031,,MMD_NHANES
9.380791,1.8526242,BRFSS,388033,,MMD_NHANES
-5.612248,-6.3746696,BRFSS,414207,,MMD_NHANES
-3.5834436,4.5045004,BRFSS,366650,,MMD_NHANES
9.151469,1.1432647,BRFSS,407931,,MMD_NHANES
6.5967317,4.3409915,BRFSS,236740,,MMD_NHANES
-4.98742,14.868086,BRFSS,176063,,MMD_NHANES
3.0647864,-8.285551,BRFSS,97166,,MMD_NHANES
5.6776,3.5025506,BRFSS,42162,,MMD_NHANES
8.807605,-1.9993893,BRFSS,85210,,MMD_NHANES
2.9529893,-11.073337,BRFSS,186262,,MMD_NHANES
4.5221477,-5.390132,BRFSS,434113,,MMD_NHANES
-1.1771423,-1.1931269,BRFSS,231727,,MMD_NHANES
9.921431,4.011156,BRFSS,288556,,MMD_NHANES
14.066315,6.3553624,BRFSS,109009,,MMD_NHANES
8.668974,2.3290205,BRFSS,70554,,MMD_NHANES
-4.3859973,4.5692134,BRFSS,427951,,MMD_NHANES
10.886022,0.67290556,BRFSS,120452,,MMD_NHANES
9.352122,-2.3465676,BRFSS,52665,,MMD_NHANES
4.576603,5.8707986,BRFSS,337800,,MMD_NHANES
-7.13713,-2.6272054,BRFSS,272898,,MMD_NHANES
4.340751,-6.5362372,BRFSS,113951,,MMD_NHANES
-0.8513266,-11.095333,BRFSS,114506,,MMD_NHANES
5.223542,-4.6513023,BRFSS,250366,,MMD_NHANES
-1.2799584,-0.30439022,BRFSS,155663,,MMD_NHANES
4.344252,8.0112505,BRFSS,152426,,MMD_NHANES
7.9401984,4.479126,BRFSS,177128,,MMD_NHANES
-4.928959,-5.0464816,BRFSS,166881,,MMD_NHANES
1.1483061,3.8388872,BRFSS,13153,,MMD_NHANES
5.760985,3.329744,BRFSS,157085,,MMD_NHANES
3.1392891,-8.37481,BRFSS,135236,,MMD_NHANES
7.686665,19.892906,BRFSS,46544,,MMD_NHANES
3.274592,1.425364,BRFSS,400355,,MMD_NHANES
-2.605086,-8.76796,BRFSS,60814,,MMD_NHANES
11.697282,-14.559137,BRFSS,428413,,MMD_NHANES
3.462976,5.0546627,BRFSS,237196,,MMD_NHANES
8.324558,4.5909405,BRFSS,360170,,MMD_NHANES
-1.2269934,-1.0966033,BRFSS,183478,,MMD_NHANES
-2.5070686,3.1369631,BRFSS,63429,,MMD_NHANES
-1.8496525,-9.637821,BRFSS,323786,,MMD_NHANES
-0.88336915,-11.152036,BRFSS,32437,,MMD_NHANES
-7.097788,-4.6896157,BRFSS,255385,,MMD_NHANES
3.4294596,2.4123328,BRFSS,142536,,MMD_NHANES
10.352658,0.86336285,BRFSS,380366,,MMD_NHANES
3.4212034,-7.3661704,BRFSS,180581,,MMD_NHANES
-7.155916,-3.4445817,BRFSS,397275,,MMD_NHANES
3.7756364,8.165328,BRFSS,198249,,MMD_NHANES
-0.06455867,1.1860043,BRFSS,20330,,MMD_NHANES
-3.8389943,2.9160028,BRFSS,288483,,MMD_NHANES
7.545273,-5.1223426,BRFSS,403079,,MMD_NHANES
11.513913,-14.382435,BRFSS,129925,,MMD_NHANES
5.698155,-3.6992154,BRFSS,203559,,MMD_NHANES
-1.6160554,-11.018834,BRFSS,240795,,MMD_NHANES
2.8004107,4.0714717,BRFSS,432929,,MMD_NHANES
-8.157863,-2.5795596,BRFSS,373264,,MMD_NHANES
4.7535315,7.856561,BRFSS,42392,,MMD_NHANES
-5.709685,-4.796301,BRFSS,442846,,MMD_NHANES
8.273096,-3.0830746,BRFSS,331189,,MMD_NHANES
-3.6570892,4.3537726,BRFSS,388355,,MMD_NHANES
-1.635489,20.086977,BRFSS,101629,,MMD_NHANES
8.609034,2.601812,BRFSS,282750,,MMD_NHANES
-3.6498482,-7.3452935,BRFSS,284555,,MMD_NHANES
8.591556,-2.1242957,BRFSS,129769,,MMD_NHANES
-1.5280141,-0.7643667,BRFSS,340519,,MMD_NHANES
2.2018776,-4.0085316,BRFSS,328951,,MMD_NHANES
-6.8321524,-0.6863129,BRFSS,72544,,MMD_NHANES
8.010047,-1.9759321,BRFSS,105453,,MMD_NHANES
-7.8236294,-3.1921728,BRFSS,294433,,MMD_NHANES
-3.1946769,3.6583834,BRFSS,117255,,MMD_NHANES
7.989333,5.45443,BRFSS,66598,,MMD_NHANES
9.958487,3.5539627,BRFSS,163371,,MMD_NHANES
9.586018,2.7358751,BRFSS,152311,,MMD_NHANES
4.4346995,-3.3949628,BRFSS,63248,,MMD_NHANES
3.1209536,2.337864,BRFSS,154674,,MMD_NHANES
-0.054318,1.2000787,BRFSS,362463,,MMD_NHANES
-4.601645,1.9285388,BRFSS,300848,,MMD_NHANES
4.8752475,5.79192,BRFSS,250421,,MMD_NHANES
11.294014,1.8405448,BRFSS,405024,,MMD_NHANES
3.7287428,-4.9794908,BRFSS,311444,,MMD_NHANES
10.069275,-0.46079066,BRFSS,355691,,MMD_NHANES
-9.332026,-2.307871,BRFSS,52953,,MMD_NHANES
-3.1516244,3.546198,BRFSS,164726,,MMD_NHANES
6.9855123,-5.0145354,BRFSS,447018,,MMD_NHANES
-5.005073,5.4739375,BRFSS,418677,,MMD_NHANES
-3.0193205,3.4712648,BRFSS,57000,,MMD_NHANES
6.6414514,4.0127783,BRFSS,232596,,MMD_NHANES
7.01101,20.166548,BRFSS,140276,,MMD_NHANES
4.203564,2.5399885,BRFSS,293427,,MMD_NHANES
-3.3893569,4.2998347,BRFSS,235317,,MMD_NHANES
4.807087,5.4871645,BRFSS,122477,,MMD_NHANES
0.9487045,0.6392266,BRFSS,74843,,MMD_NHANES
-3.334239,-7.8072896,BRFSS,340647,,MMD_NHANES
11.326136,-14.198967,BRFSS,64319,,MMD_NHANES
9.83473,3.5341954,BRFSS,446591,,MMD_NHANES
3.2690387,2.618064,BRFSS,117669,,MMD_NHANES
-5.5926104,-4.8446856,BRFSS,411287,,MMD_NHANES
3.0395486,3.9591427,BRFSS,106856,,MMD_NHANES
4.5628953,7.6650276,BRFSS,256347,,MMD_NHANES
3.651441,5.290914,BRFSS,166973,,MMD_NHANES
8.203406,5.5805984,BRFSS,230574,,MMD_NHANES
-1.5805116,20.61858,BRFSS,193812,,MMD_NHANES
4.4609303,8.157734,BRFSS,443970,,MMD_NHANES
-8.4165125,-2.1737933,BRFSS,327552,,MMD_NHANES
0.080885425,1.1923459,BRFSS,295817,,MMD_NHANES
-3.1678133,3.6069326,BRFSS,50592,,MMD_NHANES
-6.413107,-4.8394322,BRFSS,409112,,MMD_NHANES
-4.343994,5.0703063,BRFSS,73074,,MMD_NHANES
-9.746354,-1.6227626,BRFSS,414805,,MMD_NHANES
5.674936,-3.7359347,BRFSS,219760,,MMD_NHANES
4.368011,-6.1697073,BRFSS,332330,,MMD_NHANES
5.608289,4.4251876,BRFSS,28338,,MMD_NHANES
3.74243,-6.3076267,BRFSS,262121,,MMD_NHANES
-15.333211,6.213411,BRFSS,371306,,MMD_NHANES
-5.600837,-5.8703737,BRFSS,353233,,MMD_NHANES
-2.4093032,3.1280997,BRFSS,283191,,MMD_NHANES
11.261825,1.1383457,BRFSS,312430,,MMD_NHANES
11.158018,-14.029601,BRFSS,297335,,MMD_NHANES
10.596756,1.7129468,BRFSS,395279,,MMD_NHANES
4.12859,-6.616149,BRFSS,377110,,MMD_NHANES
3.0521607,6.360303,BRFSS,308457,,MMD_NHANES
10.038491,4.1047964,BRFSS,124394,,MMD_NHANES
5.3756647,2.9399357,BRFSS,80860,,MMD_NHANES
8.9026985,3.2616625,BRFSS,155923,,MMD_NHANES
10.861021,3.6632454,BRFSS,329849,,MMD_NHANES
8.536213,3.3733318,BRFSS,39139,,MMD_NHANES
-6.823402,-0.68189293,BRFSS,85313,,MMD_NHANES
10.153077,2.513109,BRFSS,412742,,MMD_NHANES
1.3879932,3.6972623,BRFSS,280931,,MMD_NHANES
-0.8952289,-0.70424306,BRFSS,291528,,MMD_NHANES
3.735644,8.112304,BRFSS,316587,,MMD_NHANES
-6.7411633,-3.7423332,BRFSS,370046,,MMD_NHANES
-6.4499917,-4.4182763,BRFSS,434006,,MMD_NHANES
-0.17572597,1.0792347,BRFSS,400030,,MMD_NHANES
-3.7882347,4.300975,BRFSS,15423,,MMD_NHANES
0.62169194,2.6430354,BRFSS,148028,,MMD_NHANES
9.457423,2.8167903,BRFSS,177307,,MMD_NHANES
13.710472,-11.311649,BRFSS,285541,,MMD_NHANES
-8.472195,-2.4007354,BRFSS,305398,,MMD_NHANES
1.7061483,4.7783484,BRFSS,295554,,MMD_NHANES
0.4952797,0.34599358,BRFSS,191093,,MMD_NHANES
-3.1143496,3.6075943,BRFSS,168646,,MMD_NHANES
-0.9946574,-0.27668524,BRFSS,268511,,MMD_NHANES
-7.5907364,-2.343164,BRFSS,227398,,MMD_NHANES
-4.3421044,4.607267,BRFSS,288566,,MMD_NHANES
-14.802205,5.158663,BRFSS,80692,,MMD_NHANES
4.4998446,-3.4597166,BRFSS,100297,,MMD_NHANES
11.183125,3.0132508,BRFSS,327492,,MMD_NHANES
-5.6043572,-5.883451,BRFSS,286723,,MMD_NHANES
-1.011154,-11.158347,BRFSS,115996,,MMD_NHANES
-3.721773,-7.4484067,BRFSS,127402,,MMD_NHANES
-9.44986,-1.9672674,BRFSS,25550,,MMD_NHANES
-6.726142,-3.7097266,BRFSS,63946,,MMD_NHANES
-6.8351994,-0.6939393,BRFSS,103479,,MMD_NHANES
4.455944,-3.3908098,BRFSS,54122,,MMD_NHANES
-2.3085063,3.0527086,BRFSS,53292,,MMD_NHANES
10.178617,2.5073473,BRFSS,262308,,MMD_NHANES
-6.721697,-5.7726073,BRFSS,356933,,MMD_NHANES
-4.4034977,4.7162075,BRFSS,277585,,MMD_NHANES
-6.356898,-3.5968237,BRFSS,169009,,MMD_NHANES
11.170694,3.4944196,BRFSS,36864,,MMD_NHANES
-6.9719224,-3.2992597,BRFSS,304816,,MMD_NHANES
11.188563,1.199034,BRFSS,185535,,MMD_NHANES
2.9227881,5.606117,BRFSS,352776,,MMD_NHANES
3.4842806,-3.8675501,BRFSS,33127,,MMD_NHANES
11.442598,0.055829506,BRFSS,93051,,MMD_NHANES
7.1802807,20.08579,BRFSS,361378,,MMD_NHANES
6.6169715,-2.900184,BRFSS,68270,,MMD_NHANES
11.144721,-14.016569,BRFSS,79564,,MMD_NHANES
7.0989323,20.121157,BRFSS,291726,,MMD_NHANES
3.3114579,1.5819026,BRFSS,390730,,MMD_NHANES
7.558257,-5.12871,BRFSS,58606,,MMD_NHANES
-4.898649,2.3423507,BRFSS,146658,,MMD_NHANES
-6.5766754,-2.9968367,BRFSS,67970,,MMD_NHANES
4.467397,-3.4080796,BRFSS,208981,,MMD_NHANES
-0.12719604,1.1268642,BRFSS,222390,,MMD_NHANES
11.7500725,-14.611694,BRFSS,74375,,MMD_NHANES
4.432291,-4.8337607,BRFSS,72917,,MMD_NHANES
8.191322,5.594886,BRFSS,448693,,MMD_NHANES
-6.1236973,-6.2003,BRFSS,129449,,MMD_NHANES
3.0642915,-3.9372063,BRFSS,121932,,MMD_NHANES
-7.033945,-6.19632,BRFSS,270894,,MMD_NHANES
11.062868,3.7835765,BRFSS,336718,,MMD_NHANES
5.2546215,-4.5574903,BRFSS,409180,,MMD_NHANES
-6.3106647,-4.418287,BRFSS,339298,,MMD_NHANES
-2.8918896,-8.216318,BRFSS,401812,,MMD_NHANES
14.265207,6.83216,BRFSS,340743,,MMD_NHANES
-3.1767726,-7.9978514,BRFSS,35439,,MMD_NHANES
-3.8332603,4.8633895,BRFSS,59324,,MMD_NHANES
-15.103088,5.6776795,BRFSS,160249,,MMD_NHANES
4.6634865,2.6351342,BRFSS,44541,,MMD_NHANES
2.75183,4.389981,BRFSS,111269,,MMD_NHANES
3.089222,1.3238834,BRFSS,333547,,MMD_NHANES
4.675596,6.933566,BRFSS,50753,,MMD_NHANES
6.630097,14.148863,NHANES,1807,Mexican American,MMD_NHANES
0.89622825,3.3399034,BRFSS,44680,,MMD_NHANES
3.2552936,3.4386656,BRFSS,129410,,MMD_NHANES
3.1115994,-5.6505075,BRFSS,321933,,MMD_NHANES
4.6346607,5.8302093,BRFSS,248599,,MMD_NHANES
3.6268737,2.1177473,BRFSS,130243,,MMD_NHANES
-1.6899245,21.32392,BRFSS,264681,,MMD_NHANES
10.18279,2.0622609,BRFSS,32730,,MMD_NHANES
3.073822,-5.3418403,BRFSS,240327,,MMD_NHANES
-0.6867068,0.28571728,BRFSS,311670,,MMD_NHANES
11.274069,2.3378022,BRFSS,328649,,MMD_NHANES
7.0964046,3.5365298,BRFSS,263409,,MMD_NHANES
3.8993676,-6.327683,BRFSS,29758,,MMD_NHANES
3.7250793,-6.4793663,BRFSS,404417,,MMD_NHANES
-2.612918,-8.7576685,BRFSS,226798,,MMD_NHANES
-2.9269116,-8.189167,BRFSS,440644,,MMD_NHANES
7.011509,20.166742,BRFSS,294144,,MMD_NHANES
4.0941186,-4.0416255,BRFSS,247094,,MMD_NHANES
8.847024,0.24850568,BRFSS,282296,,MMD_NHANES
-5.52757,-5.8456135,BRFSS,135896,,MMD_NHANES
-6.8586674,-5.177493,BRFSS,206699,,MMD_NHANES
1.0340995,2.8335083,BRFSS,391651,,MMD_NHANES
3.293294,5.982871,BRFSS,47365,,MMD_NHANES
-0.88304365,-9.812729,BRFSS,441527,,MMD_NHANES
9.261096,3.37345,BRFSS,144910,,MMD_NHANES
1.1054801,3.5431428,BRFSS,76527,,MMD_NHANES
8.4978075,1.3618574,BRFSS,137809,,MMD_NHANES
8.928713,-1.2624546,BRFSS,336386,,MMD_NHANES
-0.68096644,0.37718815,BRFSS,138920,,MMD_NHANES
2.9029274,-4.686174,BRFSS,28363,,MMD_NHANES
10.652737,3.4608023,BRFSS,252430,,MMD_NHANES
-4.39077,-7.0507154,BRFSS,280020,,MMD_NHANES
-1.0648164,-9.866099,BRFSS,218509,,MMD_NHANES
4.458499,-3.3985858,BRFSS,149773,,MMD_NHANES
-9.295005,-2.2181692,BRFSS,277858,,MMD_NHANES
9.373815,0.984786,BRFSS,307808,,MMD_NHANES
2.6559336,-4.402725,BRFSS,135958,,MMD_NHANES
4.4656653,8.159946,BRFSS,368357,,MMD_NHANES
6.042552,3.3616207,BRFSS,110534,,MMD_NHANES
5.294408,-6.249828,BRFSS,325273,,MMD_NHANES
4.3540707,3.1027472,BRFSS,128663,,MMD_NHANES
11.302506,-2.8112843,BRFSS,137684,,MMD_NHANES
-3.6474943,-7.517426,BRFSS,285694,,MMD_NHANES
4.8546257,8.095839,BRFSS,349655,,MMD_NHANES
10.146095,-0.76905316,BRFSS,296015,,MMD_NHANES
-8.073127,-1.8761735,BRFSS,95697,,MMD_NHANES
8.412618,2.1413548,BRFSS,47343,,MMD_NHANES
-3.5717776,-7.4779525,BRFSS,239060,,MMD_NHANES
9.992149,3.5580873,BRFSS,383380,,MMD_NHANES
-7.9289656,-2.3523495,BRFSS,193089,,MMD_NHANES
4.0485134,2.609805,BRFSS,217804,,MMD_NHANES
2.8982904,-4.993802,BRFSS,203864,,MMD_NHANES
11.446073,0.28032947,BRFSS,110805,,MMD_NHANES
4.1248617,2.5548737,BRFSS,39383,,MMD_NHANES
-2.3133476,3.0561242,BRFSS,62415,,MMD_NHANES
-1.5783111,-9.781549,BRFSS,91123,,MMD_NHANES
-6.464684,-5.5907636,BRFSS,410522,,MMD_NHANES
-1.6349626,20.070265,BRFSS,390103,,MMD_NHANES
-3.612174,-7.5480366,BRFSS,397867,,MMD_NHANES
14.33154,7.342222,BRFSS,285410,,MMD_NHANES
9.387256,0.9743442,BRFSS,31282,,MMD_NHANES
4.5499907,4.9423466,BRFSS,61660,,MMD_NHANES
-1.4406163,-1.3617789,BRFSS,190842,,MMD_NHANES
0.18676022,0.41802472,BRFSS,39282,,MMD_NHANES
4.046815,-3.8490045,BRFSS,242141,,MMD_NHANES
-8.30035,-1.2988324,BRFSS,418333,,MMD_NHANES
9.047704,-1.8271961,BRFSS,186924,,MMD_NHANES
6.554407,14.224292,NHANES,937,Other Hispanic,MMD_NHANES
-6.915795,-3.213612,BRFSS,91474,,MMD_NHANES
7.9133053,-2.0076377,BRFSS,311722,,MMD_NHANES
4.911899,5.387561,BRFSS,34752,,MMD_NHANES
9.1038475,-2.9225755,BRFSS,309971,,MMD_NHANES
-1.5306926,21.751131,BRFSS,296095,,MMD_NHANES
5.245978,-6.2594275,BRFSS,233589,,MMD_NHANES
4.2936263,6.710541,BRFSS,100679,,MMD_NHANES
11.389149,1.0053903,BRFSS,263952,,MMD_NHANES
8.599564,-2.1040561,BRFSS,48710,,MMD_NHANES
-7.3425665,-3.2265143,BRFSS,82262,,MMD_NHANES
11.407613,-2.875397,BRFSS,184761,,MMD_NHANES
-1.6645819,21.422821,BRFSS,266377,,MMD_NHANES
-1.5898947,20.602016,BRFSS,310534,,MMD_NHANES
-2.3036222,-9.179008,BRFSS,227208,,MMD_NHANES
-1.0404538,22.066343,BRFSS,327030,,MMD_NHANES
3.3216298,-3.2228708,BRFSS,157624,,MMD_NHANES
1.6065035,-3.709325,BRFSS,410904,,MMD_NHANES
-1.476774,-1.3763827,BRFSS,251065,,MMD_NHANES
6.824507,-2.740859,BRFSS,294995,,MMD_NHANES
3.2839932,5.0023828,BRFSS,193578,,MMD_NHANES
-15.251335,6.0472164,BRFSS,314355,,MMD_NHANES
10.088711,1.8413352,BRFSS,166125,,MMD_NHANES
3.2473435,3.4146369,BRFSS,204791,,MMD_NHANES
-4.332833,4.576759,BRFSS,78945,,MMD_NHANES
-14.809023,5.1593404,BRFSS,243000,,MMD_NHANES
9.28251,2.2987158,BRFSS,419200,,MMD_NHANES
-4.6195645,-5.20674,BRFSS,100161,,MMD_NHANES
-3.7545612,4.3393397,BRFSS,34892,,MMD_NHANES
4.557149,6.470953,BRFSS,113205,,MMD_NHANES
4.5843825,8.263025,BRFSS,399416,,MMD_NHANES
2.3157396,1.5742912,BRFSS,429119,,MMD_NHANES
-0.87854826,-9.830256,BRFSS,31124,,MMD_NHANES
4.272332,-6.509244,BRFSS,77368,,MMD_NHANES
-2.6521213,3.2398913,BRFSS,65732,,MMD_NHANES
-4.3744426,-7.0358963,BRFSS,109933,,MMD_NHANES
1.1415033,0.45735404,BRFSS,20186,,MMD_NHANES
2.3523455,-4.146525,BRFSS,267729,,MMD_NHANES
4.6026855,-5.81701,BRFSS,150760,,MMD_NHANES
0.87636864,0.3138923,BRFSS,75506,,MMD_NHANES
4.6561046,-5.2136984,BRFSS,108495,,MMD_NHANES
-5.7164583,-6.338839,BRFSS,95960,,MMD_NHANES
10.746581,3.7075446,BRFSS,44285,,MMD_NHANES
-2.8368497,4.945448,BRFSS,363605,,MMD_NHANES
-7.1361904,-2.9195707,BRFSS,28038,,MMD_NHANES
11.342619,2.2924764,BRFSS,111853,,MMD_NHANES
4.7463865,2.6095405,BRFSS,442645,,MMD_NHANES
-15.027145,5.568688,BRFSS,161610,,MMD_NHANES
5.7110205,-3.6633556,BRFSS,44048,,MMD_NHANES
7.3735976,5.5352283,BRFSS,405956,,MMD_NHANES
-0.76465523,-10.282958,BRFSS,383400,,MMD_NHANES
7.5100584,-5.104231,BRFSS,18145,,MMD_NHANES
3.6508436,3.4076662,BRFSS,192409,,MMD_NHANES
7.986396,5.009645,BRFSS,421536,,MMD_NHANES
1.5081952,3.3612428,BRFSS,346551,,MMD_NHANES
-6.810762,-2.7208393,BRFSS,164278,,MMD_NHANES
-1.6289884,20.06741,BRFSS,413001,,MMD_NHANES
7.715494,3.5445902,BRFSS,78572,,MMD_NHANES
-1.2260323,-0.39277333,BRFSS,156065,,MMD_NHANES
2.189046,2.4713063,BRFSS,13579,,MMD_NHANES
10.677239,3.4444,BRFSS,312616,,MMD_NHANES
4.4197745,5.028036,BRFSS,266266,,MMD_NHANES
2.3631337,5.64705,BRFSS,112632,,MMD_NHANES
1.4083284,3.2403193,BRFSS,257575,,MMD_NHANES
-2.8829834,5.210162,BRFSS,239139,,MMD_NHANES
3.6281,3.418166,BRFSS,27885,,MMD_NHANES
3.323942,3.3470469,BRFSS,313318,,MMD_NHANES
-1.5835115,20.002827,BRFSS,191352,,MMD_NHANES
2.1956623,2.509857,BRFSS,104546,,MMD_NHANES
11.731425,-14.593038,BRFSS,166114,,MMD_NHANES
-8.095079,-6.7321167,BRFSS,12450,,MMD_NHANES
-6.647433,-5.875261,BRFSS,337111,,MMD_NHANES
6.653216,3.9484942,BRFSS,367641,,MMD_NHANES
-3.011021,5.0689783,BRFSS,352890,,MMD_NHANES
4.267214,6.7445703,BRFSS,178106,,MMD_NHANES
1.2370436,0.845189,BRFSS,45176,,MMD_NHANES
2.9981136,-5.244449,BRFSS,252192,,MMD_NHANES
6.048304,-3.9832644,BRFSS,12971,,MMD_NHANES
3.1838973,-7.857588,BRFSS,391156,,MMD_NHANES
-2.3942292,6.114675,BRFSS,240925,,MMD_NHANES
-3.9813812,5.2587733,BRFSS,306546,,MMD_NHANES
4.0528746,5.048269,BRFSS,300468,,MMD_NHANES
3.4453866,-5.689279,BRFSS,229144,,MMD_NHANES
4.7572184,5.1260014,BRFSS,307227,,MMD_NHANES
0.9626978,-3.3872323,BRFSS,177564,,MMD_NHANES
7.4963956,4.258457,BRFSS,302144,,MMD_NHANES
3.305137,1.4744974,BRFSS,291540,,MMD_NHANES
5.2229486,-6.303134,BRFSS,433034,,MMD_NHANES
2.4669156,5.5546145,BRFSS,292914,,MMD_NHANES
5.6533628,4.2876,BRFSS,244396,,MMD_NHANES
-5.184887,-4.894442,BRFSS,25735,,MMD_NHANES
13.688524,-11.28975,BRFSS,310746,,MMD_NHANES
7.8007507,19.806528,BRFSS,379803,,MMD_NHANES
4.2229877,-6.2613916,BRFSS,83751,,MMD_NHANES
-0.517932,0.26508003,BRFSS,243277,,MMD_NHANES
1.8948659,-3.8159375,BRFSS,115524,,MMD_NHANES
-3.7331583,3.0511866,BRFSS,395896,,MMD_NHANES
-4.834624,5.374346,BRFSS,179357,,MMD_NHANES
3.158289,4.7205935,BRFSS,79848,,MMD_NHANES
9.162725,-2.8888483,NHANES,2961,Non-Hispanic Black,MMD_NHANES
6.592407,4.360753,BRFSS,295680,,MMD_NHANES
4.688586,-4.717682,BRFSS,128883,,MMD_NHANES
-6.270725,-6.1195297,BRFSS,339840,,MMD_NHANES
2.9074335,6.479595,BRFSS,281095,,MMD_NHANES
2.951718,-4.722874,BRFSS,192302,,MMD_NHANES
3.206573,-7.8180237,BRFSS,401950,,MMD_NHANES
-4.8637633,2.1966925,BRFSS,108341,,MMD_NHANES
-15.081697,5.6630654,BRFSS,311513,,MMD_NHANES
14.341649,7.3240566,BRFSS,11679,,MMD_NHANES
-7.223724,-3.4532084,BRFSS,228371,,MMD_NHANES
7.2815332,-5.076993,BRFSS,420597,,MMD_NHANES
-1.978111,-9.676915,BRFSS,22476,,MMD_NHANES
10.718145,3.4284825,BRFSS,446709,,MMD_NHANES
-8.080065,-6.7506065,BRFSS,264976,,MMD_NHANES
3.6455348,3.930959,BRFSS,141317,,MMD_NHANES
4.510604,6.5674605,BRFSS,351941,,MMD_NHANES
2.5192535,-4.5522904,BRFSS,331064,,MMD_NHANES
-14.809774,5.1645074,BRFSS,41212,,MMD_NHANES
8.420717,1.6640615,BRFSS,140056,,MMD_NHANES
-7.0900345,-4.6526184,BRFSS,94357,,MMD_NHANES
-6.5359154,-5.5816765,BRFSS,112305,,MMD_NHANES
9.586582,2.7550552,BRFSS,270330,,MMD_NHANES
11.17178,2.3177822,BRFSS,376622,,MMD_NHANES
-3.3583152,3.39617,NHANES,3024,Non-Hispanic White,MMD_NHANES
-5.2396154,-4.2790403,BRFSS,79082,,MMD_NHANES
9.797658,0.8722523,BRFSS,437184,,MMD_NHANES
-1.5409615,-0.82737905,BRFSS,175521,,MMD_NHANES
10.139669,-0.76523286,BRFSS,228757,,MMD_NHANES
3.9103436,8.246165,BRFSS,383186,,MMD_NHANES
-4.8685713,2.3281212,BRFSS,20422,,MMD_NHANES
11.548675,0.46348432,BRFSS,354057,,MMD_NHANES
-0.08918631,0.38114774,BRFSS,56391,,MMD_NHANES
9.536718,1.8859516,BRFSS,226073,,MMD_NHANES
-15.36047,6.2705717,BRFSS,311394,,MMD_NHANES
-9.3200445,-2.0969212,BRFSS,400232,,MMD_NHANES
1.4527661,3.3606472,BRFSS,253039,,MMD_NHANES
-0.7423956,0.12477669,BRFSS,369976,,MMD_NHANES
-5.8455095,-4.364702,BRFSS,77598,,MMD_NHANES
4.154804,-5.0695395,BRFSS,11854,,MMD_NHANES
9.566173,4.1821203,BRFSS,380193,,MMD_NHANES
2.9359913,-8.142654,BRFSS,322543,,MMD_NHANES
-1.3045818,-0.41188884,BRFSS,87565,,MMD_NHANES
0.44537494,2.622352,BRFSS,387722,,MMD_NHANES
-5.1590276,-4.905798,BRFSS,279931,,MMD_NHANES
5.149382,5.5790358,BRFSS,272007,,MMD_NHANES
